Title,Bedrooms,Bathrooms,Floor_no,Occupancy_status,Floor_area,City,Price_in_taka,Location,price
Valuable 1705 Square Feet Apartment Is Ready To Sale In Kalabagan,3.0,3.0,1,vacant,1705.0,dhaka,"৳16,900,000","Lake Circus Road, Kalabagan",16900000.0
1370 square feet apartment is ready to sale in Shukrabad,3.0,3.0,6,vacant,1370.0,dhaka,"৳12,500,000","Shukrabad, Dhanmondi",12500000.0
Modern 1150 Sq Ft Flat For Sale In Badda,3.0,3.0,3,vacant,1150.0,dhaka,"৳8,800,000","Middle Badda, Badda",8800000.0
Worthy 1397 Sq Ft Nice Flat Is Ready For Sale At Demra,3.0,3.0,8,vacant,1397.0,dhaka,"৳8,000,000","Matuail, Demra",8000000.0
1300 Square Feet Residential Flat With Nicely Built Rooms Is Up For Sale In Shyampur,3.0,3.0,3,vacant,1300.0,dhaka,"৳8,000,000","West Dolairpar, Shyampur",8000000.0
Nice 1300 Sq Ft Flat Is Available For Sale In Shyampur,3.0,3.0,4,vacant,1300.0,dhaka,"৳8,000,000","West Dolairpar, Shyampur",8000000.0
1300 Sq Ft Flat Is Now Vacant For Sale In Shyampur,3.0,3.0,6,vacant,1300.0,dhaka,"৳8,000,000","West Dolairpar, Shyampur",8000000.0
Property In Aftab Nagar– 1500 Sq Ft Flat For Sale,3.0,3.0,5,vacant,1500.0,dhaka,"৳11,000,000","Block H, Aftab Nagar",11000000.0
Uttara Is Offering You A 1450 Sq Ft Residential Apartment Up For Sale,3.0,3.0,3,vacant,1450.0,dhaka,"৳9,500,000","Sector 10, Uttara",9500000.0
Offering you 750 SQ FT flat for sale in Uttara 10,2.0,2.0,2,vacant,750.0,dhaka,"৳6,200,000","Sector 10, Uttara",6200000.0
Vacant Now | 1185 Sq Ft | Three Bedrooms Apt. | Ready To Move,3.0,3.0,5,vacant,1185.0,dhaka,"৳11,000,000","Lake Circus Road, Kalabagan",11000000.0
"In A Great Location Of Bashundhara R-a, Block H, 1610 Sq Ft Apartment Is Up For Sale",3.0,3.0,4,vacant,1610.0,dhaka,"৳13,100,000","Block H, Bashundhara R-A",13100000.0
"You can buy this lovely apartment of 2180 sq ft to live a relaxed life at Bashundhara R-A, Block J",4.0,4.0,7,vacant,2180.0,dhaka,"৳17,500,000","Block J, Bashundhara R-A",17500000.0
Strongly Constructed 1175 Sq Ft Home Is Available To Sale In Baitul Aman Housing Society,3.0,2.0,2,vacant,1175.0,dhaka,"৳8,300,000","Baitul Aman Housing Society, Adabor",8300000.0
Flat For Sale In Mirpur Section 6 Near Mosque,2.0,2.0,1,vacant,650.0,dhaka,"৳3,100,000","Section 6, Mirpur",3100000.0
"1331 Sq Ft Apartment Is Now Available For Sale In Sector 4, Uttara",3.0,4.0,1,vacant,1331.0,dhaka,"৳16,000,000","Sector 4, Uttara",16000000.0
"2 Bedrooms Apartment For Sale In Nobodoy Housing Society, Mohammadpur",2.0,2.0,4,vacant,900.0,dhaka,"৳4,500,000","Nobodoy Housing Society, Mohammadpur",4500000.0
"1350 Sq Ft Flat Sale In Free School Street Road, Kathalbagan",3.0,3.0,2,vacant,1350.0,dhaka,"৳14,200,000","Free School Street, Kathalbagan",14200000.0
Comfortable Flat Is Up For Sale In Pallabi Nearby City Club Ground,3.0,3.0,5,vacant,1200.0,dhaka,"৳7,500,000","Pallabi, Mirpur",7500000.0
Pleasant 1410 Sq Ft Residential Apartment For Sale In Shantinagar,3.0,3.0,4,vacant,1410.0,dhaka,"৳13,800,000","Vashani Goli, Shantinagar",13800000.0
A Standard Lifestyle Is Awaiting You In This 650 Square Feet Flat Up For Sale In Sutrapur,2.0,2.0,5,vacant,650.0,dhaka,"৳4,000,000","Gandaria, Sutrapur",4000000.0
An Apartment For Sale Is All Set For You To Settle In Mohammadpur Close To Dhaka Udyan Government College,3.0,3.0,8th,vacant,1100.0,dhaka,"৳4,700,000","Dhaka Uddan, Mohammadpur",4700000.0
A Flat With All Facilities Is Up For Sale At West Shewrapara Near Baitul Arafa Masjid,3.0,2.0,2,vacant,1220.0,dhaka,"৳5,000,000","West Shewrapara, Mirpur",5000000.0
1240 Square Feet Flat For Sale In The Location Of Shah Ali Bag,3.0,3.0,5,vacant,1240.0,dhaka,"৳7,320,000","Section 1, Mirpur",7320000.0
1700 Sq.Ft. Apartment For Sale In Dakshin Khan Close To Nogoriabari Mohammadia Jame Masjid,3.0,3.0,5,vacant,1700.0,dhaka,"৳6,500,000","South Chalabon, Dakshin Khan",6500000.0
Flat For Sale Covering A Beautiful Area In West Agargaon Nearby Momataj Memorial High School,3.0,3.0,1,vacant,1400.0,dhaka,"৳8,500,000","West Agargaon, Agargaon",8500000.0
Residential Apartment Is For Sale In Mirpur Nearby Baitul Jannah Jame Masjid And Madrasha Complex,3.0,3.0,1,vacant,1050.0,dhaka,"৳4,700,000","Section 6, Mirpur",4700000.0
Nice 1240 Sq Ft Flat Is Available For Sale In Dakkhin Paikpara,3.0,3.0,8,vacant,1240.0,dhaka,"৳8,700,000","Dakkhin Paikpara, Mirpur",8700000.0
1504 Sq Ft Flat Is For Sale In The Thriving Arena Of Keraniganj,3.0,3.0,1,vacant,1504.0,dhaka,"৳7,100,000",Keraniganj,7100000.0
Find 750 Sq Ft Flat Available For Sale In Kadamtali,2.0,2.0,5,vacant,750.0,dhaka,"৳4,000,000","Kadamtali, Shyampur",4000000.0
"Buy This Nice 750 Sq Ft Flat In Kadamtali, To Fulfill Your Wish",2.0,2.0,7,vacant,750.0,dhaka,"৳3,500,000","Kadamtali, Shyampur",3500000.0
2.75 Katha Residential Plot For Sale In Mirpur-11,,,,vacant,1980.0,dhaka,"৳18,000,000","Section 11, Mirpur",18000000.0
Worthy 1585 SQ FT residence is for sale at Aftab Nagar,3.0,5.0,2,vacant,1585.0,dhaka,"৳14,000,000","Block C, Aftab Nagar",14000000.0
1485 Sq ft Apartment with 3 bedrooms For Sale in Mohammadpur,3.0,3.0,8,vacant,1485.0,dhaka,"৳13,200,000","Jahuri Moholla, Mohammadpur",13200000.0
"1545 Sq Ft Flat With 3 Modest Bedrooms For Sale In Mirpur-2, Block C",3.0,3.0,5,vacant,1545.0,dhaka,"৳14,000,000","Section 2, Mirpur",14000000.0
Completely suitable and ready flat of 1050 SQ FT for Sale in Kallyanpur,3.0,3.0,6,vacant,1050.0,dhaka,"৳8,200,000","Kallyanpur, Mirpur",8200000.0
"Near Rampura Thana, 900 Sq.ft And 2 Bedroom Flat For Sale In West Rampura",2.0,2.0,5,vacant,900.0,dhaka,"৳4,100,000","West Rampura, Rampura",4100000.0
1340 Sq.ft Apartment Is For Sale Close To Muslim para Jame Masjid At Madhya Ajampur,3.0,3.0,3,vacant,1340.0,dhaka,"৳6,200,000","Madhya Ajampur, Dakshin Khan",6200000.0
"1400 Sq Ft Flat With 3 Bedrooms Is Up For Sale In Mohammadpur, Mohammadia Housing Society",3.0,3.0,7,vacant,1400.0,dhaka,"৳11,500,000","Mohammadia Housing Society, Mohammadpur",11500000.0
A Nicely Build 1275 Sq Ft And 3 Bedroom Apartment Is Vacant For Sale In Uttar Badda .,3.0,3.0,3,vacant,1275.0,dhaka,"৳8,000,000","Uttar Badda, Badda",8000000.0
"Spacious Office Space Of 1245 Sq Ft Is Waiting For sale In Block C, Niketan",,,3,vacant,1245.0,dhaka,"৳15,500,000","Block C, Niketan",15500000.0
"An Apartment Is Up For Sale In Ibrahimpur, Near Ibrahimpur Central Jame Masjid.",2.0,2.0,5,vacant,1050.0,dhaka,"৳4,800,000","North Ibrahimpur, Ibrahimpur",4800000.0
A Decent Apartment In Mohakhali Near Jabala ICDDRB Is Up For Sale,2.0,2.0,5,vacant,850.0,dhaka,"৳5,500,000","Dakhshin Para, Mohakhali",5500000.0
Flat For Sale In West Agargaon Nearby Bangladesh Public Service Commission,3.0,4.0,2,vacant,1440.0,dhaka,"৳7,300,000","West Agargaon, Agargaon",7300000.0
"You Can Move Into This Well Planned And Comfortable Residential Flat In Uttara Sector 11 For Sale , Of 948 Sq Ft, Near Shaheed Monsur Ali Medical College And Hospital",2.0,3.0,5,vacant,948.0,dhaka,"৳7,000,000","Sector 11, Uttara",7000000.0
Convenient 800 Square Feet Apartment For Sale In Dhanmondi,2.0,2.0,6,vacant,800.0,dhaka,"৳6,950,000","North Circular Road, Dhanmondi",6950000.0
A 1220 Sq Ft Home Is Available To Sale In West Shewrapara,3.0,2.0,6,vacant,1220.0,dhaka,"৳5,000,000","West Shewrapara, Mirpur",5000000.0
1040 Sq Ft Properly Developed Flat For Sale In Rajanigandha Residential Area,2.0,2.0,1,vacant,1040.0,dhaka,"৳6,500,000","Section 15, Mirpur",6500000.0
"A 1620 Sq Ft Residential Apartment For Sale, In Block C, Khilgaon",3.0,3.0,4,vacant,1620.0,dhaka,"৳16,500,000","Block C, Khilgaon",16500000.0
Flat For Sale Covering A Beautiful Area In Bashundhara R-a Nearby Basundhara Residential Area Puja Mondop.,3.0,3.0,4,vacant,1550.0,dhaka,"৳14,500,000","Block I, Bashundhara R-A",14500000.0
"1000 Sq Ft Apartment For Sale In Pallabi, Mirpur",2.0,2.0,5,vacant,1000.0,dhaka,"৳5,500,000","Pallabi, Mirpur",5500000.0
A Standard Apartment In Mirpur Near To M.A Zabbar Memorial High School Is Up For Sale,2.0,2.0,2,vacant,740.0,dhaka,"৳4,000,000","Pirerbag, Mirpur",4000000.0
An Attractively Designed 1250 Sq Ft Apartment For Sale In Mirpur Section 10,3.0,3.0,6,vacant,1250.0,dhaka,"৳7,800,000","Section 10, Mirpur",7800000.0
"Buy This Modest 1430 Sq Ft Flat In Bashundhara R-a, Block J",3.0,3.0,5,vacant,1430.0,dhaka,"৳12,000,000","Block J, Bashundhara R-A",12000000.0
Celebrate Life Each Day In Your New Apartment Of 1690 Sq Ft At Boro Maghbazar With Your Beloved Family,3.0,3.0,1,vacant,1690.0,dhaka,"৳14,800,000","Boro Maghbazar, Maghbazar",14800000.0
A 1330 Square Ft. Apartment Is For Sale At Banasree,3.0,3.0,1,vacant,1330.0,dhaka,"৳7,900,000","Block B, Banasree",7900000.0
An Impressive 1230 Sq Ft Residential Apartment Is Up For Sale In The Center Of East Shewrapara Near To Jheelpar Jame Masjid,3.0,3.0,2,vacant,1230.0,dhaka,"৳7,400,000","East Shewrapara, Mirpur",7400000.0
An Apartment Of 1700 Sq Ft Is Ready For Sale At Uttara,3.0,3.0,7,vacant,1700.0,dhaka,"৳17,000,000","Sector 7, Uttara",17000000.0
"1300 Sq Ft Residential Apartment Is Up For Sale At Uttara, Sector 10",3.0,3.0,6,vacant,1300.0,dhaka,"৳8,000,000","Sector 10, Uttara",8000000.0
A Convenient 1175 Sq Ft Residential Apartment Is Prepared For Sale At South Pirerbag,3.0,2.0,6,vacant,1175.0,dhaka,"৳6,300,000","Pirerbag, Mirpur",6300000.0
"In East Monipur , 1265 Square Feet Apartment Is For Sale.",3.0,3.0,6,vacant,1265.0,dhaka,"৳8,500,000","East Monipur, Mirpur",8500000.0
"Residential Apartment For Sale in Tipu Sultan Road, Middle Pirerbag",3.0,2.0,7,vacant,1000.0,dhaka,"৳5,700,000","Pirerbag, Mirpur",5700000.0
A Delightful Apartment Of 1554 Sq Ft Is Ready For Sale In A Great Location Of Pallabi,3.0,3.0,1,vacant,1554.0,dhaka,"৳11,500,000","Pallabi, Mirpur",11500000.0
1570 Sq Ft Flat For Sale In Imandipur Road near Imandipur Government Primary School,3.0,3.0,8,vacant,1570.0,dhaka,"৳5,600,000","Imandipur, Savar",5600000.0
Visit This Apartment For Sale In East Monipur Near Life Aid Specialized Hospital Pvt. Ltd.,3.0,2.0,5,vacant,1050.0,dhaka,"৳4,500,000","East Monipur, Mirpur",4500000.0
Check This Nice 815 Sq Ft Flat For Sale At East Monipur Nearby Monipur Baitur Rowshon Jame Masjid,2.0,2.0,6,vacant,815.0,dhaka,"৳4,200,000","East Monipur, Mirpur",4200000.0
Commodious 1590 Sq Ft Flat For Sale In Banasree,3.0,3.0,6,vacant,1590.0,dhaka,"৳11,200,000","Block B, Banasree",11200000.0
"Grab This 800 Square Feet Apartment For Sale In Bashundhara, Block J",2.0,2.0,4,vacant,800.0,dhaka,"৳8,600,000","Block J, Bashundhara R-A",8600000.0
950 Sq Ft Flat Featuring 3 Bedrooms For Sale In Malibagh,3.0,2.0,2,vacant,950.0,dhaka,"৳6,000,000","Gulbag, Malibagh",6000000.0
"Start Residing In This 1230 Sq Ft, Properly Developed Apartment For Sale, In West Shewrapara",2.0,2.0,6,vacant,1230.0,dhaka,"৳5,000,000","West Shewrapara, Mirpur",5000000.0
"1150 Sq Ft Apartment With Serene Views Is Up For Sale In Middle Monipur, Mirpur",3.0,2.0,7,vacant,1150.0,dhaka,"৳6,500,000","Middle Monipur, Mirpur",6500000.0
"Make Sure To Buy This 1150 Sq Ft Apartment, If You Are Looking For A Permanent Residence In Middle Monipur",3.0,2.0,7,vacant,1150.0,dhaka,"৳6,500,000","Middle Monipur, Mirpur",6500000.0
1150 Sq.ft Apartment Is Available For Sale In West Manikdi Which Is Tailored To Your Highest Standards,3.0,3.0,7,vacant,1150.0,dhaka,"৳6,700,000","Manikdi, Cantonment",6700000.0
"Plan Your Urban Life In This 1250 Sq Ft Flat For Sale In Mirpur, East Kazipara",3.0,3.0,2,vacant,1250.0,dhaka,"৳7,600,000","East Kazipara, Mirpur",7600000.0
"Get Ready To Buy This Great Home Of 860 sft In Mirpur, Rupnagar R/a",2.0,2.0,2,vacant,860.0,dhaka,"৳4,900,000","Rupnagar R/A, Mirpur",4900000.0
1050 Square Feet Residential Apartment For Sale At West Kazipara Nearby Baish Bari Masjid,3.0,2.0,1,vacant,1050.0,dhaka,"৳6,200,000","West Kazipara, Mirpur",6200000.0
Buy This 1375 Sq Ft Apartment In Mirpur-6,3.0,3.0,5,vacant,1375.0,dhaka,"৳12,100,000","Section 6, Mirpur",12100000.0
Worthy 900 SQ FT residence is for sale at North Pirerbag,3.0,2.0,2,vacant,900.0,dhaka,"৳5,000,000","Pirerbag, Mirpur",5000000.0
"This 1008 Sq.Ft Convenient Flat Is For Sale In Shadheenata Sharani, Mirpur 10.",3.0,3.0,5,vacant,1008.0,dhaka,"৳4,838,400","Section 10, Mirpur",4838400.0
For Selling Purpose This 1055 Sq.Ft Flat Is Now Vacant In Army Housing Society Road-Moushair .,3.0,2.0,3,vacant,1055.0,dhaka,"৳5,300,000","Moushair, Dakshin Khan",5300000.0
Grab This 1800 Sq.Ft Apartment Up For Sale At Bashundhara R-A Beside Viquarunnisa Noon School and College,3.0,3.0,5,vacant,1800.0,dhaka,"৳16,000,000","Block F, Bashundhara R-A",16000000.0
1250 Square Feet-3 Bedroom Residential Apartment For Sale Close To East Ahmed Nagar Baitul Ekram Masjid.,3.0,3.0,2,vacant,1250.0,dhaka,"৳5,250,000","Ahmed Nagar, Mirpur",5250000.0
A 2146 Sq. Ft Residential Building For Sale Is All Set For You To Settle In Dendabor.,8.0,4.0,,vacant,2146.0,dhaka,"৳10,500,000","Ashulia, Savar",10500000.0
"Let Us Assist You To Buy This 900 Sq.Ft Flat At Sugandha Housing, Hemayetpur Summiting The Vision About Your Future Home.",3.0,2.0,9,vacant,900.0,dhaka,"৳2,900,000","Hemayetpur, Savar",2900000.0
"1050 Sq Ft Flat For Sale In Radio Colony, Savar",2.0,2.0,6,vacant,1050.0,dhaka,"৳3,360,000","Radio Colony, Savar",3360000.0
Find 1250 SQ FT flat available for sale in Bashundhara R-A,3.0,3.0,2,vacant,1250.0,dhaka,"৳11,500,000","Block C, Bashundhara R-A",11500000.0
"Offering You An Excellent 1675 Sq Ft Flat For Sale In Shah Ali Bag, Mirpur",3.0,3.0,9,vacant,1675.0,dhaka,"৳9,712,500","Section 1, Mirpur",9712500.0
"Worthy 1300 Sq Ft Residential Apartment Is For Sale At Ahmed Nagar, Mirpur",3.0,3.0,1,vacant,1300.0,dhaka,"৳7,500,000","Ahmed Nagar, Mirpur",7500000.0
"An Apartment Is Ready For Sale At Uttara -9, Near Uttara Ideal College",3.0,2.0,5,vacant,986.0,dhaka,"৳6,200,000","Sector 9, Uttara",6200000.0
Visit This Apartment For Sale In Dakshin Khan Near Nogoriabari Mohammadia Jame Masjid,2.0,2.0,5,vacant,920.0,dhaka,"৳3,300,000","South Chalabon, Dakshin Khan",3300000.0
Flat For Sale In Agargaon Close To Agargaon Jame Masjid,3.0,3.0,1,vacant,1275.0,dhaka,"৳8,500,000","West Agargaon, Agargaon",8500000.0
1400 Sq Ft Flat Is Available For Sale In Mirpur 12 Nearby City Bank,3.0,3.0,2,vacant,1400.0,dhaka,"৳7,800,000","Section 12, Mirpur",7800000.0
A Reasonable Apartment Is Available For Sale At Mirpur-10,3.0,2.0,4,vacant,1075.0,dhaka,"৳5,500,000","Section 10, Mirpur",5500000.0
"Nice Flat Can Be Found In Uttara For Sale, Near Friends Club Playground",3.0,3.0,1,vacant,1300.0,dhaka,"৳9,600,000","Sector 5, Uttara",9600000.0
Ready Apartment For Sale At Ashkona Nearby Chad Jame Masjid,3.0,3.0,2,vacant,1135.0,dhaka,"৳7,500,000","Ashkona, Dakshin Khan",7500000.0
"Nearly Finished Apartment Is Up For Sale In Mirpur Section 10, Near To Darland International School",2.0,2.0,2,vacant,855.0,dhaka,"৳4,702,500","Section 10, Mirpur",4702500.0
"Convenient Flat Is Up For Sale In Rampura Nearby Rupali Bank Limited, Rampura Branch",3.0,3.0,2,vacant,1425.0,dhaka,"৳9,000,000","East Rampura, Rampura",9000000.0
We Bring You A Beautiful And Distinct Flat Of 2000 Sq Ft For Sale In Baitul Aman Housing Society,4.0,4.0,4,vacant,2000.0,dhaka,"৳14,800,000","Baitul Aman Housing Society, Adabor",14800000.0
Buy This 1600 Sq Ft Beautiful Apartment In Uttara-12,3.0,3.0,2,vacant,1600.0,dhaka,"৳14,000,000","Sector 12, Uttara",14000000.0
"1550 Sq Ft Nice Flat For Sale In Aftab Nagar, Block C",3.0,4.0,9,vacant,1550.0,dhaka,"৳15,000,000","Block C, Aftab Nagar",15000000.0
850 Sq Ft Flat For Sale In South Badda,2.0,2.0,1,vacant,850.0,dhaka,"৳5,000,000","South Badda, Badda",5000000.0
Nearly Finished 1380 Sq Ft Flat For Sale In Aftab Nagar,3.0,3.0,3,vacant,1380.0,dhaka,"৳9,500,000","Block E, Aftab Nagar",9500000.0
"You Can Buy This Lovely Apartment Of 1350 Sq Ft For Live A Relaxed Life At Banasree, Block C",3.0,3.0,8,vacant,1350.0,dhaka,"৳11,300,000","Block C, Banasree",11300000.0
1470 Sq Ft Flat Is For Sale In Mansurabad Housing Society Nearby Baitur Rahman Jame Mosque,3.0,3.0,2,vacant,1470.0,dhaka,"৳7,000,000","Mansurabad Housing Society, Adabor",7000000.0
We are offering you a very spacious 1090 SQ FT flat for Sale in Mirpur near to Holy Crescent School,3.0,2.0,1,vacant,1090.0,dhaka,"৳5,500,000","West Shewrapara, Mirpur",5500000.0
"1220 Sq Ft Flat For Sale In Banasree, Block G",3.0,2.0,7,vacant,1220.0,dhaka,"৳8,000,000","Block G, Banasree",8000000.0
"Live Permanently In A 1550 Sq Ft Property, Which Is Up For Sale Located At Uttar Badda",3.0,3.0,2,vacant,1550.0,dhaka,"৳14,500,000","Uttar Badda, Badda",14500000.0
Reasonable 1654 Sq Ft Apartment For Sale In Uttara 18,3.0,4.0,5,vacant,1654.0,dhaka,"৳12,500,000","Sector 18, Uttara",12500000.0
Flat Is Ready For Sale In East Kazipara Near To Bank Asia Agent Banking,3.0,2.0,2,vacant,975.0,dhaka,"৳4,000,000","East Kazipara, Mirpur",4000000.0
740 Square Feet Residential Flat Is Ready To Sale At Middle Pirerbag,2.0,2.0,4,vacant,740.0,dhaka,"৳3,500,000","Pirerbag, Mirpur",3500000.0
"1370 Sq Ft Apartment Is Available For Sale In Middle Badda, Adarsha Nagar",3.0,3.0,5,vacant,1370.0,dhaka,"৳9,200,000","Middle Badda, Badda",9200000.0
"950 Sq Ft Apartment For Sale In Dakshin Khan, Near Islami Bank Bd Ltd.",3.0,2.0,2,vacant,950.0,dhaka,"৳4,000,000","Moushair, Dakshin Khan",4000000.0
"A 1,365 Sq Ft Flat Is Up For Sale In A Well Secured Location Of Uttar Badda",3.0,3.0,3,vacant,1365.0,dhaka,"৳8,540,000","Uttar Badda, Badda",8540000.0
Favorable 1128 SFT 3 Bedroom Flat For Sale In Badda,3.0,3.0,3,vacant,1128.0,dhaka,"৳7,118,000","Uttar Badda, Badda",7118000.0
Don’t Miss Out On This Attractive 3 Bedroom Flat For Sale In Middle Badda!,3.0,3.0,6,vacant,1388.0,dhaka,"৳9,600,000","Middle Badda, Badda",9600000.0
"Reside In This 1530 Sq Ft Residential Flat For Sale In Mirpur, Paikpara",4.0,3.0,5,vacant,1530.0,dhaka,"৳11,500,000","Paikpara, Mirpur",11500000.0
"Lovely Apartment Of 1200 Sq Ft Is Up For Sale In Section 1, Mirpur",3.0,3.0,4,vacant,1200.0,dhaka,"৳8,700,000","Section 1, Mirpur",8700000.0
"A Nicely Constructed Apartment Of 1200 Sq Ft Is Available Right Now For Sale In Section 1, Mirpur",3.0,3.0,2,vacant,1200.0,dhaka,"৳8,700,000","Section 1, Mirpur",8700000.0
Your Desirable Cozy Flat Of 1250 Sq Ft Is Ready For Sale In Aftab Nagar,3.0,3.0,7,vacant,1250.0,dhaka,"৳7,600,000","Block C, Aftab Nagar",7600000.0
Visit This Apartment For Sale In Mirpur Near Popular Diagnostic Center Limited.,3.0,3.0,4,vacant,1550.0,dhaka,"৳9,500,000","Section 6, Mirpur",9500000.0
An Apartment Of 1550 Sq.ft Is For Sale In The Location Of Bashundhara R-a Near The Aga Khan School.,3.0,3.0,1,vacant,1550.0,dhaka,"৳12,500,000","Block G, Bashundhara R-A",12500000.0
An Adequate 3 Bedroom Apartment Is For Sale In The Location Of Bashundhara R-a Near The Aga Khan School.,3.0,3.0,4,vacant,1550.0,dhaka,"৳12,500,000","Block G, Bashundhara R-A",12500000.0
"Buy This 350 Square Feet Apartment In Bashundhara R-a, Block C",1.0,1.0,3,vacant,350.0,dhaka,"৳5,500,000","Block C, Bashundhara R-A",5500000.0
Nearly Finished 1600 Square Feet Apartment For Sale In Uttara,3.0,3.0,8,vacant,1600.0,dhaka,"৳16,000,000","Sector 15, Uttara",16000000.0
1600 Square Feet 3 Beds Family Apartment For Sale In Uttara,3.0,3.0,4,vacant,1600.0,dhaka,"৳16,000,000","Sector 15, Uttara",16000000.0
This beautiful 1800 sq ft flat located in Uttara is now available | For sale,3.0,3.0,3,vacant,1800.0,dhaka,"৳18,000,000","Sector 13, Uttara",18000000.0
"Buy This 1439 Sq Ft Apartment In Bashundhara R-a, Block B",3.0,3.0,3,vacant,1439.0,dhaka,"৳13,000,000","Block B, Bashundhara R-A",13000000.0
"Buy This 1505 Sq Ft Flat In Middle Badda, Adarsha Nagar",3.0,3.0,3,vacant,1505.0,dhaka,"৳11,500,000","Middle Badda, Badda",11500000.0
1605 Sq Feet | Flat For Sale | Uttara,3.0,4.0,3,vacant,1605.0,dhaka,"৳17,000,000","Sector 11, Uttara",17000000.0
1537 Square Feet Flat With 3 Bedrooms Is Available For Sale In Bashundhara R/a,3.0,3.0,5,vacant,1537.0,dhaka,"৳14,500,000","Block K, Bashundhara R-A",14500000.0
"Offering You A 1700 Sq Ft Flat For Sale In Block E, Bashundhara R-A",3.0,3.0,3,vacant,1700.0,dhaka,"৳16,150,000","Block E, Bashundhara R-A",16150000.0
"1700 Sq Ft Flat For Sale In Block E, Bashundhara R-A",3.0,3.0,3,vacant,1700.0,dhaka,"৳16,150,000","Block E, Bashundhara R-A",16150000.0
"Buy This 1100 Sq Ft Flat In Cantonment, Matikata",3.0,2.0,2,vacant,1100.0,dhaka,"৳6,000,000","Matikata, Cantonment",6000000.0
"1450 Sq Ft Apartment For Sale In Bashundhara R-a, Block B",3.0,3.0,4,vacant,1450.0,dhaka,"৳13,100,000","Block B, Bashundhara R-A",13100000.0
Buy This 1225 Square Feet Flat Available In Bashundhara R-a,3.0,3.0,3,vacant,1225.0,dhaka,"৳11,000,000","Bashundhara Road, Bashundhara R-A",11000000.0
1400 Sq Ft Residential Apartment For Sale At Pallabi,3.0,3.0,2,vacant,1400.0,dhaka,"৳7,800,000","Pallabi, Mirpur",7800000.0
"Looking For A Perfect Family Home To Buy In Banasree, Check This 1450 Sq Ft Well Featured Flat.",3.0,4.0,4,vacant,1450.0,dhaka,"৳14,285,000","Block G, Banasree",14285000.0
860 Sq Ft Apartment Is For Sale In Mirpur-1,2.0,2.0,4,vacant,860.0,dhaka,"৳5,590,000","Section 1, Mirpur",5590000.0
1085 Square Feet Residential Flat For Sale In Dakshin Khan,3.0,2.0,7,vacant,1085.0,dhaka,"৳6,000,000","South Mollartek, Dakshin Khan",6000000.0
"1255 Sq Ft Residential Apartment For Sale in Dhanmondi, Circular Road",3.0,3.0,7,vacant,1255.0,dhaka,"৳13,805,000","Circular Road, Dhanmondi",13805000.0
"1910 Sq Ft Apartment Is Up For Sale In Banasree, Block J",4.0,4.0,4,vacant,1910.0,dhaka,"৳13,752,000","Block J, Banasree",13752000.0
"In the location of Mirpur, very close to Medicine Point is up for sale",2.0,2.0,5,vacant,800.0,dhaka,"৳3,700,000","Section 6, Mirpur",3700000.0
An apartment located on Mirpur near to BSMR Maritime University is waiting for you to make it home!,3.0,3.0,1,vacant,1245.0,dhaka,"৳4,500,000","Pallabi, Mirpur",4500000.0
"Make this flat your next residing location, which is up for Sale in Dakshin Khan Near Ashkona Jame Masjid",3.0,2.0,5,vacant,1250.0,dhaka,"৳4,500,000","Aainusbag, Dakshin Khan",4500000.0
"Flat up for sale in Rupnagar R/A area, near Jaman Plaza",3.0,2.0,4,vacant,1000.0,dhaka,"৳5,100,000","Rupnagar R/A, Mirpur",5100000.0
A Shop Is Up For Sale In Faydabad Near Homes Laboratory School.,,,,vacant,216.0,dhaka,"৳6,000,000","Faydabad, Dakshin Khan",6000000.0
In Mirpur Apartment Can Be Found For Sale Near Shaheed Zia Girls Laboratory School,2.0,2.0,4,vacant,650.0,dhaka,"৳2,200,000","Section 12, Mirpur",2200000.0
An Apartment Which Is Up For Sale At Mirpur Near To M.D.C. Model Institute,2.0,2.0,3,vacant,650.0,dhaka,"৳2,300,000","Section 12, Mirpur",2300000.0
3 Bedrooms Apartment With A View Is Up For Sale,3.0,3.0,5,vacant,1250.0,dhaka,"৳11,500,000","Shiddheswari Lane, Shiddheswari",11500000.0
"In The Location Of Mirpur, Close To Delta Medical College And Hospital A Flat Is Up For Sale.",3.0,2.0,5,vacant,1300.0,dhaka,"৳7,000,000","Section 1, Mirpur",7000000.0
Visit This Flat For Sale In Uttara Nearby Shaheed Monsur Ali Medical College And Hospital,3.0,3.0,1,vacant,1500.0,dhaka,"৳9,000,000","Sector 10, Uttara",9000000.0
A Fine Flat Is Now For Sale Which Is In Mirpur Near Popular Diagnostic Center Limited,3.0,4.0,5,vacant,1460.0,dhaka,"৳11,000,000","Section 6, Mirpur",11000000.0
Visit this apartment for sale in Mirpur near Nurani Jame Masjid,3.0,2.0,6,vacant,1100.0,dhaka,"৳3,800,000","Section 2, Mirpur",3800000.0
"An apartment ready for sale at Mirpur, near Mainuddin Medical Hall",2.0,2.0,3,vacant,650.0,dhaka,"৳3,000,000","Section 10, Mirpur",3000000.0
"Apartment for sale includes 1578 SQ Ft at Mirpur, near Shah Ali Police Station",3.0,4.0,4,vacant,1578.0,dhaka,"৳12,000,000","Section 2, Mirpur",12000000.0
Check this 1584 SQ FT apartment up for sale at Mirpur very near to Aklima General Hospital LTD,3.0,4.0,2,vacant,1584.0,dhaka,"৳12,000,000","Section 2, Mirpur",12000000.0
Choose Your Destination At This Nice Flat Which Is Available For Sale In Uttara Near Uttara Model Town Post Office,3.0,3.0,4,vacant,1500.0,dhaka,"৳8,800,000","Sector 3, Uttara",8800000.0
"At Mohammadpur, Nice Flat Up For Sale Near Millennium Heart &amp; General Hospital Ltd.",2.0,2.0,3,vacant,1050.0,dhaka,"৳5,500,000","Zakir Hosain Road, Mohammadpur",5500000.0
Visit this apartment for sale of 1703 SQ FT in Mirpur near Jannat Academy High School.,3.0,3.0,6,vacant,1703.0,dhaka,"৳8,855,600","Section 11, Mirpur",8855600.0
"Apartment Up For Sale In Mirpur, Near Baitur Rahmat Jame Masjid",2.0,2.0,6,vacant,1000.0,dhaka,"৳4,000,000","Arambag Residential Area, Mirpur",4000000.0
"A 2300 Square Ft. Residential Apartment For Sale At Bashundhara R-A, Block J.",4.0,4.0,1,vacant,2300.0,dhaka,"৳15,000,000","Block J, Bashundhara R-A",15000000.0
"2300 Sq Ft Flat With Comfiest Home Facilities, Is Up For Sale In Bashundhara R-a, Block J",4.0,4.0,5,vacant,2300.0,dhaka,"৳15,000,000","Block J, Bashundhara R-A",15000000.0
"1365 Sq Ft Flat With Serene Balcony Views Is For Sale In Mirpur-10, Senpara Parbata",3.0,3.0,7,vacant,1365.0,dhaka,"৳7,507,500","Section 10, Mirpur",7507500.0
1365 Sq Ft Flat With 3 Bedrooms Is Up For Sale In Mirpur-10,3.0,3.0,9,vacant,1365.0,dhaka,"৳7,507,500","Section 10, Mirpur",7507500.0
1365 Sq Ft Flat Is Up For Sale In Mirpur-10,3.0,3.0,9,vacant,1365.0,dhaka,"৳7,507,500","Section 10, Mirpur",7507500.0
Appreciate Your Days In This 1365 Sq Ft Flat For Sale With Best Room Facilities In Mirpur-10,3.0,3.0,9,vacant,1365.0,dhaka,"৳7,507,500","Section 10, Mirpur",7507500.0
"Buy This Nice Flat Of 1900 Sq Ft, Which Is Located At Jagannathpur, Badda",6.0,6.0,5,vacant,1900.0,dhaka,"৳10,000,000","Jagannathpur, Badda",10000000.0
"A 2156 Square Feet Residential Flat Is Up For Sale At Block J, Bashundhara R-a",3.0,3.0,5,vacant,2156.0,dhaka,"৳17,000,000","Block J, Bashundhara R-A",17000000.0
"This Flat In Shapla Housing , Agargaon Is Up For Sale With An Area Of 1300 Sq.ft",3.0,3.0,9,vacant,1300.0,dhaka,"৳9,750,000","West Agargaon, Agargaon",9750000.0
"Covering 1360 Sq Ft Space A Flat Is Up For Sale In Block I, Bashundhara R-a",3.0,3.0,6,vacant,1360.0,dhaka,"৳10,000,000","Block I, Bashundhara R-A",10000000.0
1332 Sq Ft Residential Apartment Is Up For Sale In Dakkhin Paikpara,3.0,3.0,1,vacant,1332.0,dhaka,"৳5,594,400","Dakkhin Paikpara, Mirpur",5594400.0
4.53 Katha Plot with full building is now available for sale in Rajashon,,,,vacant,3262.0,dhaka,"৳4,500,000","Rajashon, Savar",4500000.0
Your Desired Large 2 Bedroom Home In Mohammadpur Very Close To Mohammadpur Police Camp Is Now Vacant For Sale,2.0,2.0,2,vacant,850.0,dhaka,"৳5,100,000","Bash Bari Road, Mohammadpur",5100000.0
We Have A 1295 Sq.Ft Flat For Sale In Taltola .,3.0,2.0,7,vacant,1295.0,dhaka,"৳6,500,000","Taltola, Agargaon",6500000.0
"If You Want To Reside In Mirpur DOHS, Check This 1100 Sq Ft Flat Which Is Up For Sale.",3.0,2.0,1,vacant,1100.0,dhaka,"৳9,500,000","Mirpur DOHS, Mirpur",9500000.0
At Uttara-12 We Have A 1050 Sq.Ft Ready Flat For Sale.,3.0,2.0,5,vacant,1050.0,dhaka,"৳5,500,000","Sector 12, Uttara",5500000.0
4 Katha Residential Plot Is Up For Sale At Kushumbag Close To Kalibari Temple,,,,vacant,2880.0,dhaka,"৳18,000,000","Rajarbag, Bashabo",18000000.0
"1425 Sq Ft Flat For Sale In West Shewrapara, Mirpur",3.0,3.0,1,vacant,1425.0,dhaka,"৳8,537,500","West Shewrapara, Mirpur",8537500.0
Your Desirable Cozy Flat of 1425 sq ft Is Ready For Sale In West Shewrapara Near North South International School,3.0,3.0,7,vacant,1425.0,dhaka,"৳8,537,500","West Shewrapara, Mirpur",8537500.0
Cantonment Is Giving You A 1410 Sq Ft Apartment Available For Sale,3.0,3.0,4,vacant,1410.0,dhaka,"৳7,000,000","Bagan Bari, Cantonment",7000000.0
A 860 Square Feet Apartment Is For Sale In The Location Of Rupnagar R/A.,2.0,2.0,6,vacant,860.0,dhaka,"৳4,500,000","Rupnagar R/A, Mirpur",4500000.0
View This 1254 Sq Ft Apartment Is Available For Sale At Cantonment,3.0,3.0,2,vacant,1254.0,dhaka,"৳5,500,000","Manikdi, Cantonment",5500000.0
In Mirpur DOHS A Standard 1195 Sq.Ft Flat Is For Sale.,3.0,3.0,2,vacant,1195.0,dhaka,"৳8,500,000","Mirpur DOHS, Mirpur",8500000.0
This Wonderful Flat Is Set For Sale With An Amazing Floor Plan Which Is 1800 Sq Ft In Pirerbag,3.0,4.0,9,vacant,1800.0,dhaka,"৳7,500,000","Pirerbag, Mirpur",7500000.0
Obtain This Well Fitted Flat Of 1860 Sq Ft Which Is Up For Sale In Bashundhara R-a,3.0,3.0,7,vacant,1860.0,dhaka,"৳12,000,000","Block J, Bashundhara R-A",12000000.0
A Fine 1654 Sq Ft Flat Is Now For Sale Which Is In Uttara Sector 18.,3.0,4.0,1,vacant,1654.0,dhaka,"৳8,500,000","Sector 18, Uttara",8500000.0
950 Sq. Ft. Flat Ready For Sale At North Pirerbag.,3.0,2.0,3,vacant,950.0,dhaka,"৳3,500,000","Pirerbag, Mirpur",3500000.0
"In The Location Of Cantonment , Close To Alabdirtek Jame Mosque A Flat Is Up For Sale",3.0,2.0,9,vacant,1070.0,dhaka,"৳3,800,000","Goltek, Cantonment",3800000.0
An Apartment Which Is Up For Sale At Mirpur Near To Aloron International School &amp; College,3.0,3.0,1,vacant,1400.0,dhaka,"৳7,000,000","Ahmed Nagar, Mirpur",7000000.0
Visit This Apartment For Sale In Mirpur Near Halim Foundation Model High School,4.0,4.0,2,vacant,1451.0,dhaka,"৳7,500,000","West Shewrapara, Mirpur",7500000.0
"This Ready Apartment At Mirpur, Near Masjidul Juma Is Up For Sale.",2.0,2.0,3,vacant,650.0,dhaka,"৳2,700,000","Section 12, Mirpur",2700000.0
A Nice Flat Is For Sale In Mohammadpur Nearby Alhaj Mockbul Hossain University College,2.0,2.0,2,vacant,940.0,dhaka,"৳4,800,000","Katashur, Mohammadpur",4800000.0
Offering You A Nice Flat For Sale In Uttara Near Asian University Of Bangladesh,3.0,3.0,5,vacant,1554.0,dhaka,"৳13,500,000","Sector 6, Uttara",13500000.0
This 368 Sq. Ft Shop Is Up For Sale In Malibagh Near Standard Bank Limited,,,1,vacant,368.0,dhaka,"৳11,040,000","Malibag Bazar Rd, Malibagh",11040000.0
3 Bedroom &amp; 3 Bathroom Apartment Which Is Up For Sale At Aftab Nagar,3.0,3.0,5,vacant,1300.0,dhaka,"৳8,300,000","Block E, Aftab Nagar",8300000.0
"At Aftab Nagar Near To Gazi Jame Mosjid, A 1300 Sq. Ft Apartment Which Is Up For Sale",3.0,3.0,6,vacant,1300.0,dhaka,"৳8,300,000","Block E, Aftab Nagar",8300000.0
An Apartment Which Is Up For Sale At Ahmed Nagar Near To Ahmed Nagar Darul Islam Jame Masjid.,3.0,2.0,6,vacant,1276.0,dhaka,"৳4,000,000","Ahmed Nagar, Mirpur",4000000.0
Well Developed Flat Is Up For Sale In Bashundhara R-A Nearby Playpan School.,3.0,3.0,5,vacant,1400.0,dhaka,"৳12,500,000","Block I, Bashundhara R-A",12500000.0
Apartment For Sale Is All Set For You To Settle In Uttara Close To Trust Bank Limited ATM Booth,3.0,3.0,4,vacant,1320.0,dhaka,"৳9,130,000","Sector 10, Uttara",9130000.0
A Fascinating Apartment In Dakshin Khan Near To Ark Hospital Is Ready For Sale,3.0,3.0,3,vacant,1320.0,dhaka,"৳5,000,000","East Azampur, Dakshin Khan",5000000.0
"A Rightly Planned 1517 Sq Ft Residence Is Found For Sale In Uttara, Near Mugda Medical College And Hospital",3.0,3.0,5,vacant,1517.0,dhaka,"৳11,500,000","Sector 10, Uttara",11500000.0
Buy This 855 Sq Ft Nice Flat In North Goran,3.0,2.0,5,vacant,875.0,dhaka,"৳5,700,000","North Goran, Khilgaon",5700000.0
Buy This 1650 Sq Ft Office In Ibrahimpur Bazar Road,,,3,vacant,1650.0,dhaka,"৳10,000,000","Ibrahimpur Bazar Road, Ibrahimpur",10000000.0
"630 Sq Ft Residential Apartment For Sale In Mirpur, Rupnagar R/a",2.0,1.0,2,vacant,630.0,dhaka,"৳3,500,000","Rupnagar R/A, Mirpur",3500000.0
Create your home in a 800 SQ FT apartment for sale in Rupnagar R/A,2.0,2.0,5,vacant,800.0,dhaka,"৳5,300,000","Rupnagar R/A, Mirpur",5300000.0
"1560 Square Feet Apartment For Sale In The Great Area Of Bashundhara R-a, Block L",3.0,3.0,1,vacant,1560.0,dhaka,"৳14,000,000","Block L, Bashundhara R-A",14000000.0
1802 SQ FT Apartment for Sale in Uttara nearby Police Station,3.0,3.0,2,vacant,1802.0,dhaka,"৳16,000,000","Sector 4, Uttara",16000000.0
"Make this 1000 SQ FT flat your next residing location, which is up for sale in Jigatola",3.0,2.0,2,vacant,1000.0,dhaka,"৳7,300,000","Jigatola, Hazaribag",7300000.0
Offering You 1720 Sq Ft Flat For Sale In Hazaribag,4.0,4.0,2,vacant,1720.0,dhaka,"৳14,000,000","Jigatola, Hazaribag",14000000.0
Ready Flat Is Now For Sale In Rampura Nearby Mercantile Bank Limited,3.0,3.0,2,vacant,1245.0,dhaka,"৳7,100,000","West Rampura, Rampura",7100000.0
A Well Sized 1200 Sq Ft Residential Home Is Available For Sale At Baigertek,3.0,3.0,5,vacant,1200.0,dhaka,"৳5,000,000","Baigertek, Cantonment",5000000.0
Worthy 925 Sq Ft Residence Is For Sale At Banasree,2.0,2.0,4,vacant,925.0,dhaka,"৳6,800,000","Block J, Banasree",6800000.0
1485 Sq Ft Apartment With 3 Bedrooms For Sale In Mohammadpur,3.0,3.0,4,vacant,1485.0,dhaka,"৳13,200,000","Jahuri Moholla, Mohammadpur",13200000.0
"View This 1485 Sq Ft Apartment For Sale In Mohammadpur, Jahuri Moholla",3.0,3.0,4,vacant,1485.0,dhaka,"৳13,200,000","Jahuri Moholla, Mohammadpur",13200000.0
Buy This 1200 Sq Ft Apartment In The Nice Area Of Mirpur,3.0,3.0,7,vacant,1200.0,dhaka,"৳6,000,000","Ahmed Nagar, Mirpur",6000000.0
"Impressive Apartment Of 1553 Sq Ft Is Up For Sale In Free School Street, Kathalbagan",3.0,3.0,2,vacant,1553.0,dhaka,"৳16,500,000","Free School Street, Kathalbagan",16500000.0
"750 Sq Ft Apartment For Sale In Ahmed Nagar, Mirpur",3.0,2.0,6,vacant,750.0,dhaka,"৳5,200,000","Ahmed Nagar, Mirpur",5200000.0
"Offering You 650 Sq Ft Flat For Sale In Mirpur, Rupnagar R/a.",2.0,2.0,5,vacant,650.0,dhaka,"৳3,200,000","Rupnagar R/A, Mirpur",3200000.0
"This 1595 Sq Ft Apartment Is Ready For Sale In Baitul Aman Housing Society, Adabor",3.0,3.0,6,vacant,1595.0,dhaka,"৳11,232,000","Baitul Aman Housing Society, Adabor",11232000.0
"This 850 Sq Ft Apartment Comes With Peaceful Living In Mirpur10-Block A , Is Up For Sale.",2.0,2.0,6,vacant,850.0,dhaka,"৳6,000,000","Section 10, Mirpur",6000000.0
"Near Senpara Jame Masjid, Apartment For sale In Mirpur",2.0,2.0,7,vacant,850.0,dhaka,"৳4,800,000","Section 10, Mirpur",4800000.0
A worthwhile 1425 SQ FT residential flat is ready for sale at Mirpur 6,3.0,3.0,1,vacant,1425.0,dhaka,"৳8,500,000","Section 6, Mirpur",8500000.0
"A very reasonable 700 SQ FT residential home is up for sale located at Mirpur, Section 6",2.0,1.0,5,vacant,700.0,dhaka,"৳3,000,000","Section 6, Mirpur",3000000.0
"Your Desirable 1480 Sq Ft Cozy Flat Is Ready For Sale In Mirpur 2, Near Islami Bank International School &amp; College",3.0,3.0,2,vacant,1480.0,dhaka,"৳10,000,000","Section 2, Mirpur",10000000.0
Plan To Move In This 990 Sq Ft Flat Which Is Up For Sale In Bochila,3.0,3.0,6,vacant,990.0,dhaka,"৳4,800,000","Bochila, Mohammadpur",4800000.0
A 600 Square Feet Apartment At Bochila City Developers Ltd For Sale,2.0,1.0,8,vacant,600.0,dhaka,"৳3,000,000","Bochila, Mohammadpur",3000000.0
Buy This Amazing 1050 Sq Ft Apartment At Mirpur,3.0,2.0,3,vacant,1050.0,dhaka,"৳4,800,000","2nd Colony, Mirpur",4800000.0
A Must See 1350 Sq Ft Apartment For sale Is All Set For You To Settle In Bashundhara Close To Kuril Hazi Bari Masjid,3.0,3.0,5,vacant,1350.0,dhaka,"৳13,000,000","Block C, Bashundhara R-A",13000000.0
Your Desired Large 2 Bedroom Home In Rajanigandha Residential Area Is Now Vacant For Sale,2.0,2.0,3,vacant,1015.0,dhaka,"৳6,500,000","Section 15, Mirpur",6500000.0
Looking For A Tasteful Home For Sale In Faydabad ? Check This One,2.0,2.0,5,vacant,600.0,dhaka,"৳2,600,000","Faydabad, Dakshin Khan",2600000.0
Looking For A Tasteful Home For Sale In Paterbag? Check This One,2.0,2.0,8,vacant,1100.0,dhaka,"৳4,500,000","Doniya, Shyampur",4500000.0
At Paterbag 1100 Square Feet Apartment For Sale,2.0,2.0,1,vacant,1100.0,dhaka,"৳4,500,000","Doniya, Shyampur",4500000.0
At Mirpur DOHS 1045 Square feet flat is available to Sale close to Mirpur DOHS Central Mosque,3.0,2.0,1,vacant,1045.0,dhaka,"৳11,000,000","Mirpur DOHS, Mirpur",11000000.0
"1100 Sq Ft Apartment Is For Sale In Mirpur, Section 1",3.0,2.0,6,vacant,1100.0,dhaka,"৳6,400,000","Section 1, Mirpur",6400000.0
"Build Your Residence In This 2100 Sq Ft Apartment For Sale In Banasree, Block E",4.0,4.0,6,vacant,2100.0,dhaka,"৳14,000,000","Block E, Banasree",14000000.0
"1250 Sq Ft Residential Property Is Available For Sale In Hazaribag, Rayer Bazaar",3.0,3.0,6,vacant,1250.0,dhaka,"৳10,800,000","Rayer Bazaar, Hazaribag",10800000.0
Decent 1100 Sq Ft Residential Flat For Sale In Banasree,3.0,2.0,1,vacant,1100.0,dhaka,"৳7,900,000","South Banasree Project, Banasree",7900000.0
Check This Flat In Mirpur For Sale Which Is Ready To Move In,3.0,2.0,4,vacant,820.0,dhaka,"৳6,000,000","Section 11, Mirpur",6000000.0
"This 1125 Sq Ft Flat Is Up For Sale Within Your Affordability, Is Located At Hatirpool",3.0,3.0,4,vacant,1125.0,dhaka,"৳9,700,000","Free School Street, Hatirpool",9700000.0
"Modern 1220 Sq Ft Flat For Sale In Free School Street Road, Kathalbagan",2.0,3.0,3,vacant,1220.0,dhaka,"৳16,300,000","Free School Street, Kathalbagan",16300000.0
2200 Sq Ft Flat Is Now For Sale Which Is In Bashundhara R-a,4.0,4.0,2,vacant,2200.0,dhaka,"৳16,500,000","Block I, Bashundhara R-A",16500000.0
"Looking For A New Place? Try Us, As We Have This 970 Sq Ft Apartment Ready For Sale At Mirpur, Near Bashir Uddin Adarsha School And College",2.0,2.0,3,vacant,970.0,dhaka,"৳4,800,000","Section 1, Mirpur",4800000.0
Let Us Assist You To Buy This 1510 Sq. Ft Flat At South Pirerbag Near To Fulki Nursery School,3.0,3.0,1,vacant,1510.0,dhaka,"৳8,200,000","Pirerbag, Mirpur",8200000.0
Grab This 1235 Sq Ft Flat For Sale In Hazaribag,3.0,3.0,1,vacant,1235.0,dhaka,"৳11,800,000","Rayer Bazaar, Hazaribag",11800000.0
Grab This 1425 Sq Ft Flat Up For Sale In Mirpur Near Sonali Bank,3.0,3.0,4,vacant,1425.0,dhaka,"৳8,637,500","Section 12, Mirpur",8637500.0
See This Apartment Which Is Up For Sale In West Shewrapara Near Shewrapara Central Jame Masjid.,3.0,3.0,1,vacant,850.0,dhaka,"৳7,000,000","West Shewrapara, Mirpur",7000000.0
At Middle Monipur Nice Flat Up For Sale Near Baitur Rowshan Jame Masjid,3.0,2.0,1,vacant,1100.0,dhaka,"৳5,000,000","Middle Monipur, Mirpur",5000000.0
At Middle Paikpara Nice Flat Up For Sale Near Paikpara Central Jame Masjid,3.0,3.0,1,vacant,1100.0,dhaka,"৳4,200,000","Middle Paikpara, Mirpur",4200000.0
Well Planned Residential Apartment In Mirpur Is Available For Sale Near Adarsha Abason Road,3.0,3.0,3,vacant,1300.0,dhaka,"৳6,500,000","Paikpara, Mirpur",6500000.0
Check This Apartment Up For Sale At Pirerbag Near Shimultola Jame Mosjid,3.0,2.0,4,vacant,1050.0,dhaka,"৳5,800,000","Pirerbag, Mirpur",5800000.0
An Apartment Which Is Up For Sale At Kallyanpur Near To Kallyanpur Girls School And College.,3.0,2.0,2,vacant,1070.0,dhaka,"৳4,600,000","Kallyanpur, Mirpur",4600000.0
3 Bedroom Flat For Sale In Agargaon Near Agargaon Adarsha High School,3.0,3.0,4,vacant,1230.0,dhaka,"৳6,400,000","Kutum Goli, Agargaon",6400000.0
Visit This Residential Plot For Sale In Bashundhara R-a Near Bashundhara Group Head Quter2,,,,vacant,2880.0,dhaka,"৳15,000,000","Block M, Bashundhara R-A",15000000.0
"879 Sq Ft Apartment For Sale In West Kazipara, Mirpur",3.0,2.0,4,vacant,879.0,dhaka,"৳5,274,000","West Kazipara, Mirpur",5274000.0
Noticeable 1850 Sq Ft Apartment For Sale In Malibagh,4.0,4.0,9,vacant,1850.0,dhaka,"৳17,500,000","Malibag Bazar Rd, Malibagh",17500000.0
Get Comfortable In A Nice Flat For Sale In Bashundhara R-a Nearby Viquarunnisa Noon School And College,3.0,4.0,3,vacant,1856.0,dhaka,"৳17,500,000","Block G, Bashundhara R-A",17500000.0
1650 SQ FT flat is now Vacant for sale in Mirpur,4.0,4.0,7,vacant,1650.0,dhaka,"৳9,900,000","Paikpara, Mirpur",9900000.0
Acquire This 130 Sq Ft Shop Which Is Up For Sale In Nikunja 2,,,2,vacant,130.0,dhaka,"৳4,200,000","Nikunja 2, Nikunja",4200000.0
625 Sq Ft Residential Apartment For Sale In Mirpur,2.0,2.0,4,vacant,625.0,dhaka,"৳2,500,000","East Kazipara, Mirpur",2500000.0
An Apartment Of 1250 Sq.Ft Is Up For Sale In Mirpur Section 11.,3.0,3.0,8,vacant,1250.0,dhaka,"৳5,000,000","Section 11, Mirpur",5000000.0
Flat For Sale In Mirpur Near Gudara Ghat Wasa Pump,2.0,2.0,5,vacant,650.0,dhaka,"৳3,000,000","Section 2, Mirpur",3000000.0
1350 Square Feet Residential Flat Is Now Up For Sale In Bashundhara Near Independent University,3.0,3.0,1,vacant,1350.0,dhaka,"৳12,000,000","Block D, Bashundhara R-A",12000000.0
A rightly planned 1325 SQ FT flat is found for sale in Mirpur near Islami Bank Hospital,3.0,3.0,5,vacant,1325.0,dhaka,"৳6,500,000","Section 11, Mirpur",6500000.0
1210 Square Feet Apartment Is For Sale At Maghbazar,3.0,3.0,1,vacant,1210.0,dhaka,"৳6,000,000","Boro Maghbazar, Maghbazar",6000000.0
1654 SFT Three Bedroom Apartment | Vacant Now | Ready To Move in Uttara,3.0,4.0,5,vacant,1654.0,dhaka,"৳11,000,000","Sector 18, Uttara",11000000.0
"1275 Square Feet Flat Is Available For Sale In Bashundhara R-a, Block J",3.0,3.0,6,vacant,1275.0,dhaka,"৳12,500,000","Block J, Bashundhara R-A",12500000.0
"1609 Sq Ft Suitable Apartment For Sale In Banasree, Block H",3.0,3.0,2,vacant,1609.0,dhaka,"৳12,800,000","Block H, Banasree",12800000.0
"A Strongly Structured Apartment Of 1410 Sq Ft Is Available For Sale In Block C, Bashundhara R-a",3.0,3.0,1,vacant,1410.0,dhaka,"৳13,395,000","Block C, Bashundhara R-A",13395000.0
Reside Conveniently In This Well Constructed 922 Sq Ft Flat For Sale In North Azampur,2.0,2.0,9,vacant,922.0,dhaka,"৳5,000,000","North Azampur, Dakshin Khan",5000000.0
"You Can Find A Wonderful 1500 Sq Ft Flat For Sale In Bashundhara R-a, Block G",3.0,4.0,6,vacant,1500.0,dhaka,"৳12,200,000","Block G, Bashundhara R-A",12200000.0
A 3 Bedrooms Residence For Sale In Eastern Housing - Pallabi.,3.0,2.0,4,vacant,1050.0,dhaka,"৳5,000,000","Pallabi, Mirpur",5000000.0
This 1872 Sq.Ft Flat In Bijoy Rakeen City With A Convenient Price Is Up For Sale,3.0,3.0,5,vacant,1872.0,dhaka,"৳13,500,000","Section 15, Mirpur",13500000.0
935 Sq Ft Flat Ready For Sale In South Pirerbag,3.0,2.0,3,vacant,935.0,dhaka,"৳6,610,000","Pirerbag, Mirpur",6610000.0
"Check Out This 750 Sq Ft Flat For Sale In Ashi Dag Road, Ibrahimmpur",2.0,2.0,5,vacant,750.0,dhaka,"৳3,500,000","Ashi Dag Road, Ibrahimpur",3500000.0
963 Sq. Ft Flat For Sale Beside To Khilkhet Bazar Masjid In Dumni .,3.0,2.0,1,vacant,963.0,dhaka,"৳2,503,800","Bazar Road, Dumni",2503800.0
Close To Khilkhet Bazar Masjid A 951 Sq.ft Flat For Sale At Dumni .,2.0,2.0,2,vacant,951.0,dhaka,"৳2,472,600","Bazar Road, Dumni",2472600.0
1248 Sq.ft Flat For Sale Very Next To Khilkhet Bazar Masjid At Dumni .,3.0,3.0,2,vacant,1248.0,dhaka,"৳3,244,800","Bazar Road, Dumni",3244800.0
For Selling Purpose This 1046 Sq Ft Flat Is Now Vacant In Dumni.,3.0,2.0,2,vacant,1046.0,dhaka,"৳2,800,000","Bazar Road, Dumni",2800000.0
Beside To Shah Shaheb Nagar Jame Mosque 1000 Square Feet Flat For Sale At Paikpara,3.0,2.0,4,vacant,1000.0,dhaka,"৳3,800,000","Middle Paikpara, Mirpur",3800000.0
"A Relaxing 1050 Sq Ft Flat Is Up For Sale At Ahmed Nagar, With An Attractive Price",3.0,2.0,3,vacant,1050.0,dhaka,"৳5,500,000","Ahmed Nagar, Mirpur",5500000.0
"In Shah Ali Bag, This 1090 Sq Ft Residence Is Waiting For Sale",3.0,3.0,3,vacant,1090.0,dhaka,"৳7,085,000","Section 1, Mirpur",7085000.0
"A Very Beautiful 1400 Sq Ft Flat Is Now Available For Sale In Chikha Bazar, Ibrahimpur",4.0,4.0,8,vacant,1400.0,dhaka,"৳9,500,000","Chikha Bazar, Ibrahimpur",9500000.0
Cozy Flat Is Available For Sale In Mirpur Near To Mirpur Adhunik Hospital,3.0,3.0,3,vacant,1400.0,dhaka,"৳7,500,000","Section 12, Mirpur",7500000.0
1150 Sq Ft Apartment With 3 Bedrooms Is Ready For Sale In Mirpur-11,3.0,3.0,4,vacant,1150.0,dhaka,"৳7,000,000","Section 11, Mirpur",7000000.0
Pursue This 1383 Square Feet Apartment Ready For Sale In Dhanmondi,3.0,3.0,5,vacant,1383.0,dhaka,"৳10,800,000","West Dhanmondi and Shangkar, Dhanmondi",10800000.0
1650 Square Ft Apartment For Sale Is Being Constructed In Mirpur,4.0,3.0,5,vacant,1650.0,dhaka,"৳11,000,000","Middle Monipur, Mirpur",11000000.0
1650 Square Ft Well Designed Apartment For Sale In Mirpur,4.0,3.0,3,vacant,1650.0,dhaka,"৳11,000,000","Middle Monipur, Mirpur",11000000.0
"Buy This 1070 Sq Ft Flat In Uttara, Sector 10",2.0,2.0,1,vacant,1070.0,dhaka,"৳9,630,000","Sector 10, Uttara",9630000.0
Modest 1450 Square Feet Apartment For Sale In Rajabazar,3.0,3.0,1,vacant,1450.0,dhaka,"৳11,000,000","Rajabazar, Tejgaon",11000000.0
"1200 Sq Ft Apartment Is For Sale In Mirpur-1, Block B",3.0,2.0,3,vacant,1200.0,dhaka,"৳7,500,000","Section 1, Mirpur",7500000.0
4 Bedrooms Apartment Is Available For Sale In Bashundhara R-a.,4.0,5.0,4,vacant,2535.0,dhaka,"৳16,000,000","Block E, Bashundhara R-A",16000000.0
1325 Sq Ft Residential Apartment For Sale In Uttar Badda,3.0,3.0,8,vacant,1325.0,dhaka,"৳8,000,000","Uttar Badda, Badda",8000000.0
There&#039;s A Thoughtfully Designed 1650 Sq Ft Flat For Sale In Keraniganj,3.0,3.0,6,vacant,1650.0,dhaka,"৳8,250,000","South Keraniganj, Keraniganj",8250000.0
1650 Sq Ft Flat Located In Keraniganj Is Now Available | For Sale,3.0,3.0,4,vacant,1650.0,dhaka,"৳8,250,000","South Keraniganj, Keraniganj",8250000.0
"1130 Sq Ft Flat For Sale In Bashundhara Riverview, Keraniganj",2.0,2.0,6,vacant,1130.0,dhaka,"৳5,800,000","South Keraniganj, Keraniganj",5800000.0
1150 Sq Ft Apartment Is Ready For Sale In Dhanmondi,3.0,3.0,3,vacant,1150.0,dhaka,"৳9,500,000","Shukrabad, Dhanmondi",9500000.0
"1587 Sq Ft Flat Is Being Constructed For Sale In Motijheel, Gopibag",3.0,3.0,6,vacant,1587.0,dhaka,"৳15,900,000","Gopibag, Motijheel",15900000.0
"Well Planned 1320 Sq Ft Residential Apartment For Sale In Mirpur, Pallabi",3.0,3.0,4,vacant,1320.0,dhaka,"৳9,300,000","Pallabi, Mirpur",9300000.0
Very Well Designed 1100 Sq Ft Residential Flat Is Unoccupied For Sale At North Pirerbag,3.0,2.0,1,vacant,1100.0,dhaka,"৳6,500,000","Pirerbag, Mirpur",6500000.0
Well Planned 1500 Sq Ft Flat For Sale In Middle Badda,3.0,3.0,2,vacant,1500.0,dhaka,"৳12,000,000","Middle Badda, Badda",12000000.0
Noticeable 1500 Square Feet Apartment For Sale In Uttara,3.0,3.0,5,vacant,1500.0,dhaka,"৳16,000,000","Sector 7, Uttara",16000000.0
Beautiful 612 SQ FT flat is available for sale in Mirpur 12,2.0,2.0,3,vacant,612.0,dhaka,"৳2,900,000","Section 12, Mirpur",2900000.0
"Ready apartment 650 SQ FT is now for sale in Block C, Mirpur",2.0,2.0,1,vacant,650.0,dhaka,"৳4,000,000","Section 12, Mirpur",4000000.0
"A 1220 Sq. Ft. Residential Apartment Is For Sale At Banasree , Main Road .",3.0,3.0,4,vacant,1220.0,dhaka,"৳9,500,000","Block F, Banasree",9500000.0
Move In And Inhabit This 1020 Sq Ft Properly Constructed Apartment For Sale In Sultanganj,2.0,2.0,4,vacant,1020.0,dhaka,"৳5,000,000","Rayer Bazaar, Hazaribag",5000000.0
"Buy This 1310 Square Feet Flat In The Prominent Location Of Bashundhara R-a, Block J",3.0,3.0,2,vacant,1310.0,dhaka,"৳9,825,000","Block J, Bashundhara R-A",9825000.0
"1310 Square Feet Flat Is Available For Sale In Bashundhara R-a, Block J",3.0,3.0,2,vacant,1310.0,dhaka,"৳12,000,000","Block J, Bashundhara R-A",12000000.0
Live With Your Family In This Cozy 650 Sq Ft Residential Flat For Sale In Mirpur-6,2.0,2.0,4,vacant,650.0,dhaka,"৳2,800,000","Section 6, Mirpur",2800000.0
Get Hold Of This 650 Sq Ft Residential Flat For Sale In Mirpur-6,2.0,2.0,4,vacant,650.0,dhaka,"৳2,800,000","Section 6, Mirpur",2800000.0
"Live Comfortably In This 1550 Sq Ft Residential Flat, Up For Sale In Mirpur, Baitur Rowshan Jame Masjid Road",3.0,3.0,1,vacant,1550.0,dhaka,"৳8,600,000","Middle Monipur, Mirpur",8600000.0
"930 Sq Ft Flat For Sale In Mirpur, Middle Monipur, Baitur Rowshan Jame Masjid Road",2.0,2.0,1,vacant,930.0,dhaka,"৳5,200,000","Middle Monipur, Mirpur",5200000.0
Acquire This 930 Sq Ft With 2 Bedrooms Flat Which Is Up For Sale In Middle Monipur Beside To Baitur Rowshan Jame Masjid .,2.0,2.0,3,vacant,930.0,dhaka,"৳5,200,000","Middle Monipur, Mirpur",5200000.0
"At Darussalam, Flat For Sale Close To Mir Bari Adi Jame Mosjid",3.0,3.0,1,vacant,1260.0,dhaka,"৳5,796,000","Darussalam, Mirpur",5796000.0
"An Apartment Is Ready For Sale At Mohammadpur , Near Market Camp Masjid.",2.0,2.0,1,vacant,700.0,dhaka,"৳3,500,000","aziz Moholla, Mohammadpur",3500000.0
Exquisite Flat For Sale In Ashkona Nearby Bangamata Sheikh Fozilatunnessa High School,3.0,2.0,4,vacant,1240.0,dhaka,"৳8,060,000","Ashkona, Dakshin Khan",8060000.0
1450 Sq Ft Remarkable Flat Is Up For Sale In Ashkona Nearby Hajj Camp Masjid.,3.0,2.0,4,vacant,1450.0,dhaka,"৳9,425,000","Ashkona, Dakshin Khan",9425000.0
An Apartment Of 1425 Sq.Ft Which Is Up For Sale At Dhanmondi Near To West Dhanmondi Jame Masjid.,3.0,3.0,7,vacant,1425.0,dhaka,"৳9,975,000","West Dhanmondi and Shangkar, Dhanmondi",9975000.0
Own The Flat In Mirpur That Is Available For Sale,3.0,3.0,3,vacant,1315.0,dhaka,"৳7,375,000","West Shewrapara, Mirpur",7375000.0
Near Mirpur Adhunik Hospital A Flat For Sale In Mirpur,3.0,3.0,8,vacant,1330.0,dhaka,"৳6,916,000","Section 12, Mirpur",6916000.0
An Apartment Which Is Up For Sale At Mirpur Near To Mirpur Adhunik Hospital And Diagnostic Center.,3.0,3.0,1,vacant,1400.0,dhaka,"৳6,000,000","Section 12, Mirpur",6000000.0
"Reside Conveniently In This Well Constructed Flat For Sale In Bashundhara, Near Viquarunnisa Noon School And College",3.0,4.0,2,vacant,1796.0,dhaka,"৳14,000,000","Block F, Bashundhara R-A",14000000.0
"1400 Sq Ft Apartment Is Ready For Sale At Mirpur, Near Mirpur Adhunik Hospital",3.0,3.0,1,vacant,1400.0,dhaka,"৳8,140,000","Section 12, Mirpur",8140000.0
1236 Sq Ft Ready Flat Is Up For Sale In Kafrul.,3.0,3.0,3,vacant,1236.0,dhaka,"৳7,000,000","South Kafrul Road, Kafrul",7000000.0
Visit This Apartment For Sale In Pallabi Near Baitul Ibada Mosjid,3.0,3.0,3,vacant,1150.0,dhaka,"৳6,000,000","Pallabi, Mirpur",6000000.0
"1090 Sq Ft Apartment Is Available For Sale In Mirpur, West Shewrapara",3.0,2.0,6,vacant,1090.0,dhaka,"৳5,500,000","West Shewrapara, Mirpur",5500000.0
In Eastern Pallabi Apartment Can Be Found For Sale Near Pallabi Mazedul Islam Model High School,3.0,2.0,1,vacant,1108.0,dhaka,"৳5,500,000","Pallabi, Mirpur",5500000.0
"In Mirpur -1, A Vacant Apartment Of 900 Sq Ft Is Going To Be Sold",2.0,2.0,4,vacant,900.0,dhaka,"৳5,000,000","Section 1, Mirpur",5000000.0
"Well Presented, Beautiful Apartment Of 1695 SQ FT Located In Block F, Bashundhara, Dhaka, Is Available For Sale.",3.0,4.0,4,vacant,1695.0,dhaka,"৳13,500,000","Block F, Bashundhara R-A",13500000.0
1252 Sq.Ft Apartment for Sale in Badda nearby Badda Post Office,3.0,3.0,2,vacant,1252.0,dhaka,"৳7,000,000","Uttar Badda, Badda",7000000.0
1500 Square Feet -3 Bedroom Large Residential Apartment For Sale At Aftab Nagar,3.0,3.0,1,vacant,1500.0,dhaka,"৳8,250,000","Block F, Aftab Nagar",8250000.0
Flat For Sale Covering A Beautiful Area In Badda Nearby Sadhinata Sarani Ideal School,3.0,2.0,4,vacant,1100.0,dhaka,"৳6,050,000","Uttar Badda, Badda",6050000.0
Visit This Apartment For Sale Of 1611 Sq Ft In Mirpur Near Orchid Community Center.,3.0,4.0,6,vacant,1611.0,dhaka,"৳15,500,000","Section 6, Mirpur",15500000.0
Checkout This 1050 Sq Ft Residential Flat For Sale In Mirpur,3.0,2.0,4,vacant,1050.0,dhaka,"৳5,500,000","Ahmed Nagar, Mirpur",5500000.0
"1200 Sq Ft Nice Flat Is For Sale In Mohammadpur, Sat Masjid Housing",3.0,3.0,8,vacant,1200.0,dhaka,"৳6,000,000","Sat Masjid Housing, Mohammadpur",6000000.0
"Now you can afford to dwell well, check this 800 SQ FT flat in Ibrahimpur",2.0,2.0,4,vacant,800.0,dhaka,"৳4,445,000","Kamal Khan Road, Ibrahimpur",4445000.0
Flat For Sale Covering A Beautiful Area In Shahjadpur Nearby University Of Information Technology And Sciences,3.0,3.0,7,vacant,1495.0,dhaka,"৳15,750,000","Shahjadpur, Badda",15750000.0
Find Your Desired Apartment At This Ready Flat For Sale At Shahjadpur Nearby Shahjadpur Model Government Primary School,3.0,3.0,5,vacant,1475.0,dhaka,"৳15,550,000","Shahjadpur, Badda",15550000.0
This Flat Is Up For Sale At Shahjadpur Near Bangladesh Institute Of Management Studies,3.0,3.0,6,vacant,1500.0,dhaka,"৳12,800,000","Shahjadpur, Badda",12800000.0
Be The Owner Of This 1450 Sq Ft Flat Which Is Vacant Now For Sale At West Shewrapara Nearby North South International School,3.0,3.0,9,vacant,1450.0,dhaka,"৳8,675,000","West Shewrapara, Mirpur",8675000.0
"Situated In West Shewrapara, Near North South International School, A 1400 Sq Ft Apartment Is Up For Sale",3.0,3.0,7,vacant,1400.0,dhaka,"৳8,400,000","West Shewrapara, Mirpur",8400000.0
"Near Shewrapara Jame Masjid, A Blissful Flat Is Available For Sale In West Shewrapara",3.0,3.0,2,vacant,1180.0,dhaka,"৳6,500,000","West Shewrapara, Mirpur",6500000.0
"A 780 Sq Ft Flat Can Be Found In Bank Colony For Sale, Near Happy Isle International School",2.0,2.0,3,vacant,780.0,dhaka,"৳2,730,000","Bank Colony, Savar",2730000.0
In Mirpur 1100 SQ FT flat is available for sale which is now close to Life Aid Specialized Hospital,3.0,2.0,7,vacant,1100.0,dhaka,"৳4,950,000","Middle Monipur, Mirpur",4950000.0
Reasonable 1100 SQ FT flat is available for sale in Mirpur near to Life Aid Specialized Hospital,3.0,2.0,5,vacant,1100.0,dhaka,"৳4,950,000","Middle Monipur, Mirpur",4950000.0
"Choose your destination, 1100 SQ FT flat which is available for sale in Mirpur near to Life Aid Specialized Hospital",3.0,2.0,4,vacant,1100.0,dhaka,"৳4,950,000","Middle Monipur, Mirpur",4950000.0
Ready 1100 SQ FT flat is now for sale in Mirpur nearby Life Aid Specialized Hospital,3.0,2.0,3,vacant,1100.0,dhaka,"৳4,950,000","Middle Monipur, Mirpur",4950000.0
1100 SQ FT flat is now for sale in Mirpur near to Life Aid Specialized Hospital,3.0,2.0,3,vacant,1100.0,dhaka,"৳4,950,000","Middle Monipur, Mirpur",4950000.0
"Get Ready For Your Countless Peaceful Days With This 1096 Sq Ft Flat At 1st Colony, Mirpur Is Up To Sale",3.0,3.0,13,vacant,1096.0,dhaka,"৳6,600,000","1st Colony, Mirpur",6600000.0
1365 Sq Ft Flat With Important Residential Features Is For Sale In Mirpur-10,3.0,3.0,3,vacant,1365.0,dhaka,"৳7,507,500","Section 10, Mirpur",7507500.0
1365 Sq Ft Flat With Fine Residential Properties Is For Sale In Mirpur-10,3.0,3.0,5,vacant,1365.0,dhaka,"৳7,507,500","Section 10, Mirpur",7507500.0
1365 Sq Ft Flat With Modern Residential Approaches Is For Sale In Mirpur-10,3.0,3.0,5,vacant,1365.0,dhaka,"৳7,507,500","Section 10, Mirpur",7507500.0
"An Adequate And Cozy 810 Sq.Ft Flat Is For Sale At West Kazipara, Near Baitur Rob Jaame Masjid",2.0,2.0,3,vacant,810.0,dhaka,"৳3,402,000","West Kazipara, Mirpur",3402000.0
"Well-developed Residence up for sale in Bashundhara R-A, of 1550 SQ FT",3.0,3.0,3,vacant,1550.0,dhaka,"৳11,500,000","Block H, Bashundhara R-A",11500000.0
Take A Look At This 1050 Square Feet And 3 Bedroom Residential Apartment For Sale At East Monipur Next To Kuwaiti Masjid,3.0,3.0,7,vacant,1050.0,dhaka,"৳3,750,000","East Monipur, Mirpur",3750000.0
Express Your Individuality At This 1400 Sq.ft Apartment Which Is Vacant For Sale In The Location Of South Monipur .,3.0,3.0,4,vacant,1400.0,dhaka,"৳6,300,000","South Monipur, Mirpur",6300000.0
For Selling Purpose This Flat Is Now Vacant In The Location Of South Monipur .,3.0,3.0,9,vacant,1400.0,dhaka,"৳6,300,000","South Monipur, Mirpur",6300000.0
Buy This Flat At South Monipur For The Ideal Urban Lifestyle You Dream About.,2.0,2.0,6,vacant,1000.0,dhaka,"৳4,500,000","South Monipur, Mirpur",4500000.0
Close To Mirpur 10 Block C Water Tank A 1518 Square Feet Residential Apartment For Sale,4.0,3.0,6,vacant,1518.0,dhaka,"৳10,000,000","Section 10, Mirpur",10000000.0
Worthy 1250 SQ FT Nice home is ready for sale at Mirpur 15,4.0,4.0,8,vacant,1250.0,dhaka,"৳12,500,000","Section 15, Mirpur",12500000.0
2230 Sq Ft Ready Flat For Sale In Bashundhara R-a,4.0,4.0,5,vacant,2230.0,dhaka,"৳16,000,000","Block I, Bashundhara R-A",16000000.0
Grab This 1200 Sq Ft Apartment Available For Sale In Joar Sahara,3.0,2.0,3,vacant,1200.0,dhaka,"৳6,500,000","Lichu Bagan Road, Joar Sahara",6500000.0
A Newly Constructed Apartment In North Pirerbag Is Available For Sale Which Is 1050 Sq Ft,3.0,3.0,1,vacant,1050.0,dhaka,"৳4,500,000","Pirerbag, Mirpur",4500000.0
Tastefully Designed This 650 Sq Ft Home Is Now Vacant For Sale In Mirpur,2.0,2.0,2,vacant,650.0,dhaka,"৳4,225,000","Section 10, Mirpur",4225000.0
A 3 Bedroom Apartment Is Up For Sale In Middle Monipur Near Monipur High School And College.,3.0,3.0,5,vacant,1200.0,dhaka,"৳5,400,000","Middle Monipur, Mirpur",5400000.0
3 Bedroom Apartment Is For Sale In Middle Monipur Near Monipur High School And College.,3.0,3.0,6,vacant,1200.0,dhaka,"৳5,400,000","Middle Monipur, Mirpur",5400000.0
Visit This Apartment For Sale In Middle Monipur Near Iqra International School,3.0,2.0,2,vacant,1100.0,dhaka,"৳4,950,000","Middle Monipur, Mirpur",4950000.0
Make Your Dream Of Owning A Decent 1396 Sq.Ft Apartment At Nadda Kacha Bazar Road In The Downtown To Count.,3.0,3.0,8,vacant,1396.0,dhaka,"৳11,500,000","Nadda Kacha Bazar Road, Nadda",11500000.0
1300 Square Ft Residential Apartment For Sale At Pallabi Beside To Pallabi Mazedul Islam Model High School,3.0,3.0,8,vacant,1300.0,dhaka,"৳7,800,000","Pallabi, Mirpur",7800000.0
"Make This 1300 Sq Ft Flat Your Next Residing Location, Which Is Up For Sale In Pallabi Near Pallabi Mazedul Islam Model High School .",3.0,3.0,7,vacant,1300.0,dhaka,"৳7,800,000","Pallabi, Mirpur",7800000.0
"Reside Conveniently In This Well Constructed Flat For Sale In Pallabi , Near Pallabi Mazedul Islam Model High School",3.0,3.0,6,vacant,1100.0,dhaka,"৳6,600,000","Pallabi, Mirpur",6600000.0
Construct Your Relaxing Days In This 1250 Sq Ft Residential Flat For Sale In Mirpur-2,3.0,3.0,5,vacant,1250.0,dhaka,"৳7,000,000","Section 2, Mirpur",7000000.0
"Deal With This 1255 Sq Ft Residential Apartment For Sale In Khilkhet, Kha Para",3.0,3.0,5,vacant,1255.0,dhaka,"৳6,902,500","Kha Para, Khilkhet",6902500.0
1255 Sq Ft Apartment With Modern Home Features Is Up For Sale In Khilkhet,3.0,3.0,3,vacant,1255.0,dhaka,"৳6,902,500","Kha Para, Khilkhet",6902500.0
"Buy This Wonderful 1270 Sq Ft Residential Apartment In Khilkhet, Kha Para",3.0,3.0,8,vacant,1270.0,dhaka,"৳6,985,000","Kha Para, Khilkhet",6985000.0
Start A Balanced Lifestyle In This 1255 Sq Ft Apartment For Sale In Khilkhet,3.0,3.0,7,vacant,1255.0,dhaka,"৳6,902,500","Kha Para, Khilkhet",6902500.0
Here Is A Well Defined Flat Of 1150 Sq Ft Waiting For Sale At Bashundhara R/A,3.0,3.0,1,vacant,1150.0,dhaka,"৳9,000,000","Block I, Bashundhara R-A",9000000.0
1156 Sq Ft Apartment Is Available For Sale In Uttar Badda,3.0,3.0,5,vacant,1156.0,dhaka,"৳6,800,000","Uttar Badda, Badda",6800000.0
"1270 Sq Ft Residential Flat For Sale In Mirpur, Ahmed Nagar",3.0,3.0,1,vacant,1270.0,dhaka,"৳6,000,000","Ahmed Nagar, Mirpur",6000000.0
"Make This 900 Sq Ft Flat Your Next Residing Location, Which Is Up For Sale In Mirpur",2.0,2.0,6,vacant,900.0,dhaka,"৳5,500,000","Section 2, Mirpur",5500000.0
Ready Flat Of 900 Sq Ft Is Now For Sale In Mirpur -2,2.0,2.0,6,vacant,900.0,dhaka,"৳5,500,000","Section 2, Mirpur",5500000.0
"Buy This 900 Sq Ft Apartment In Mirpur-10, Block D",3.0,2.0,3,vacant,900.0,dhaka,"৳6,000,000","Section 10, Mirpur",6000000.0
"Grab This 1200 Sq Ft Residential Flat Up For Sale In Mirpur, West Shewrapara",3.0,3.0,5,vacant,1200.0,dhaka,"৳7,200,000","West Shewrapara, Mirpur",7200000.0
1200 Sq Ft Nice Apartment Is Ready For Sale In South Banasree Project,3.0,3.0,3,vacant,1200.0,dhaka,"৳8,600,000","South Banasree Project, Banasree",8600000.0
"Buy This 1300 Sq Ft Residential Flat In Cantonment, Manikdi",3.0,3.0,7,vacant,1300.0,dhaka,"৳7,400,000","Manikdi, Cantonment",7400000.0
Buy This 1634 Sq Ft Residential Flat In The Great Location Of Mirpur-1,3.0,3.0,8,vacant,1634.0,dhaka,"৳9,800,000","Section 1, Mirpur",9800000.0
"Take A Look At This 1950 Sq Ft Flat For Sale In Dakshin Khan, North Azampur",3.0,4.0,12,vacant,1950.0,dhaka,"৳11,000,000","North Azampur, Dakshin Khan",11000000.0
"At Khilgaon, 1294 Square Feet Flat Is Available For Sale",3.0,3.0,5,vacant,1294.0,dhaka,"৳10,000,000","Tilpapara, Khilgaon",10000000.0
Ready 1400 Sq Ft Flat Is Now For Sale In Mirpur,3.0,3.0,2,vacant,1400.0,dhaka,"৳8,000,000","1st Colony, Mirpur",8000000.0
"View This 700 Sq Ft Residential Flat For Sale In Mirpur-1, Block C",2.0,2.0,5,vacant,700.0,dhaka,"৳4,000,000","Section 1, Mirpur",4000000.0
"Buy This 1250 Sq Ft Apartment In Boro Maghbazar, Modhubag",3.0,3.0,5,vacant,1250.0,dhaka,"৳11,675,000","Boro Maghbazar, Maghbazar",11675000.0
"1250 Sq Ft Residential Property Is Set For Sale In Mirpur, Kallyanpur",3.0,3.0,1,vacant,1250.0,dhaka,"৳7,500,000","Kallyanpur, Mirpur",7500000.0
"A 1550 Sq Ft Flat Is Here For Sale At Khilbari Tek, Badda",3.0,3.0,6,vacant,1550.0,dhaka,"৳10,850,000","Khilbari Tek, Badda",10850000.0
Property For Sale In Badda– 1450 Sq Ft Apartment,3.0,3.0,6,vacant,1450.0,dhaka,"৳10,150,000","Khilbari Tek, Badda",10150000.0
Flat For Sale In Mirpur Near Senpara Jame Masjid,2.0,2.0,2,vacant,855.0,dhaka,"৳4,275,000","Section 10, Mirpur",4275000.0
"We bring you a beautiful and distinct Flat of 1513 sq ft for sale in sector 1, uttara",3.0,3.0,2,vacant,1513.0,dhaka,"৳13,500,000","Sector 1, Uttara",13500000.0
A Nicely Constructed Apartment Of 1175 Sq Ft Is Available Right Now For Sale In Shiddheswari,3.0,3.0,,vacant,1175.0,dhaka,"৳9,987,500","Outer Circular Road, Shiddheswari",9987500.0
"Make This 1100 Sq Ft Flat Your Next Residing Location, Which Is Up For Sale In North Shahjahanpur",3.0,3.0,3,vacant,1100.0,dhaka,"৳9,000,000","Amtola Masjid Goli Road, North Shahjahanpur",9000000.0
"1637 Sq Ft Spacious Apartment Is Ready For Sale In Senpara Parbata, Mirpur",3.0,4.0,1,vacant,1637.0,dhaka,"৳12,000,000","Section 10, Mirpur",12000000.0
1425 Sq Ft Apartment For Sale In Mirpur 12,3.0,3.0,5,vacant,1425.0,dhaka,"৳11,500,000","Section 12, Mirpur",11500000.0
Ready 1500 Sq Ft Flat Is Now For Sale In Bashundhara R-a,3.0,3.0,2,vacant,1500.0,dhaka,"৳12,000,000","Block I, Bashundhara R-A",12000000.0
Attention Home Finders! A 1400 Sq.ft Flat Is Up For Sale In West Shewrapara Close To North South International School.,3.0,3.0,3,vacant,1400.0,dhaka,"৳6,300,000","West Shewrapara, Mirpur",6300000.0
Very Next To North South International School 1400 Square Feet Large Apartment Is For Sale At West Shewrapara.,3.0,3.0,5,vacant,1400.0,dhaka,"৳6,300,000","West Shewrapara, Mirpur",6300000.0
In The Fine Location Of South Monipur A 1000 Sq Ft Apartment Is All Set For Sale,2.0,2.0,2,vacant,1000.0,dhaka,"৳4,500,000","South Monipur, Mirpur",4500000.0
"A Finely Built 1090 Sq Ft Flat Is Up For Sale In Ali And Nur Real Estate, Mohammadpur",3.0,3.0,3,vacant,1090.0,dhaka,"৳6,540,000","Ali And Nur Real Estate, Mohammadpur",6540000.0
"Plan to move in this 1463 SQ FT flat which is up for sale in Mirpur, 2nd Colony",3.0,3.0,3,vacant,1463.0,dhaka,"৳5,852,000","2nd Colony, Mirpur",5852000.0
A well-constructed 1650 SQ FT flat is for sale in Bochila,3.0,3.0,1,vacant,1650.0,dhaka,"৳7,500,000","Bochila, Mohammadpur",7500000.0
A 1125 Sq Ft Flat Can Be Found In Dakshin Khan For Sale,3.0,2.0,3,vacant,1125.0,dhaka,"৳4,775,000","Faydabad, Dakshin Khan",4775000.0
A Decent 1125 Sq Ft Flat Which Is Now For Sale In Dakshin Khan,3.0,2.0,3,vacant,1125.0,dhaka,"৳4,775,000","Faydabad, Dakshin Khan",4775000.0
Nice Flat Of 1150 Sq Ft Can Be Found In Dakshin Khan To Sale,3.0,2.0,8,vacant,1150.0,dhaka,"৳4,870,000","Faydabad, Dakshin Khan",4870000.0
This 2 Bedroom Home In Faydabad Is Up For Sale In A Wonderful Neighborhood,2.0,2.0,5,vacant,600.0,dhaka,"৳2,600,000","Faydabad, Dakshin Khan",2600000.0
Appealing Property In Khilkhet – 3 Bedroom Flat For Sale,3.0,3.0,7,vacant,1280.0,dhaka,"৳7,680,000","Amtola, Khilkhet",7680000.0
Settle Down In This 1218 Sq Ft Flat Up For Sale In Malibagh,3.0,3.0,1,vacant,1218.0,dhaka,"৳11,000,000","Malibag College Road, Malibagh",11000000.0
Grab This 1475 Sq Ft Flat For Sale In Malibagh Chowdhury Para,3.0,3.0,5,vacant,1475.0,dhaka,"৳15,000,000","Malibagh Chowdhury Para, Malibagh",15000000.0
"A 1500 Sq Ft Flat Is Up For Sale In A Well Secured Location Of Nayatola, Maghbazar",3.0,3.0,5,vacant,1500.0,dhaka,"৳7,300,000","Nayatola, Maghbazar",7300000.0
"Grab This 1275 Sq Ft Flat Up For Sale In Banasree, Block B",3.0,3.0,6,vacant,1275.0,dhaka,"৳10,600,000","Block B, Banasree",10600000.0
A Vacant Flat Of 800 Sq Ft Located In Paikpara Close To Delta Hospital Is Up For Sale.,2.0,2.0,6,vacant,800.0,dhaka,"৳4,000,000","Ahmed Nagar, Mirpur",4000000.0
We Are Offering You This 785 Sq Ft Ready Flat For Sale In Uttara-4,2.0,2.0,5,vacant,785.0,dhaka,"৳8,250,000","Sector 4, Uttara",8250000.0
"1800 Square Feet Flat Is Available For Sale In Bashundhara R-a, Block J",3.0,3.0,8,vacant,1800.0,dhaka,"৳16,000,000","Block J, Bashundhara R-A",16000000.0
Let Us Help You To Buy This 1125 Sq Ft Apartment Which Is Now Available In Mirpur DOHS,3.0,3.0,3,vacant,1125.0,dhaka,"৳9,500,000","Mirpur DOHS, Mirpur",9500000.0
Uncover Your Place In A 1200 Sq Ft Structurally Well Built House For Sale In Mirpur DOHS,3.0,2.0,6,vacant,1200.0,dhaka,"৳11,500,000","Mirpur DOHS, Mirpur",11500000.0
Uncover Your Place in a 1000 Sq Ft Structurally Well Built House for Sale in Shantinagar,2.0,2.0,1,vacant,1000.0,dhaka,"৳7,500,000","Shantinagar Bazar Rd, Shantinagar",7500000.0
"In The Suitable Location of Shantinagar, an Eye-catching Flat of 1150 Sq Ft Is Up For Sale",3.0,2.0,1,vacant,1150.0,dhaka,"৳9,000,000","Shantinagar Bazar Rd, Shantinagar",9000000.0
Modern Home For Residents | 850 Sq Ft Flat In Nayatola-Shashab Bari Road Is Up For Sale,2.0,3.0,6,vacant,850.0,dhaka,"৳6,500,000","Nayatola, Maghbazar",6500000.0
"1500 Sq Ft Amazing Flat For Sale In West Rampura, Mohanagar Housing",3.0,3.0,7,vacant,1500.0,dhaka,"৳12,000,000","West Rampura, Rampura",12000000.0
"Feel Satisfied Living In This 1227 Sq Ft Flat In Bashabo, Madartek",3.0,3.0,4,vacant,1227.0,dhaka,"৳5,800,000","Madartek, Bashabo",5800000.0
"Convenient Apartment Is Up For Sale In Shyamoli, Near Shyamoli Club Playground",3.0,3.0,9,vacant,1625.0,dhaka,"৳11,000,000","Ring Road, Shyamoli",11000000.0
"In An Urban Location And Reasonable Price, This Flat Is For Sale In Nobodoy Housing Society.",2.0,2.0,2,vacant,900.0,dhaka,"৳6,500,000","Nobodoy Housing Society, Mohammadpur",6500000.0
"Buy This 1465 Sq Ft Residential Flat In Mirpur, Pallabi",3.0,3.0,5,vacant,1465.0,dhaka,"৳8,600,000","Pallabi, Mirpur",8600000.0
A Very Well-fitted Home Is Here Sited At Uttara Near Uttara 15 Number Sector Central Jame Mosjid Featuring 1600 Sq Ft Space For Sale.,3.0,3.0,2,vacant,1600.0,dhaka,"৳12,000,000","Sector 15, Uttara",12000000.0
A 1180 Square Ft Residential Apartment For Sale At Borobag -Mirpur 2.,3.0,3.0,4,vacant,1180.0,dhaka,"৳6,490,000","Section 2, Mirpur",6490000.0
"1215 Square Feet Apartment Is Ready For Sale At Ranavola, Turag",3.0,3.0,6,vacant,1215.0,dhaka,"৳7,500,000","Ranavola, Turag",7500000.0
An Affordable Lovely Home Including 3 Bedroom Is Now Up For Sale In Hatirpool,3.0,4.0,3,vacant,1350.0,dhaka,"৳12,150,000","Elephant Road, Hatirpool",12150000.0
"We Have This 820 Sq Ft Apartment Ready For Sale At Mirpur, Near Life Aid Specialized Hospital Pvt. Ltd.",3.0,2.0,1,vacant,820.0,dhaka,"৳3,700,000","East Monipur, Mirpur",3700000.0
"Apartment For Sale In Mirpur-10, Senpara Parbata",3.0,2.0,1,vacant,1140.0,dhaka,"৳6,100,000","Section 10, Mirpur",6100000.0
"An Apartment Is Ready For Sale At North Ibrahimpur , Near Ibrahimpur Primary School",3.0,3.0,9,vacant,1500.0,dhaka,"৳10,800,000","North Ibrahimpur, Ibrahimpur",10800000.0
Look At This 1950 Square Feet Residential Apartment For Sale At Ibrahimpur Very Next To Ibrahimpur Primary School,3.0,3.0,1,vacant,1950.0,dhaka,"৳10,725,000","Primary school Road, Ibrahimpur",10725000.0
We Bring You A Nice Residence Of 1200 Sq Ft For Sale In Mirpur -12,3.0,3.0,5,vacant,1200.0,dhaka,"৳6,600,000","Section 12, Mirpur",6600000.0
"Now you can afford to dwell well, check this 1185 SQ FT home which is for sale in Pirerbag",3.0,2.0,2,vacant,1185.0,dhaka,"৳7,700,000","Pirerbag, Mirpur",7700000.0
"Built With Modern Amenities, Check This Flat For Sale Which Is 1250 Sq Ft In Shah Ali Bag",3.0,3.0,8,vacant,1250.0,dhaka,"৳7,000,000","Section 1, Mirpur",7000000.0
"Looking For A Tasteful Home To Buy In Vashantek, Check This One",3.0,2.0,3,vacant,950.0,dhaka,"৳4,400,000","Vashantek, Cantonment",4400000.0
A 1400 Sq Ft Flat Is Up For Sale In A Well Secured Location Of South Pirerbag,3.0,3.0,13,vacant,1400.0,dhaka,"৳8,200,000","Pirerbag, Mirpur",8200000.0
This 1575 Square Feet Amazing And Modern Apartment At Maghbazar Is For Sale,3.0,4.0,5,vacant,1575.0,dhaka,"৳16,000,000","Doctor Goli, Maghbazar",16000000.0
1400 Sq Ft Apartment Is Ready For Sale In Mirpur,3.0,3.0,9,vacant,1400.0,dhaka,"৳8,140,000","Section 12, Mirpur",8140000.0
Select Your Next Residing Place At This Nice Flat Of 975 Sq Ft In Borobag Mirpur,3.0,2.0,5,vacant,975.0,dhaka,"৳5,000,000","Section 2, Mirpur",5000000.0
"Buy This Beautiful 1350 Sq Ft Ready Flat In Dakshin Khan, Sobur Khan Road",3.0,3.0,9,vacant,1350.0,dhaka,"৳6,500,000","Sobur khan Road, Dakshin Khan",6500000.0
"At Ibrahimpur , This 1115 Square Ft. Nice Flat Is Up For Sale Within Your Affordability.",3.0,2.0,4,vacant,1115.0,dhaka,"৳5,800,000","Kamal Khan Road, Ibrahimpur",5800000.0
1000 Sq Ft Flat With 2 Bedrooms Is Up For Sale In Dakshin Khan,2.0,2.0,4,vacant,1000.0,dhaka,"৳6,000,000","East Azampur, Dakshin Khan",6000000.0
"At North Pirerbag , A 1250 Sq Ft Well Fitted Residential Property Is For Sale Close To Digun Public School .",3.0,3.0,9,vacant,1250.0,dhaka,"৳6,500,000","Pirerbag, Mirpur",6500000.0
Offering You A Nice Flat For Sale In Middle Badda Near Badda High School,3.0,3.0,8,vacant,1650.0,dhaka,"৳16,000,000","Middle Badda, Badda",16000000.0
Plan to move in this 1654 SQ FT flat which is up for sale in Uttara 18,3.0,4.0,8,vacant,1654.0,dhaka,"৳9,500,000","Sector 18, Uttara",9500000.0
"A Satisfactory 1245 Square Feet Flat Is Ready For Sale In Tejgaon, West Nakhalpara",3.0,3.0,9,vacant,1245.0,dhaka,"৳9,000,000","West Nakhalpara, Tejgaon",9000000.0
In Middle Paikpara A Standard Flat Is For Sale Which Is 915 Sq. Ft,3.0,2.0,4,vacant,915.0,dhaka,"৳4,000,000","Middle Paikpara, Mirpur",4000000.0
A Well-constructed 250 Sq Ft Flat Is For Sale In Bashundhara R-a,1.0,1.0,3,vacant,250.0,dhaka,"৳3,400,000","Block C, Bashundhara R-A",3400000.0
"1000 Sq Ft Flat Of Great Quality Is For Sale In Middle Paikpara, Mirpur",3.0,2.0,8,vacant,1000.0,dhaka,"৳5,500,000","Middle Paikpara, Mirpur",5500000.0
"An Apartment Is Ready For Sale At Pallabi , Near Baitur Rahmat Jame Masjid.",2.0,2.0,2,vacant,1200.0,dhaka,"৳7,000,000","Pallabi, Mirpur",7000000.0
"Reasonably Priced A Residential Flat Of 1206 Sq Ft Is Ready For Track Down In Iqbal Road, Mohammadpur .",3.0,3.0,4,vacant,1206.0,dhaka,"৳14,000,000","Iqbal Road, Mohammadpur",14000000.0
To Get A Trouble Free Life You Can Take Buy This 650 Sq Ft House In Mirpur 12,2.0,2.0,1,vacant,650.0,dhaka,"৳3,200,000","Section 12, Mirpur",3200000.0
1050 SQ FT flat is now Vacant for sale in West Monipur,3.0,2.0,5,vacant,1050.0,dhaka,"৳4,725,000","West Monipur, Mirpur",4725000.0
Fill Up Your Days With Enjoyment By Buying This Peaceful Flat Of 950 Sq Ft In Mirpur,2.0,2.0,1,vacant,950.0,dhaka,"৳4,275,000","East Shewrapara, Mirpur",4275000.0
"Get A Look At This Lovely Flat For Sale Featuring 1600 Sq Ft In Block A, Chandrima Model Town",4.0,4.0,12,vacant,1600.0,dhaka,"৳7,500,000","Chandrima Model Town, Mohammadpur",7500000.0
650 Sq Ft Apartment For Sale,2.0,2.0,4,vacant,650.0,dhaka,"৳3,500,000","Section 6, Mirpur",3500000.0
This 1015 Sq.ft Home In Rajanigandha Residential Area Is Up For Sale In A Wonderful Neighborhood,2.0,2.0,5,vacant,1015.0,dhaka,"৳6,000,000","Section 15, Mirpur",6000000.0
Grab This 1125 Sq Ft Flat Up For Sale In Dakshin Khan,3.0,2.0,7,vacant,1125.0,dhaka,"৳4,775,000","Faydabad, Dakshin Khan",4775000.0
A Well-featured 1095 Sq Ft Residence Is Ready For Sale At Ashkona,3.0,2.0,6,vacant,1095.0,dhaka,"৳7,500,000","Ashkona, Dakshin Khan",7500000.0
A Dazzling 1000 Sq Ft Residential Property Is Up For Sale Located At Ashkona,3.0,2.0,6,vacant,1000.0,dhaka,"৳7,000,000","Ashkona, Dakshin Khan",7000000.0
"Situated In Dakshin Khan, 800 Sq Ft An Apartment Is Up For Sale Close To Haji Billet Ali School",2.0,2.0,5,vacant,800.0,dhaka,"৳4,000,000","Chalabon, Dakshin Khan",4000000.0
"1616 Sq Ft Flat For Sale In Ecb Main Road, Manikdi",3.0,3.0,8,vacant,1616.0,dhaka,"৳7,272,000","Manikdi, Cantonment",7272000.0
A Nicely Build 1140 Sq Ft Three Bed Apartment Is Available For Sale In Senpara Mirpur.,3.0,2.0,8,vacant,1140.0,dhaka,"৳6,200,000","Section 10, Mirpur",6200000.0
A Beautiful Apartment For Sale Is All Set For You In Mirpur Nearby Senpara Jame Masjid.,3.0,3.0,6,vacant,1465.0,dhaka,"৳8,800,000","Section 10, Mirpur",8800000.0
"Nice Flat Can Be Found In Mirpur For Sale , Near Mirpur Adarsha Biddyaniketon School",2.0,2.0,4,vacant,650.0,dhaka,"৳2,400,000","Section 6, Mirpur",2400000.0
Visit This Flat For Sale In Mirpur Nearby Shaheed Abu Taleb High School,2.0,2.0,5,vacant,750.0,dhaka,"৳4,200,000","Section 10, Mirpur",4200000.0
Visit This Apartment For Sale In Faydabad Near Hazrat Belal (Rah) Jame Masjid.,4.0,3.0,7,vacant,1160.0,dhaka,"৳4,408,000","Faydabad, Dakshin Khan",4408000.0
This Flat Of 1350 Sq Ft For Sale Is Ready To Arrange Desirable Dwelling Facilities For You In Mohammadpur,3.0,3.0,6,vacant,1350.0,dhaka,"৳8,800,000","Shekhertek, Mohammadpur",8800000.0
1000 Square Feet Apartment For Sale Is Ready To Offer You A Suitable Home Experience In Mirpur,2.0,2.0,1,vacant,1000.0,dhaka,"৳3,500,000","East Shewrapara, Mirpur",3500000.0
Buy This 1770 Sq Ft Flat In Mirpur-12,3.0,3.0,9,vacant,1770.0,dhaka,"৳9,000,000","Section 12, Mirpur",9000000.0
"Be Satisfied In This 1180 Sq Ft Amazing Flat For Sale In Mirpur, Kallyanpur",3.0,3.0,6,vacant,1180.0,dhaka,"৳5,500,000","Kallyanpur, Mirpur",5500000.0
Buy This Flat At Rupnagar R/A For The Ideal Urban Lifestyle You Dream About.,4.0,4.0,3,vacant,1250.0,dhaka,"৳6,800,000","Rupnagar R/A, Mirpur",6800000.0
"This 850 Sq Ft Flat For Sale In Mirpur, East Monipur",2.0,2.0,3,vacant,850.0,dhaka,"৳5,100,000","East Monipur, Mirpur",5100000.0
This 1220 Sq.ft Flat Which Is In Kallyanpur Near IBN SINA Medical College Hospital For Sale Will Ensure Your Higher Quality Of Living,3.0,3.0,8,vacant,1220.0,dhaka,"৳7,000,000","Kallyanpur, Mirpur",7000000.0
Get This Well Defined 850 Sq Ft Flat For Sale In Rupnagar R/a,2.0,2.0,5,vacant,850.0,dhaka,"৳5,300,000","Rupnagar R/A, Mirpur",5300000.0
"A Nice 600 Square Feet Apartment Is Up For Sale At Block C, Mirpur-11",2.0,2.0,3,vacant,600.0,dhaka,"৳2,300,000","Section 11, Mirpur",2300000.0
"Plan To Move In This 1350 Sq Ft Flat Which Is For Sale In Block K, Bashundhara R/A",3.0,3.0,1,vacant,1350.0,dhaka,"৳12,000,000","Block K, Bashundhara R-A",12000000.0
Make Your Permanent Residence In This 680 Square Feet Flat Up For Sale In Gandaria,2.0,2.0,4,vacant,680.0,dhaka,"৳4,000,000","Gandaria, Sutrapur",4000000.0
Ready To Move |2004 Sq Ft Apartment | Well Maintained In Uttara,3.0,4.0,2,vacant,2004.0,dhaka,"৳17,500,000","Sector 4, Uttara",17500000.0
Grab This 1420 Square Feet Flat For Sale In Mirpur-6,3.0,3.0,4,vacant,1420.0,dhaka,"৳11,500,000","Section 6, Mirpur",11500000.0
1274 Sq Ft 3 Bed Apt. Is Available For Sale In Banasree,3.0,3.0,6,vacant,1274.0,dhaka,"৳10,500,000","Block G, Banasree",10500000.0
1500 Sq Ft Ready Flat For Sale In Uttara-13,3.0,4.0,5,vacant,1500.0,dhaka,"৳13,500,000","Sector 13, Uttara",13500000.0
"1250 Sq Ft Residential Flat For Sale In Mirpur, West Monipur",3.0,3.0,6,vacant,1250.0,dhaka,"৳8,000,000","West Monipur, Mirpur",8000000.0
"1250 Sq Ft Residential Flat For Sale In West Monipur, Mirpur",3.0,3.0,5,vacant,1250.0,dhaka,"৳8,000,000","West Monipur, Mirpur",8000000.0
Well Planned 1150 Sq Ft Residential Flat For Sale In Mirpur,3.0,3.0,8,vacant,1150.0,dhaka,"৳8,200,000","West Monipur, Mirpur",8200000.0
1680 Sq Ft Flat For Sale In Uttar Badda,3.0,4.0,2,vacant,1680.0,dhaka,"৳11,000,000","Uttar Badda, Badda",11000000.0
1400 Sq Ft Residential Apartment For Sale In Mirpur,3.0,3.0,2,vacant,1400.0,dhaka,"৳8,400,000","Ahmed Nagar, Mirpur",8400000.0
Covering 1204 Sq Ft Space A Nice Flat Is Ready To Sale In Mirpur,3.0,3.0,6,vacant,1204.0,dhaka,"৳7,500,000","Ahmed Nagar, Mirpur",7500000.0
1350 Sq Ft Residential Flat For Sale In Mirpur,3.0,3.0,5,vacant,1350.0,dhaka,"৳9,500,000","Pallabi, Mirpur",9500000.0
"At Pallabi, A Suitable Flat Is Up For Sale Which Is 1050 Sq Ft",2.0,2.0,4,vacant,1050.0,dhaka,"৳6,300,000","Pallabi, Mirpur",6300000.0
Modest 1100 Sq Ft Flat For Sale In Banasree,3.0,2.0,3,vacant,1100.0,dhaka,"৳8,500,000","Block E, Banasree",8500000.0
"Here Is A Well Defined Flat Of 1700 Sq Ft Waiting For Sale At Section 7, Mirpur",3.0,3.0,3,vacant,1700.0,dhaka,"৳13,600,000","Section 7, Mirpur",13600000.0
"Well Organized Flat Of 1700 Sq Ft Is Now Vacant For Sale In Section 7, Mirpur",3.0,3.0,3,vacant,1700.0,dhaka,"৳13,600,000","Section 7, Mirpur",13600000.0
1200 Sq Ft Apartment Is Ready For Sale In Mohammadpur,3.0,3.0,1,vacant,1200.0,dhaka,"৳6,700,000","Shekhertek, Mohammadpur",6700000.0
"Start A New Home, In This, 1370 Sq Ft Flat For Sale In Green Road",3.0,4.0,4,vacant,1370.0,dhaka,"৳9,500,000","Green Road, Kalabagan",9500000.0
Visit This Apartment For Sale In West Nakhalpara Near Nakhalpara Chhapra Mosjid.,3.0,2.0,1,vacant,1150.0,dhaka,"৳6,500,000","West Nakhalpara, Tejgaon",6500000.0
840 SQ FT flat is now Vacant for sale in Kafrul,2.0,2.0,8,vacant,840.0,dhaka,"৳5,000,000","North Kafrul Rd, Kafrul",5000000.0
"Ensure This 1450 Sq Ft Apartment To Reside In, By Buying It In Ibrahimpur",3.0,3.0,6,vacant,1450.0,dhaka,"৳9,500,000","Monipuri School Road, Ibrahimpur",9500000.0
"1050 Sq Ft Apartment With 2 Balconies For Sale In Mirpur, Ahmed Nagar",3.0,2.0,1,vacant,1050.0,dhaka,"৳5,500,000","Ahmed Nagar, Mirpur",5500000.0
Nice 1050 SQ FT flat is available for sale in Taltola,2.0,2.0,3,vacant,1050.0,dhaka,"৳5,000,000","Taltola, Agargaon",5000000.0
A Nice Apartment For Sale In Mirpur Near Brac Bank,2.0,2.0,5,vacant,650.0,dhaka,"৳3,200,000","Section 6, Mirpur",3200000.0
An Easy Accessible 1618 Sq Ft Ready Apartment Suitable For Family Close To Polwel Carnation At Uttara Is Up For Sale.,3.0,3.0,3,vacant,1618.0,dhaka,"৳12,500,000","Sector 9, Uttara",12500000.0
"Picture Yourself, Residing In This Well-constructed And Planned 1450 Sq Ft Apartment In Bashundhara R-a Which Is Now For Sale",3.0,3.0,6,vacant,1450.0,dhaka,"৳12,000,000","Block E, Bashundhara R-A",12000000.0
"Buy This Great 1290 Sq Ft Residential Flat In Mirpur-1, North Bishil",3.0,3.0,2,vacant,1290.0,dhaka,"৳6,500,000","Section 1, Mirpur",6500000.0
"1300 Sq Ft Apartment With 3 Bedrooms For Sale In Hazaribag, Jigatola",3.0,3.0,1,vacant,1300.0,dhaka,"৳6,000,000","Jigatola, Hazaribag",6000000.0
Buy This 772 Sq Ft Apartment In Mirpur-10,2.0,2.0,8,vacant,772.0,dhaka,"৳4,300,000","Section 10, Mirpur",4300000.0
Offering You 1495 Sq Ft Flat For Sale In Ranavola,3.0,3.0,7,vacant,1495.0,dhaka,"৳7,000,000","Ranavola, Turag",7000000.0
"650 Sq. Ft. Flat Is Now Up For Sale Located In Mirpur, Block C",2.0,2.0,1,vacant,650.0,dhaka,"৳3,500,000","Section 12, Mirpur",3500000.0
Plan To Move In This 650 Sq Ft Flat Which Is Up For Sale In Mirpur 12,2.0,2.0,4,vacant,650.0,dhaka,"৳3,200,000","Section 12, Mirpur",3200000.0
Find 1200 Sq Ft Flat Available For Sale In Paikpara,3.0,3.0,6,vacant,1200.0,dhaka,"৳5,500,000","Ahmed Nagar, Mirpur",5500000.0
"Choose Your Destination, 1200 Sq Ft Flat Which Is Available For Sale In Ahmed Nagar",3.0,3.0,5,vacant,1200.0,dhaka,"৳5,500,000","Ahmed Nagar, Mirpur",5500000.0
Offering You 1200 Sq Ft Flat For Sale In Paikpara,3.0,3.0,1,vacant,1200.0,dhaka,"৳5,500,000","Ahmed Nagar, Mirpur",5500000.0
"This Comfy Flat Is Vacant Right Now For Sale In East Kazipara, Which Is 1120 Sq Ft",3.0,2.0,9,vacant,1120.0,dhaka,"৳5,500,000","East Kazipara, Mirpur",5500000.0
800 Sq Ft Flat Is Now For Sale In West Ahmed Nagar,2.0,2.0,3,vacant,800.0,dhaka,"৳4,000,000","Ahmed Nagar, Mirpur",4000000.0
New with a view – 1000 SQ FT Flat for Sale in West Shewrapara,3.0,2.0,1,vacant,1000.0,dhaka,"৳6,000,000","West Shewrapara, Mirpur",6000000.0
Deal With This 1030 Sq Ft Apartment For Sale In Mirpur-7,3.0,2.0,6,vacant,1030.0,dhaka,"৳6,000,000","Section 7, Mirpur",6000000.0
At Mirpur Flat For Sale Close To Prince Bazar,3.0,3.0,9,vacant,1250.0,dhaka,"৳6,700,000","Section 1, Mirpur",6700000.0
"1105 Square Feet Flat Is Waiting For Sale At Begum Rokeya Sharani, East Kazipara",3.0,3.0,7,vacant,1105.0,dhaka,"৳7,500,000","East Kazipara, Mirpur",7500000.0
"Live Pleasantly In This 970 Sq Ft Apartment For Sale In East Kazipara, Mirpur",2.0,2.0,1,vacant,970.0,dhaka,"৳4,000,000","East Kazipara, Mirpur",4000000.0
Buy This 1239 Sq Ft Flat With 3 Bedrooms For Sale In Uttara-12,3.0,3.0,6,vacant,1239.0,dhaka,"৳11,000,000","Sector 12, Uttara",11000000.0
"1040 Sq Ft Apartment With 2 Bedrooms For Sale In Section 15, Mirpur",2.0,2.0,5,vacant,1040.0,dhaka,"৳6,200,000","Section 15, Mirpur",6200000.0
"View This 1350 Sq Ft Residential Flat For Sale In Mirpur, Middle Monipur",3.0,3.0,1,vacant,1350.0,dhaka,"৳8,500,000","Middle Monipur, Mirpur",8500000.0
1660 Sq Ft Decent Flat With 3 Bedrooms For Sale In Uttara-12,3.0,3.0,1,vacant,1660.0,dhaka,"৳10,500,000","Sector 12, Uttara",10500000.0
"Take A Look At This 1497 Sq Ft Apartment For Sale In Agargaon, Taltola",4.0,4.0,1,vacant,1497.0,dhaka,"৳9,500,000","Taltola, Agargaon",9500000.0
Suitable 1000 Sq Ft Residential Flat For Sale In Mirpur,3.0,2.0,4,vacant,1000.0,dhaka,"৳6,500,000","Section 1, Mirpur",6500000.0
"At Mirpur, A 700 Sq Ft Residential Property Is On Sale",3.0,1.0,5,vacant,700.0,dhaka,"৳2,000,000","Section 1, Mirpur",2000000.0
"Make This 925 Sq Ft Flat Your Next Residing Location, Which Is Up To Sale In Uttara Near City Bank",2.0,2.0,5,vacant,925.0,dhaka,"৳5,500,000","Sector 12, Uttara",5500000.0
"1250 Square Feet Residential Flat For Sale In Dakshin Khan, Faydabad",3.0,3.0,4,vacant,1250.0,dhaka,"৳7,000,000","Faydabad, Dakshin Khan",7000000.0
"View This 1750 Sq Ft Flat For Sale In South Baridhara Residential Area, D.i.t. Project",3.0,3.0,4,vacant,1750.0,dhaka,"৳11,000,000","South Baridhara Residential Area,D. I. T. Project, Badda",11000000.0
"Live At Peace In A Nice And Comfortable 1750 Sq Ft Flat, Located At Bashundhara.",3.0,3.0,1,vacant,1750.0,dhaka,"৳16,000,000","Block F, Bashundhara R-A",16000000.0
Ready Flat For Sale In Badhundhara R/a Nearby Rupayan Shopping Complex,3.0,3.0,7,vacant,1600.0,dhaka,"৳14,500,000","Block F, Bashundhara R-A",14500000.0
"Well Organized Flat Of 1350 Sq Ft Is Now Vacant For Sale In Sector 11, Uttara",3.0,3.0,6,vacant,1350.0,dhaka,"৳13,500,000","Sector 11, Uttara",13500000.0
Lovely Apartment Of 852 Sq Ft Is Up For Sale In Middle Monipur,2.0,2.0,8,vacant,852.0,dhaka,"৳4,800,000","Middle Monipur, Mirpur",4800000.0
"1850 Square Feet Flat With Cozy Rooms Is Available For Sale In Bashundhara R-a, Block F",3.0,3.0,5,vacant,1850.0,dhaka,"৳15,725,000","Block F, Bashundhara R-A",15725000.0
Ready To Move In! Check This 1675 Sq. Ft Apartment For Sale In Dakshin Khan,4.0,4.0,8,vacant,1675.0,dhaka,"৳11,500,000","Madhya Ajampur, Dakshin Khan",11500000.0
Suitable 1250 Sq Ft Residential Flat For Sale In Rupnagar R/A,3.0,3.0,2,vacant,1250.0,dhaka,"৳7,500,000","Rupnagar R/A, Mirpur",7500000.0
"1250 Sq Ft Flat Is Being Constructed For Sale In Badda, Merul Badda",3.0,3.0,3,vacant,1250.0,dhaka,"৳7,500,000","Merul Badda, Badda",7500000.0
At Nobodoy Housing Society 700 Square Feet Flat Is For Sale,2.0,2.0,5,vacant,700.0,dhaka,"৳3,000,000","Nobodoy Housing Society, Mohammadpur",3000000.0
Nearly Finished 1350 Sq Ft Residential Flat For Sale In Mirpur 10,3.0,3.0,3,vacant,1350.0,dhaka,"৳13,500,000","Section 10, Mirpur",13500000.0
1400 Sq Ft Flat For Sale In Merul Badda,3.0,3.0,4,vacant,1400.0,dhaka,"৳8,500,000","Merul Badda, Badda",8500000.0
"Perfect For A Family Home, This Apartment Of 970 Sq Ft Is Up For Sale In Merul Badda",2.0,2.0,2,vacant,970.0,dhaka,"৳8,500,000","Merul Badda, Badda",8500000.0
"Reside Conveniently In This Well Constructed 1760 Sq Ft Flat For Sale In Maghbazar, Near The Millennium University.",4.0,4.0,10,vacant,1760.0,dhaka,"৳14,500,000","Outer Circular Road, Maghbazar",14500000.0
Suitable 1360 Sq Ft Residential Apartment For Sale In Chandrima Model Town,3.0,3.0,9,vacant,1360.0,dhaka,"৳7,500,000","Chandrima Model Town, Mohammadpur",7500000.0
"1600 Square Feet Flat For Sale In Aftab Nagar, Block D",3.0,3.0,1,vacant,1600.0,dhaka,"৳12,800,000","Block D, Aftab Nagar",12800000.0
Checkout This 1500 Sq Ft Flat For Sale In Mirpur-6,3.0,3.0,8,vacant,1500.0,dhaka,"৳11,500,000","Section 6, Mirpur",11500000.0
"Visit This Apartment For Sale In Mirpur, 2nd Colony",2.0,2.0,5,vacant,750.0,dhaka,"৳2,625,000","2nd Colony, Mirpur",2625000.0
A 1800 Sq Ft Flat Is Here For Sale At Mohammadpur,4.0,4.0,2,vacant,1800.0,dhaka,"৳14,400,000","Bash Bari Road, Mohammadpur",14400000.0
"Invest In This 3 Katha Plot Ready For Sale In Demra, Amulia Model Town",,,,vacant,2184.0,dhaka,"৳6,000,000","Amulia Model Town, Demra",6000000.0
"1120 Sq Ft Flat Is Up For Sale With Durable Fittings In Ibrahimpur, North Kafrul Road",3.0,3.0,8,vacant,1120.0,dhaka,"৳5,040,000","North Kafrul Road, Ibrahimpur",5040000.0
Check This 1250 Sq.ft -3 Bedroom Apartment Up For Sale At Cantonment Very Near To Manikdi Islamia Senior Madrasha.,3.0,3.0,3,vacant,1250.0,dhaka,"৳5,000,000","Manikdi, Cantonment",5000000.0
"Plan To Move In This 1300 Sq Ft Flat Which Is For Sale In Mirbag Notun Rasta, Maghbazar",3.0,3.0,7,vacant,1300.0,dhaka,"৳11,050,000","Mirbag Notun Rasta, Maghbazar",11050000.0
"Look At This Nice 1200 Sq Ft Flat Is Up For Sale At Section 1, Mirpur",3.0,3.0,6,vacant,1200.0,dhaka,"৳8,700,000","Section 1, Mirpur",8700000.0
"A 1450 Sq Ft Flat Is Up For Sale In A Well Secured Location Of Block H, Banasree",3.0,3.0,9,vacant,1450.0,dhaka,"৳11,500,000","Block H, Banasree",11500000.0
1450 Sq Ft Vacant Flat For Family Is Ready For Sale At Uttara Close To North Tower,3.0,3.0,5,vacant,1450.0,dhaka,"৳9,500,000","Sector 10, Uttara",9500000.0
View This 1680 Sq Ft Ready Flat For Sale In Khilkhet,3.0,3.0,6,vacant,1680.0,dhaka,"৳8,400,000","Dorji Bari Road, Khilkhet",8400000.0
"A Perfect Flat Of 1000 Sq Ft For Living With Family Is Available For Sale At Janata Housing, Mirpur",3.0,2.0,3,vacant,1000.0,dhaka,"৳6,500,000","Section 1, Mirpur",6500000.0
1100 Sq Ft Residential Apartment For Sale In Mirpur 10,3.0,3.0,2,vacant,1100.0,dhaka,"৳6,700,000","Section 10, Mirpur",6700000.0
1400 Sq Ft Residential Flat For Sale In Mirpur-10,3.0,3.0,2,vacant,1400.0,dhaka,"৳9,200,000","Section 10, Mirpur",9200000.0
"950 Sq Ft Flat For Sale In East Rampura, Tv Road",3.0,2.0,,vacant,950.0,dhaka,"৳7,000,000","East Rampura, Rampura",7000000.0
Lovely Apartment Of 950 Sq Ft Is Up For Sale In East Rampura,2.0,2.0,4,vacant,950.0,dhaka,"৳6,700,000","East Rampura, Rampura",6700000.0
1150 Sq Feet Flat For Sale Close To Darussalam Government Primary School,3.0,3.0,2,vacant,1150.0,dhaka,"৳5,750,000","Darussalam, Mirpur",5750000.0
1350 Sq Ft Flat Is Ready To Sale In Mirpur-10,3.0,3.0,1,vacant,1350.0,dhaka,"৳10,150,000","Section 10, Mirpur",10150000.0
"Picture Yourself, Residing In This Well Constructed And Planned 850 Sq Ft Flat In Mirpur For Sale",2.0,2.0,5,vacant,850.0,dhaka,"৳4,000,000","West Kazipara, Mirpur",4000000.0
"1120 Sq Ft Flat For Family, Is Ready For Sale At Mirpur",3.0,3.0,1,vacant,1120.0,dhaka,"৳5,600,000","Section 2, Mirpur",5600000.0
1100 Sq Ft Flat For Sale In Mirpur Section 6,3.0,3.0,5,vacant,1100.0,dhaka,"৳8,000,000","Section 6, Mirpur",8000000.0
View This Cozy 1100 Square Feet Apartment For Sale In Manikdi,3.0,2.0,3,vacant,1100.0,dhaka,"৳4,950,000","Manikdi, Cantonment",4950000.0
"Lead Your Life In This 1450 Sq Ft Flat Up For Sale In Badda, Khilbari Tek",3.0,3.0,2,vacant,1450.0,dhaka,"৳10,150,000","Khilbari Tek, Badda",10150000.0
Banasree Is Offering You A 1940 Sq Ft Apartment Ready For Sale,4.0,4.0,9,vacant,1940.0,dhaka,"৳13,968,000","Block J, Banasree",13968000.0
Buy This 1350 Sq Ft Apartment Available In Uttar Badda,3.0,3.0,3,vacant,1350.0,dhaka,"৳8,000,000","Uttar Badda, Badda",8000000.0
"1322 Sq Ft Nicely Planned Apartment Is Available For Sale In Shahjadpur, Badda",3.0,3.0,4,vacant,1322.0,dhaka,"৳9,000,000","Shahjadpur, Badda",9000000.0
"1635 Sq Ft Apartment Is Ready For Sale In Aftab Nagar, Block G",4.0,3.0,1,vacant,1635.0,dhaka,"৳10,627,500","Block G, Aftab Nagar",10627500.0
"1850 Sq Ft Apartment Is Ready For Sale In Aftab Nagar, Block E, Sector 1",3.0,3.0,2,vacant,1850.0,dhaka,"৳14,800,000","Block E, Aftab Nagar",14800000.0
"Pick This 1325 Sq Ft Apartment For Sale In Aftab Nagar, Block F",3.0,3.0,1,vacant,1325.0,dhaka,"৳9,275,000","Block F, Aftab Nagar",9275000.0
"Buy This 1220 Sq Ft Flat In Taltola, Khilgaon",3.0,3.0,5,vacant,1220.0,dhaka,"৳9,500,000","Taltola, Khilgaon",9500000.0
"To Live A Secure Life You Can Take This 1275 Sq Ft Flat For Sale At Kallyanpur, Mirpur",3.0,3.0,8,vacant,1275.0,dhaka,"৳8,600,000","Kallyanpur, Mirpur",8600000.0
"1570 Sq Ft Convenient Apartment Is Here Ready For Sale In Shah Ali Bag, Mirpur",4.0,4.0,7,vacant,1570.0,dhaka,"৳12,500,000","Section 1, Mirpur",12500000.0
We Are Offering A Reasonably Priced Flat For Sale Which Is Featuring 800 Sq Ft Space In Baitul Aman Housing Society,2.0,2.0,6,vacant,800.0,dhaka,"৳5,600,000","Baitul Aman Housing Society, Adabor",5600000.0
"Get This 950 Sq Ft Flat For Sale In Kazipara, Mirpur",2.0,2.0,8,vacant,950.0,dhaka,"৳6,100,000","East Kazipara, Mirpur",6100000.0
"Checkout This 1000 Sq Ft Flat Set To Sale In Mirpur, East Kazipara",2.0,2.0,8,vacant,1000.0,dhaka,"৳6,500,000","East Kazipara, Mirpur",6500000.0
"Deal With This 975 Sq Ft Flat Up For Sale In Kazipara, Mirpur",2.0,2.0,6,vacant,975.0,dhaka,"৳6,300,000","East Kazipara, Mirpur",6300000.0
"Visit This 1000 Sq Ft Flat, Which Is Up For Sale In Mirpur, East Kazipara",2.0,2.0,6,vacant,1000.0,dhaka,"৳6,500,000","East Kazipara, Mirpur",6500000.0
"Look At This Nice 980 Sq Ft Flat Is Up For Sale At Section 10, Mirpur",2.0,2.0,3,vacant,980.0,dhaka,"৳5,500,000","Section 10, Mirpur",5500000.0
"Pursue This 975 Sq Ft Flat Up For Sale In East Kazipara, Mirpur",2.0,2.0,3,vacant,975.0,dhaka,"৳6,337,500","East Kazipara, Mirpur",6337500.0
"1285 Sq Ft Apartment With 3 Bedrooms For Sale In Banasree, Block D",3.0,3.0,2,vacant,1285.0,dhaka,"৳11,000,000","Block D, Banasree",11000000.0
"1400 Sq Ft Apartment For Sale In Ak Fazlul Haque Babu Rd, East Kazipara, Mirpur",3.0,3.0,4,vacant,1400.0,dhaka,"৳6,300,000","East Kazipara, Mirpur",6300000.0
"Make this 1310 SQ FT flat your next residing location, which is up for sale in Mirpur",3.0,3.0,7,vacant,1310.0,dhaka,"৳9,200,000","Kallyanpur, Mirpur",9200000.0
Graceful Flat Of 850 Sq Ft Is Prepared For Sale In Pallabi Eastern Housing.,2.0,2.0,5,vacant,850.0,dhaka,"৳2,500,000","Pallabi, Mirpur",2500000.0
A Modern Well-planned Flat Of 1256 Sq Ft Is Up For Sale Is Situated In Aftab Nagar,3.0,2.0,5,vacant,1256.0,dhaka,"৳6,500,000","Block H, Aftab Nagar",6500000.0
We Have A 1200 Sq.Ft -3 Bedroom Flat For Sale In Uttar Badda Nearby AMZ Hospital Ltd.,3.0,3.0,9,vacant,1200.0,dhaka,"৳6,050,000","Uttar Badda, Badda",6050000.0
Comfortable And Nicely Planned 1530 Sq Ft Flat In Shegunbagicha For Sale,3.0,3.0,9,vacant,1530.0,dhaka,"৳15,500,000","Topkhana Road, Shegunbagicha",15500000.0
"This 650 Sq Ft Apartment For Sale In Mirpur Section 12, Next To Doctor Muhammad Shahidullah Adarsha Uchcha Madhyamik Bidyapith.",2.0,2.0,4,vacant,650.0,dhaka,"৳4,600,000","Section 12, Mirpur",4600000.0
1316 Sq Ft Fine Flat Is Now For Sale Which Is In Bashundhara R/a Near To Iub,3.0,4.0,3,vacant,1316.0,dhaka,"৳13,500,000","Block C, Bashundhara R-A",13500000.0
1207 SQ FT flat is now for sale in Badda near to Southeast Bank,3.0,3.0,6,vacant,1207.0,dhaka,"৳12,870,000","Shahjadpur, Badda",12870000.0
A Fine Flat Is Now For Sale Which Is In Agargaon Near Agargaon Taltola Colony High School &amp; Womens&#039; College,3.0,3.0,5,vacant,1400.0,dhaka,"৳6,500,000",Agargaon,6500000.0
An Apartment Is Up For Sale In Kallyanpur.,3.0,3.0,4,vacant,1430.0,dhaka,"৳8,580,000","Kallyanpur, Mirpur",8580000.0
Flat For Sale In Arambag R/a Near Al Arabia Jame Masjid And Madrasa,3.0,3.0,8,vacant,1310.0,dhaka,"৳7,205,000","Arambag Residential Area, Mirpur",7205000.0
Check this apartment for sale at Mirpur near Shahidbag Masjid,2.0,2.0,5,vacant,650.0,dhaka,"৳2,200,000","Section 12, Mirpur",2200000.0
"850 Sq Ft Flat For Sale In Taltola, Khilgaon",2.0,2.0,2,vacant,850.0,dhaka,"৳5,500,000","Taltola, Khilgaon",5500000.0
Reasonable 1600 Sq Ft Flat Is Available For Sale In Badda Near To Badda Post Office,4.0,3.0,4,vacant,1600.0,dhaka,"৳12,000,000","Middle Badda, Badda",12000000.0
1375 Sq. Ft. flat is now up for sale located in Mirpur DOHS,3.0,3.0,1,vacant,1375.0,dhaka,"৳12,000,000","Mirpur DOHS, Mirpur",12000000.0
"A Nicely Build 1050 Sq Ft Apartment Is Vacant For Sale In Mirpur, Turag City",2.0,2.0,1,vacant,1050.0,dhaka,"৳5,500,000","Section 1, Mirpur",5500000.0
650 Sq. Ft. Residential Apartment Is On Sale In Mirpur Near Pallabi Police Station,2.0,2.0,5,vacant,650.0,dhaka,"৳2,200,000","Section 12, Mirpur",2200000.0
Are you in hurry? No worries! You Can Take This 1250 Sq Ft Flat for Sale in East Shewrapara,3.0,3.0,4,vacant,1250.0,dhaka,"৳9,000,000","East Shewrapara, Mirpur",9000000.0
Buy This 1250 Square Feet Apartment In Baitul Aman Housing Society,3.0,3.0,6,vacant,1250.0,dhaka,"৳15,000,000","Baitul Aman Housing Society, Adabor",15000000.0
"A Rightly Planned 1350 Sq Ft Flat Is Found For Sale In East Hazipara, East Rampura",3.0,3.0,2,vacant,1350.0,dhaka,"৳11,000,000","East Rampura, Rampura",11000000.0
"Dwell In This 1350 Sq Ft Flat Up For Sale In Mohammadpur, Katashur",3.0,3.0,9,vacant,1350.0,dhaka,"৳9,000,000","Katashur, Mohammadpur",9000000.0
This 1250 Sq Ft Well Defined Flat Is Now Vacant To Sale In Pirerbag,3.0,3.0,8,vacant,1250.0,dhaka,"৳7,000,000","Pirerbag, Mirpur",7000000.0
Best Location Mirpur | Spacious And Bright 3 Bedroom 1100 Sq Ft Apt. | For Sale,3.0,3.0,5,vacant,1100.0,dhaka,"৳6,100,000","Ahmed Nagar, Mirpur",6100000.0
Promising Under-construction 1100 Sq Ft Apartment For Sale In Mirpur,3.0,3.0,4,vacant,1100.0,dhaka,"৳6,100,000","Ahmed Nagar, Mirpur",6100000.0
"1900 Sq Ft Apartment Is Ready For Sale In Adabor, Dhaka Housing Main Road",3.0,4.0,9,vacant,1900.0,dhaka,"৳12,350,000","Dhaka Housing Main Road, Adabor",12350000.0
Visit 1308 Sq Ft Residential Flat For Sale In Mirpur,3.0,3.0,1,vacant,1308.0,dhaka,"৳6,600,000","Section 2, Mirpur",6600000.0
Here Is A Well Defined Flat Of 780 Sq Ft Waiting For Sale At Rupnagar R/A,2.0,2.0,1,vacant,780.0,dhaka,"৳4,000,000","Rupnagar R/A, Mirpur",4000000.0
1515 Sq Ft Residential Apartment For Sale In Banasree Block G,3.0,4.0,9,vacant,1515.0,dhaka,"৳12,877,500","Block G, Banasree",12877500.0
Offering You A 1370 Sq Ft Flat For Sale In Mirpur-2,3.0,3.0,1,vacant,1370.0,dhaka,"৳8,500,000","Section 2, Mirpur",8500000.0
"1260 Square Feet Flat Is Available For Sale In Bashundhara R-a, Block K",3.0,3.0,5,vacant,1260.0,dhaka,"৳10,710,000","Block K, Bashundhara R-A",10710000.0
"Grab This 1500 Square Feet Flat Available For Sale In Bashundhara R-a, Block K",3.0,3.0,3,vacant,1500.0,dhaka,"৳12,750,000","Block K, Bashundhara R-A",12750000.0
Offering You A 1070 Sq Ft Flat For Sale In Mohammadi Housing LTD,3.0,3.0,6,vacant,1070.0,dhaka,"৳7,490,000","Mohammadi Housing LTD., Mohammadpur",7490000.0
A 970 Sq.Ft Apartment For sale Is All Set For You In East Bashabo Close To Agrani Bank Limited,3.0,2.0,6,vacant,970.0,dhaka,"৳5,000,000","East Bashabo, Bashabo",5000000.0
Ready To Move in Dakshin Khan | 1475 SFT 3 bedroom Apt. | Well Maintained,3.0,3.0,9,vacant,1475.0,dhaka,"৳8,850,000","South Mollartek, Dakshin Khan",8850000.0
There Is 3 Bedroom Apartment Up For Sale In The Location Of Adabor Near Baitul Aman Housing Society Jame Mosque.,3.0,2.0,1,vacant,900.0,dhaka,"৳4,000,000","Baitul Aman Housing Society, Adabor",4000000.0
1260 Sft Well Maintained Apartment For Sale At Mirpur Dhaka,3.0,3.0,4,vacant,1260.0,dhaka,"৳8,000,000","Middle Monipur, Mirpur",8000000.0
"1596 Sq Ft 3 Bed Apt. Is Available To Sale In Khilgaon, Dhaka",3.0,3.0,1,vacant,1596.0,dhaka,"৳10,374,000","Riazbag, Khilgaon",10374000.0
Residential Apartment For Sale in Aftab Nagar | 1350 SFT Apt. | Well Maintained,3.0,3.0,2,vacant,1350.0,dhaka,"৳10,800,000","Block M, Aftab Nagar",10800000.0
"1657 Square Feet Residential Flat With 3 Bedrooms For Sale In Uttara, Sector 18",3.0,3.0,2,vacant,1657.0,dhaka,"৳10,500,000","Sector 18, Uttara",10500000.0
980 Sq Ft Apartment Is Ready For Sale At Uttar Badda,2.0,2.0,2,vacant,980.0,dhaka,"৳4,500,000","Uttar Badda, Badda",4500000.0
Offering You A 1370 Sq Ft Flat For Sale In Uttar Badda,3.0,3.0,2,vacant,1370.0,dhaka,"৳7,800,000","Uttar Badda, Badda",7800000.0
"1420 Sqft Residential Speace Is For Sale, 1st Colony, Mazar Road , Mirpur-1",3.0,3.0,2,vacant,1420.0,dhaka,"৳10,500,000","1st Colony, Mirpur",10500000.0
Plan To Move In This 1599 Sq Ft Flat Which Is For Sale In Shahidbag,3.0,3.0,3,vacant,1599.0,dhaka,"৳15,990,000","Shahidbag, Malibagh",15990000.0
Offering You 2100 Sq Ft Flat For Sale In Pirerbag,8.0,6.0,3,vacant,2100.0,dhaka,"৳5,460,000","Pirerbag, Mirpur",5460000.0
Well Planned 1348 Sq Ft Flat For Sale In Aftab Nagar,3.0,3.0,1,vacant,1348.0,dhaka,"৳11,200,000","Block H, Aftab Nagar",11200000.0
"A Nice Flat Of 1445 Sq Ft Is Ready For Sale In Kachukhet , Near Muslim Modern College",3.0,3.0,2,vacant,1445.0,dhaka,"৳6,936,000","Muslim Modern College Road, Kachukhet",6936000.0
Visit This Apartment For Sale In West Shewrapara Near Baitun Noor Jame Masjid,3.0,3.0,4,vacant,1200.0,dhaka,"৳5,000,000","West Shewrapara, Mirpur",5000000.0
"A Comfortably Planned Flat of 1,150 Sq. Ft. is up for Sale Now In Agargaon",3.0,2.0,8,vacant,1150.0,dhaka,"৳6,325,000","Kutum Goli, Agargaon",6325000.0
In Agargaon 1150 SQ FT flat is available for sale which is now close to Momtaz Mansion Jame Masjid,3.0,2.0,3,vacant,1150.0,dhaka,"৳6,325,000","Kutum Goli, Agargaon",6325000.0
1050 Sq.Ft And 3 Bedroom Apartment For Sale In Ibrahimpur Near Ibrahimpur Central Jame Masjid,3.0,3.0,1,vacant,1050.0,dhaka,"৳3,750,000","Srjani road, Ibrahimpur",3750000.0
"At Joar Sahara, flat for Sale close to DBBL ATM",3.0,2.0,1,vacant,1200.0,dhaka,"৳5,500,000","Lichu Bagan Road, Joar Sahara",5500000.0
Visit This Apartment For Sale In Kallyanpur Near Kallyanpur Kazi Office.,4.0,3.0,1,vacant,1650.0,dhaka,"৳10,000,000","Kallyanpur, Mirpur",10000000.0
A Shop Is Up For Sale In Middle Badda Near IFIC Bank Limited.,,,,vacant,89.0,dhaka,"৳3,000,000","Middle Badda, Badda",3000000.0
An Apartment Up For Sale At Pallabi Near To Pallabi Jhil Jame Mashjid,3.0,3.0,6,vacant,1850.0,dhaka,"৳9,800,000","Pallabi, Mirpur",9800000.0
A 1420 Sq. Ft Brand New Apartment Which Is Up For Sale At Pallabi Near To Popular Hospital.,3.0,3.0,2,vacant,1420.0,dhaka,"৳8,200,000","Pallabi, Mirpur",8200000.0
Welcome You A Cozy Apartment Placed In Mirpur Near Eastern Housing,2.0,2.0,4,vacant,850.0,dhaka,"৳3,300,000","Pallabi, Mirpur",3300000.0
Beautiful And Well-constructed Flat Is Ready For Sale At Shahjadpur Nearby Shahjadpur Model Government Primary School,3.0,3.0,7,vacant,1475.0,dhaka,"৳15,550,000","Shahjadpur, Badda",15550000.0
Impressive Flat Of 1375 Sq Ft Is Up For Sale In Shahjadpur Near Eidgah Mosque,3.0,3.0,4,vacant,1375.0,dhaka,"৳14,550,000","Shahjadpur, Badda",14550000.0
Get Comfortable In A Flat For Sale In Paikpara Nearby Paikpara Jame Mosjid,3.0,2.0,1,vacant,1050.0,dhaka,"৳4,410,000","Paikpara, Mirpur",4410000.0
"Create Your New Home In A Flat For Sale In Mirpur, Near Pallabi Mohila Degree College",2.0,2.0,2,vacant,905.0,dhaka,"৳4,072,500","Section 12, Mirpur",4072500.0
We Have A Ready Flat For Sale In Mirpur Nearby Mirpur Adhunik Hospital,2.0,2.0,2,vacant,850.0,dhaka,"৳3,825,000","Section 12, Mirpur",3825000.0
Get Comfortable In A Flat For Sale In Faydabad Nearby Faidabad Central Eidgah Maidan,2.0,2.0,2,vacant,600.0,dhaka,"৳2,880,000","Faydabad, Dakshin Khan",2880000.0
1422 Sq Ft Residential Space Is For Sale At Badda,3.0,3.0,1,vacant,1422.0,dhaka,"৳9,811,800","Jagannathpur, Badda",9811800.0
Your Desired 3-Bedroom Home In Uttar Badda Very Near To Sadhinata Sarani Ideal School Is Now Vacant For Sale,3.0,2.0,6,vacant,1200.0,dhaka,"৳6,050,000","Uttar Badda, Badda",6050000.0
A Well Planned Apartment For Sale In Ashulia Near Baitul Aman Mosjid,3.0,3.0,3,vacant,1470.0,dhaka,"৳7,800,000","Ashulia, Savar",7800000.0
Well Structured Flat for Sale in Badda close to Sahaba Jame Mosjid,3.0,3.0,8,vacant,1396.0,dhaka,"৳9,674,000","Merul Badda, Badda",9674000.0
Cozy Apartment Is Up For Sale In Mirpur- 12 Nearby Agrani Bank Limited,3.0,3.0,5,vacant,1100.0,dhaka,"৳6,200,000","Section 12, Mirpur",6200000.0
"Prominent Location And Splendid Outlook, This Open Floor Is Up For Sale In Mirpur Near To Life Aid Specialized Hospital Pvt. Ltd.",,,2,vacant,1700.0,dhaka,"৳11,600,000","East Monipur, Mirpur",11600000.0
"Grab This 1360 Sq Ft Apartment For Sale In Pallabi, Mirpur",3.0,3.0,3,vacant,1360.0,dhaka,"৳13,900,000","Pallabi, Mirpur",13900000.0
"This Comfy Flat Is Vacant Right Now For Sale In East Kazipara, Which Is 1360 Sq Ft",3.0,3.0,1,vacant,1360.0,dhaka,"৳8,000,000","East Kazipara, Mirpur",8000000.0
"Have A Look At This 1100 Sq Ft Property Which Is Up For Sale Located At Section 12, Mirpur",3.0,3.0,9,vacant,1100.0,dhaka,"৳6,500,000","Section 12, Mirpur",6500000.0
"Get Comfortable In A 930 Sq Ft Nice Flat For Sale In Middle Monipur, Mirpur",2.0,2.0,7,vacant,930.0,dhaka,"৳5,500,000","Middle Monipur, Mirpur",5500000.0
"A Comfortable 1238 Sq Ft Flat Is Here For Sale In Lake Circus Road, Kalabagan",3.0,3.0,1,vacant,1238.0,dhaka,"৳11,000,000","Lake Circus Road, Kalabagan",11000000.0
"Check This Fine Looking Flat Of 1700 Sq Ft Offered For Sale In Block F, Banasree",3.0,3.0,3,vacant,1700.0,dhaka,"৳15,000,000","Block F, Banasree",15000000.0
Buy This 1120 Sq Ft Apartment In The Flourishing Settlement Of Kallyanpur,3.0,3.0,7,vacant,1120.0,dhaka,"৳6,000,000","Kallyanpur, Mirpur",6000000.0
"Let Us Assist You To Buy This 1150 Sq Ft Apartment Mirpur, Kallyanpur",3.0,3.0,1,vacant,1150.0,dhaka,"৳6,000,000","Kallyanpur, Mirpur",6000000.0
"We Are Presenting You With This 1200 Sq Ft Apartment For Sale In North Pirerbag, Mirpur",3.0,3.0,6,vacant,1200.0,dhaka,"৳6,000,000","Pirerbag, Mirpur",6000000.0
"Grab This 1635 Sq Ft Beautiful Apartment For Sale In Ahmed Nagar, Paikpara",3.0,4.0,5,vacant,1635.0,dhaka,"৳9,000,000","Ahmed Nagar, Mirpur",9000000.0
We Are Offering To You This 1445 Sq Ft Lovely Flat For Sale In Banasree,3.0,3.0,4,vacant,1445.0,dhaka,"৳13,000,000","Block B, Banasree",13000000.0
"Available At Bashundhara R-A, Block L A 1550 Square Feet And 3 Bedroom Residential Apartment For Sale.",3.0,3.0,1,vacant,1550.0,dhaka,"৳12,000,000","Block L, Bashundhara R-A",12000000.0
Covering 975 Sq Ft Space A Flat Is Up For Sale In Bochila,3.0,2.0,9,vacant,975.0,dhaka,"৳4,000,000","Bochila, Mohammadpur",4000000.0
"Offering You A 1250 Sq Ft Nice Flat For Sale In Nobodoy Housing Society, Mohammadpur",3.0,3.0,8,vacant,1250.0,dhaka,"৳7,500,000","Nobodoy Housing Society, Mohammadpur",7500000.0
1600 Sq Ft Apartment With 3 Bedrooms For Sale In Aftab Nagar,3.0,3.0,8,vacant,1600.0,dhaka,"৳14,400,000","Block C, Aftab Nagar",14400000.0
"Choose This 1550 Sq Ft Apartment Ready For Sale In Aftab Nagar, Block A",3.0,3.0,7,vacant,1550.0,dhaka,"৳11,500,000","Block A, Aftab Nagar",11500000.0
Buy This Amazing 1150 Square Feet Apartment In Mirpur,3.0,3.0,6,vacant,1150.0,dhaka,"৳6,000,000","West Shewrapara, Mirpur",6000000.0
"Buy This 600 Square Feet Apartment In Mirpur, West Shewrapara",2.0,1.0,4,vacant,600.0,dhaka,"৳2,000,000","West Shewrapara, Mirpur",2000000.0
"Start a new home, in this 1050 SQ FT apartment for sale in Dakkhin Paikpara",3.0,2.0,3,vacant,1050.0,dhaka,"৳4,500,000","Paikpara, Mirpur",4500000.0
This Small 550 Square Feet Commercial Floor For Sale Very Close To Kuril Kazibari Jame Mosjid,,,1,vacant,550.0,dhaka,"৳8,000,000","Pragati Soroni, Kuril",8000000.0
Let Us Assist You To Buy This 1300 Sq Ft Flat For The Relaxing Life You Desire To Have In The Area Of Mirpur,3.0,3.0,1,vacant,1300.0,dhaka,"৳6,500,000","Dakkhin Paikpara, Mirpur",6500000.0
"At Uttar Khan, 1335 Sq Ft Flat Is Available For Sale",3.0,3.0,4,vacant,1335.0,dhaka,"৳6,007,500","Puran Para, Uttar Khan",6007500.0
"1186 Square Feet And 3 Bedroom Residential Apartment For Sale At Puran Para, Uttar Khan .",3.0,3.0,5,vacant,1186.0,dhaka,"৳5,337,000","Puran Para, Uttar Khan",5337000.0
Wonderful 895 SQ FT home is available for sale in Agargaon,2.0,2.0,7,vacant,895.0,dhaka,"৳5,500,000","West Agargaon, Agargaon",5500000.0
Affordableble 765 Sq Ft Apartment Is Up For Sale In West Agargaon,2.0,2.0,3,vacant,765.0,dhaka,"৳5,207,500","West Agargaon, Agargaon",5207500.0
"An Adequate Residence Is up For Sale In Section 11, Mirpur With Satisfactory Price",2.0,2.0,2,vacant,750.0,dhaka,"৳4,000,000","Section 11, Mirpur",4000000.0
"750 Sq Ft Apartment Is Available For Sale At Section 11, Mirpur",2.0,2.0,2,vacant,750.0,dhaka,"৳4,000,000","Section 11, Mirpur",4000000.0
In Mirpur this flat is up for sale which is 930 SQ FT,3.0,3.0,4,vacant,930.0,dhaka,"৳3,900,000","2nd Colony, Mirpur",3900000.0
An Amazing 1542 Sq.ft -3 Bedroom Apartment Is Up For Sale In Shah Ali Bag .,3.0,3.0,7,vacant,1542.0,dhaka,"৳8,500,000","Section 1, Mirpur",8500000.0
Evaluate This 650 Square Feet Apartment For Sale In Mirpur,2.0,2.0,5,vacant,650.0,dhaka,"৳2,400,000","Section 11, Mirpur",2400000.0
"Buy This Nice Flat Of 1250 Sq Ft, Which Is Located At Darussalam, Mirpur",3.0,3.0,8,vacant,1250.0,dhaka,"৳6,250,000","Darussalam, Mirpur",6250000.0
"Obtain This Well Fitted Flat Of 1250 Sq Ft Which Is Up For Sale In Darussalam, Mirpur",3.0,2.0,4,vacant,1250.0,dhaka,"৳6,250,000","Darussalam, Mirpur",6250000.0
"See This 3 Bedroom Smartly Priced Apartment Which Is Up For Sale In North Ibrahimpur, That You Should Check.",3.0,3.0,3,vacant,1600.0,dhaka,"৳9,500,000","North Ibrahimpur, Ibrahimpur",9500000.0
1275 Sq.Ft. Apartment Available For Sale In North Manikdi,3.0,3.0,3,vacant,1275.0,dhaka,"৳5,737,500","Manikdi, Cantonment",5737500.0
"Ready 875 SQ FT flat is now for sale in Mirpur, Block E",2.0,2.0,6,vacant,875.0,dhaka,"৳4,000,000","Section 1, Mirpur",4000000.0
Offering you 1300 SQ FT flat for sale in Mirpur near to Paikpara Jame Masjid,3.0,3.0,4,vacant,1300.0,dhaka,"৳6,500,000","Middle Paikpara, Mirpur",6500000.0
Offering You A 1300 Sq Ft Flat For Sale In Middle Paikpara Near Paikpara Central Jame Masjid,3.0,3.0,7,vacant,1300.0,dhaka,"৳6,500,000","Middle Paikpara, Mirpur",6500000.0
Apartment Of 1180 Sq Ft Is For Sale In Bashundhara R-a Near Nsu,3.0,3.0,1,vacant,1180.0,dhaka,"৳7,500,000","Block I, Bashundhara R-A",7500000.0
Flat For Sale In Mohammadpur Near Mohammadpur Girls&#039; High School,2.0,2.0,8,vacant,956.0,dhaka,"৳5,800,000","Nurjahan Road, Mohammadpur",5800000.0
"Select This 1250 Square Feet Apartment Up For Sale In Mohammadpur, Shekhertek",3.0,2.0,3,vacant,1250.0,dhaka,"৳7,500,000","Shekhertek, Mohammadpur",7500000.0
"Buy This Nice Flat Of 900 Sq Ft, Which Is Located At West Monipur Near Jame Mosjid",3.0,2.0,1,vacant,900.0,dhaka,"৳4,320,000","West Monipur, Mirpur",4320000.0
This Very New Nice Flat Of 925 Sq Ft Is Up For Sale In West Monipur,3.0,2.0,2,vacant,925.0,dhaka,"৳4,440,000","West Monipur, Mirpur",4440000.0
"900 Square Feet Apartment Is For Sale At Kamal Sharani, West Monipur",3.0,2.0,3,vacant,900.0,dhaka,"৳4,320,000","West Monipur, Mirpur",4320000.0
1800 SQ FT flat is now for sale in Pirerbag,4.0,4.0,9,vacant,1800.0,dhaka,"৳9,000,000","Pirerbag, Mirpur",9000000.0
"Be Content With Your Amazing Home Taste Through Buying This 1225 Sq Ft Flat In Mirpur, West Shewrapara",3.0,2.0,3,vacant,1225.0,dhaka,"৳5,512,500","West Shewrapara, Mirpur",5512500.0
"This Very Nice Flat Of 1100 Sq Ft Is Up For Sale In West Monipur, Mirpur",3.0,2.0,4,vacant,1100.0,dhaka,"৳4,620,000","West Monipur, Mirpur",4620000.0
"Buy This Nice Flat Of 1100 Sq Ft, Which Is Located At Gedu Matabor Road, Ibrahimpur",3.0,2.0,6,vacant,1100.0,dhaka,"৳5,800,000","North Ibrahimpur, Ibrahimpur",5800000.0
"See This 1300 Sq Ft Apartment For Sale Is All Set For You In Taltola, Agargaon",2.0,2.0,2,vacant,1300.0,dhaka,"৳6,500,000","Taltola, Agargaon",6500000.0
A Finely Built 800 Sq Ft Flat Is Up For sale In North Pirerbag,3.0,2.0,6,vacant,800.0,dhaka,"৳5,300,000","Pirerbag, Mirpur",5300000.0
"Convenient Flat Is Up for Sale In Mohammadpur, Near To BRAC Bank Limited | ATM Booth",2.0,2.0,5,vacant,830.0,dhaka,"৳4,700,000","PC Culture Housing, Mohammadpur",4700000.0
"1200 Sq Ft Residential Flat Is Being Constructed For Sale In Mirpur, Ahmed Nagar",3.0,3.0,4,vacant,1200.0,dhaka,"৳7,500,000","Ahmed Nagar, Mirpur",7500000.0
"See This 1465 Sq Ft Apartment For Sale Is All Set For You In S P Road, Paikpara",3.0,3.0,6,vacant,1465.0,dhaka,"৳8,000,000","Paikpara, Mirpur",8000000.0
"Looking for a nice home to sale in Mirpur, check this one which is 1050 SQ FT",3.0,2.0,2,vacant,1050.0,dhaka,"৳6,000,000","Pallabi, Mirpur",6000000.0
Lovely Apartment Covering An Area Of 1260 Sq Ft Is Up For Sale In Uttara Near Uttara South Lake,3.0,3.0,1,vacant,1260.0,dhaka,"৳7,000,000","Sector 5, Uttara",7000000.0
At Senpara Nice Flat Up For Sale Near Mother Care International School,3.0,3.0,8,vacant,1275.0,dhaka,"৳7,200,000","Section 10, Mirpur",7200000.0
"600 Sq Ft Apartment For Sale In Mirpur, Section 12",2.0,2.0,7,vacant,600.0,dhaka,"৳3,250,000","Section 12, Mirpur",3250000.0
At Khilkhet Close To Kurmitola High School and College A 1125 Sq.Ft Residential Apartment For Sale,3.0,3.0,7,vacant,1125.0,dhaka,"৳5,925,000","School Road, Khilkhet",5925000.0
Seize This 1150 Sq Ft Apartment Up For Sale In Mirpur Dohs,2.0,2.0,1,vacant,1150.0,dhaka,"৳8,700,000","Mirpur DOHS, Mirpur",8700000.0
Sophisticated Style! This 1175 Sq.Ft Flat For Sale In Senpara Parbata Is All About It .,3.0,2.0,3,vacant,1175.0,dhaka,"৳7,000,000","Section 10, Mirpur",7000000.0
Worthy 1040 SQ FT residence is for sale at Banasree,3.0,3.0,6,vacant,1040.0,dhaka,"৳6,500,000","South Banasree Project, Banasree",6500000.0
Ready Apartment Of 1920 Sq Ft Is Now Available To Sale In Mohammadpur,3.0,3.0,9,vacant,1920.0,dhaka,"৳10,500,000","Chandrima Model Town, Mohammadpur",10500000.0
"900 Sq Ft Residential Apartment Is On Sale In Sector 10, Uttara",2.0,2.0,2,vacant,900.0,dhaka,"৳4,800,000","Sector 10, Uttara",4800000.0
Buy This 887 Sq Ft Flat In Keraniganj,2.0,2.0,5,vacant,887.0,dhaka,"৳3,000,000",Keraniganj,3000000.0
Properly Built Flat Is Up For Sale In Mirpur Section 10 Nearby Mercantile Bank Limited,3.0,2.0,1,vacant,1245.0,dhaka,"৳6,800,000","Section 10, Mirpur",6800000.0
Apartment for sale is all set for you to settle in Mirpur close to Mirpur 10 No Market Masjid,3.0,2.0,2,vacant,1180.0,dhaka,"৳6,500,000","Section 10, Mirpur",6500000.0
"1250 Sq Ft Residential Flat With Great Home Features For Sale In Mirpur, Dakkhin Paikpara",3.0,3.0,7,vacant,1250.0,dhaka,"৳8,200,000","Dakkhin Paikpara, Mirpur",8200000.0
"Lovely Apartment Of 1300 Sq Ft Is Up For Sale In Dakkhin Paikpara, Mirpur",3.0,3.0,3,vacant,1300.0,dhaka,"৳8,500,000","Dakkhin Paikpara, Mirpur",8500000.0
Grab This 307 Sq Ft Shop For Sale In Luxmibazar,,,2,vacant,307.0,dhaka,"৳9,210,000","Luxmibazar, Sutrapur",9210000.0
307 Sq Ft Shop Area Is For Sale In Luxmibazar,,,2,vacant,307.0,dhaka,"৳9,210,000","Luxmibazar, Sutrapur",9210000.0
"Buy This 1000 Sq Ft Residential Flat In Mirpur, Paikpara",3.0,2.0,8,vacant,1000.0,dhaka,"৳6,000,000","Ahmed Nagar, Mirpur",6000000.0
Reasonable 1265 Sq Ft Flat Is Available For Sale In Dakkhin Paikpara Sarak,3.0,3.0,2,vacant,1265.0,dhaka,"৳8,800,000","Dakkhin Paikpara, Mirpur",8800000.0
Plan To Move In This 1450 Sq Ft Flat Which Is Up For Sale In Dolairpar,3.0,3.0,5,vacant,1450.0,dhaka,"৳7,000,000","Kadamtali, Shyampur",7000000.0
"At Bashundhara, A 1650 Sq Ft Well Fitted Residential Property Is On Sale",3.0,3.0,6,vacant,1650.0,dhaka,"৳13,200,000","Block F, Bashundhara R-A",13200000.0
A Nice Residential Flat For Sale Can Be Found In Banasree Nearby Banasree Jame Mosjid,3.0,3.0,2,occupied,1180.0,dhaka,"৳7,000,000","Block E, Banasree",7000000.0
"Impressive Residential Property Is Up For Sale In Road No 12, Uttara 13",3.0,4.0,2,vacant,1650.0,dhaka,"৳14,000,000","Sector 13, Uttara",14000000.0
Get comfortable in a 1650 SQ FT flat for sale in Bashabo,4.0,4.0,4,vacant,1650.0,dhaka,"৳9,500,000","Bashabo Madartek Road, Bashabo",9500000.0
Find 1350 Sq Ft Flat Available For Sale In Dakshin Khan,3.0,3.0,5,vacant,1350.0,dhaka,"৳8,000,000","West Mollartek, Dakshin Khan",8000000.0
"This 1133 Sq Ft Flat Is Ready To Sale In Mirpur-2, Borobag",3.0,3.0,6,vacant,1133.0,dhaka,"৳5,200,000","Section 2, Mirpur",5200000.0
A Nicely Build 980 Sq Ft And 3 Bedroom Apartment Is Vacant For Sale In Middle Paikpara Close To Bowshagari Central Masjid.,3.0,3.0,7,vacant,980.0,dhaka,"৳5,500,000","Middle Paikpara, Mirpur",5500000.0
"Here Is A Cozy And Nice Flat Of 1610 Sq Ft Is Waiting For Sale At Block A, Mirpur-11",3.0,3.0,11,vacant,1610.0,dhaka,"৳13,000,000","Section 11, Mirpur",13000000.0
Create your home in a 1200 SQ FT apartment for sale in Mirpur DOHS,3.0,3.0,3,vacant,1200.0,dhaka,"৳10,000,000","Mirpur DOHS, Mirpur",10000000.0
"Select This 1120 Sq Ft Flat For Sale In North Kafrul Road, Ibrahimpur",3.0,3.0,9,vacant,1120.0,dhaka,"৳5,040,000","North Kafrul Road, Ibrahimpur",5040000.0
See This 1250 Sq Ft Apartment For Sale Is All Set For You In Mirpur Close To Mirpur Shaheen School,3.0,3.0,6,vacant,1250.0,dhaka,"৳8,625,000","Section 11, Mirpur",8625000.0
"Covering 1250 Sq Ft Space A Flat Is Up For Sale In Section 11, Mirpur Nearby Mirpur Ideal School",3.0,3.0,7,vacant,1250.0,dhaka,"৳8,625,000","Section 11, Mirpur",8625000.0
"Beautiful And Well-constructed 1100 Sq Ft Flat Is Ready To Sale At Dakkin Paikpara, Mirpur",3.0,2.0,7,vacant,1100.0,dhaka,"৳6,500,000","Paikpara, Mirpur",6500000.0
"Visit This 650 Sq Ft Flat For A Small Family Is Here Available For Sale In Section 6, Mirpur",2.0,2.0,5,vacant,650.0,dhaka,"৳3,500,000","Section 6, Mirpur",3500000.0
"Offering You A 650 Sq Ft Nice Flat For Sale In Section 6, Mirpur",2.0,2.0,5,vacant,650.0,dhaka,"৳3,500,000","Section 6, Mirpur",3500000.0
A 1517 Sq. Ft Apartment Which Is Up For Sale At Uttara Near To Trust Bank Limited | Atm Booth.,3.0,4.0,5,vacant,1517.0,dhaka,"৳11,500,000","Sector 10, Uttara",11500000.0
"700 Sq Ft Lovely Residential Flat For Sale In Mirpur, Section 13",2.0,2.0,6,vacant,700.0,dhaka,"৳3,800,000","Section 13, Mirpur",3800000.0
"Well Organized Flat Of 1250 Sq Ft Is Now Vacant For Sale In Kallyanpur, Mirpur",3.0,3.0,9,vacant,1250.0,dhaka,"৳7,500,000","Kallyanpur, Mirpur",7500000.0
Plan The Calm Life You Always Desire About In This Flat Of 1150 Sq Ft For Sale In Mirpur-11,3.0,3.0,4,vacant,1150.0,dhaka,"৳7,975,000","Section 11, Mirpur",7975000.0
"An Apartment Of 900 Sq Ft Is Up For Sale In Ashkona Medical Road, Dakshin Khan",2.0,2.0,4,vacant,900.0,dhaka,"৳4,600,000","Ashkona, Dakshin Khan",4600000.0
Picture Yourself In This Residential Apartment Of 1050 Sq Ft For Sale In Shah Ali Bag,3.0,3.0,7,vacant,1050.0,dhaka,"৳6,000,000","Section 1, Mirpur",6000000.0
Well Designed 1200 Sq Ft Residential Flat Is There For Sale At Middle Monipur,3.0,3.0,3,vacant,1200.0,dhaka,"৳5,000,000","Middle Monipur, Mirpur",5000000.0
Express Your Individuality At This 1400 Sq Ft Apartment At Bashundhara R-a Close To Markazul Fiqril Islami Bangladesh,3.0,3.0,1,vacant,1400.0,dhaka,"৳12,500,000","Block D, Bashundhara R-A",12500000.0
"Find This 1200 Sq Ft Flat Available For Sale In Lalkuthi, Mirpur",3.0,3.0,5,vacant,1200.0,dhaka,"৳6,000,000","Lalkuthi, Mirpur",6000000.0
"Buy This 1740 Sq Ft Apartment In Mirpur-2, Borobag",4.0,4.0,7,vacant,1740.0,dhaka,"৳11,300,000","Section 2, Mirpur",11300000.0
"1200 Sq Ft Nice Apartment For Sale In East Kazipara, Mirpur",3.0,3.0,7,vacant,1200.0,dhaka,"৳7,700,000","East Kazipara, Mirpur",7700000.0
Great Location! Check Out This 1250 Sq Ft Flat For Sale In West Manikdi,3.0,3.0,3,vacant,1250.0,dhaka,"৳6,000,000","Manikdi, Cantonment",6000000.0
1450 Sq Ft Ready Flat For sale In Bashundhara R/a Nearby Dhaka Bank Limited | Atm Booth,3.0,3.0,1,vacant,1450.0,dhaka,"৳12,000,000","Block D, Bashundhara R-A",12000000.0
"The Home Is Situated In A Great Location, Kafrul, Which Is Vacant For sale",2.0,2.0,8,vacant,880.0,dhaka,"৳4,400,000","East Kafrul Road, Kafrul",4400000.0
Flat For Sale In Uttara Near Gausul Azam Jame Masjid,3.0,3.0,4,vacant,1375.0,dhaka,"৳8,400,000","Sector 12, Uttara",8400000.0
"Get Ready For Your Countless Peaceful Days With This 1115 Sq Ft Flat At Mazar Road, Mirpur Is Up To Sale",3.0,3.0,11,vacant,1115.0,dhaka,"৳6,700,000","1st Colony, Mirpur",6700000.0
"A 1000 Sq Ft, Ready Flat Is Up For Sale At Adabor Nearby Padakhep Manabik Unnayan Kendra.",3.0,2.0,1,vacant,1000.0,dhaka,"৳6,800,000","Baitul Aman Housing Society, Adabor",6800000.0
"1250 Sq Ft Residential Flat For Sale In Mirpur, Pirerbag",3.0,3.0,2,vacant,1250.0,dhaka,"৳7,000,000","Pirerbag, Mirpur",7000000.0
Visit This 1332 Sq Ft Apartment For Sale In Ibrahimpur Near Baitul Abrar Jame Masjid,3.0,3.0,4,vacant,1332.0,dhaka,"৳5,791,500","Anando Road, Ibrahimpur",5791500.0
"1332 Sq Ft An Apartment Is Ready For Sale At Ibrahimpur , Near Masjidul Abrar",3.0,3.0,1,vacant,1332.0,dhaka,"৳7,326,000","Anando Road, Ibrahimpur",7326000.0
Visit This Apartment For Sale In Ibrahimpur Near Ibrahimpur Central Jame Masjid,3.0,2.0,6,vacant,1150.0,dhaka,"৳6,500,000","Ibrahimpur Bazar Road, Ibrahimpur",6500000.0
"A Spectacularly Constructed Flat of 1,080 SQ FT for Sale In Agargaon Near Baitul Mamur Jame Masjid",2.0,2.0,5,vacant,980.0,dhaka,"৳5,390,000","Kutum Goli, Agargaon",5390000.0
A Nice Residential Flat For Sale Can Be Found In Mohammadpur Nearby Mac Master English Medium School.,2.0,2.0,5,vacant,900.0,dhaka,"৳4,950,000","PC Culture Housing, Mohammadpur",4950000.0
This 1250 Square Feet Apartment For Sale In Kachukhet Near Kachukhet Old Market Jame Masjid,3.0,3.0,5,vacant,1250.0,dhaka,"৳6,000,000","Lalasarai Road, Kachukhet",6000000.0
3 Bedroom And 4 Bathroom Apartment Is For Sale In Bashundhara R-A Near IUB.,3.0,4.0,4,vacant,1851.0,dhaka,"৳13,882,500","Block E, Bashundhara R-A",13882500.0
1700 Square Feet Apartment Is For Sale In Bashundhara R-a Near Madinatul Ulum Madrasa Masjid.,3.0,4.0,6,vacant,1700.0,dhaka,"৳15,000,000","Block J, Bashundhara R-A",15000000.0
A Fascinating Apartment In kafrul Near High-tech Multicare Hospital Is Up For Sale,3.0,3.0,7,vacant,1050.0,dhaka,"৳6,300,000","South Kafrul Road, Kafrul",6300000.0
We Have A Ready Flat For Sale In Shahjadpur Nearby Shahjadpur Model Government Primary School,3.0,3.0,1,vacant,1475.0,dhaka,"৳15,550,000","Shahjadpur, Badda",15550000.0
"An Apartment Is Up For Sale In Dakshin Khan, Near Gaoyaira Baitun Noor Mosque",2.0,2.0,5,vacant,900.0,dhaka,"৳3,150,000","Gawair, Dakshin Khan",3150000.0
"1459 Sq Ft Apartment Is Ready For Sale At Uttara, Near Uttara Model Town Post Office",3.0,3.0,1,vacant,1459.0,dhaka,"৳13,500,000","Sector 3, Uttara",13500000.0
A Finely Constructed 1500 Sq Ft Flat Is For Sale In Bashundhara R/a Nearby Playpen School,3.0,3.0,5,vacant,1500.0,dhaka,"৳12,500,000","Block D, Bashundhara R-A",12500000.0
"Buy This Great 1350 Sq Ft Apartment In Bashundhara R-a, Block C",3.0,3.0,6,vacant,1350.0,dhaka,"৳11,600,000","Block C, Bashundhara R-A",11600000.0
Great News! This 1560 Sq Ft Flat For Sale In Malibagh Which Can Be Your Next Destination,4.0,4.0,4,vacant,1560.0,dhaka,"৳11,200,000","Malibagh Chowdhury Para, Malibagh",11200000.0
Nice 850 Sq Ft Flat Is Available For Sale In East Kazipara,2.0,2.0,4,vacant,850.0,dhaka,"৳5,000,000","East Kazipara, Mirpur",5000000.0
This 1518 Sq.Ft Apartment Up For Sale At Uttara 11 Very Near To Uttara West Police Station.,3.0,3.0,1,vacant,1518.0,dhaka,"৳12,400,000","Sector 11, Uttara",12400000.0
Modern Home For Residents | 1100 Sq Ft -2 Bedroom Flat In Darussalam Is Up For Sale.,2.0,2.0,3,vacant,1100.0,dhaka,"৳5,500,000","Darussalam, Mirpur",5500000.0
Worthy 1250 SQ FT residence is for sale at Mirpur 11,3.0,3.0,5,vacant,1250.0,dhaka,"৳7,200,000","Section 11, Mirpur",7200000.0
Next To Kuwaiti Masjid This Ready And Comfortable 850 Sq.Ft Apartment Is Up For Sale At East Monipur .,2.0,2.0,4,vacant,850.0,dhaka,"৳4,000,000","East Monipur, Mirpur",4000000.0
1200 Square Ft. And 3 Bedroom Residential Apartment For Sale At Mirpur 11 Close To Mercantile Bank Limited .,3.0,3.0,5,vacant,1200.0,dhaka,"৳5,800,000","Section 11, Mirpur",5800000.0
A 950 Sq Ft Residential Flat Is For Sale In Mirpur -Kachukhet Road .,3.0,2.0,4,vacant,950.0,dhaka,"৳5,200,000","Kachukhet Road, Mirpur",5200000.0
Exquisite Flat For Sale In Bashundhara Nearby Ebenzer International School,3.0,3.0,1,vacant,1500.0,dhaka,"৳11,500,000","Block D, Bashundhara R-A",11500000.0
Reside Conveniently In This Well Constructed 725 Sq.ft Flat For Sale In Salimullah Road-mohammadpur .,3.0,2.0,5,vacant,725.0,dhaka,"৳4,800,000","Salimullah Road, Mohammadpur",4800000.0
A Unique Flat Of 1350 Sq Ft Is Getting Ready To Be Sold In East Kazipara,3.0,3.0,5,vacant,1350.0,dhaka,"৳6,575,000","East Kazipara, Mirpur",6575000.0
A well-constructed 1245 SQ FT flat is for sale in Ibrahimpur,3.0,3.0,8,vacant,1245.0,dhaka,"৳5,353,500","North Ibrahimpur, Ibrahimpur",5353500.0
"Establish Your Peace In This Nice 1350 Sq Ft Apartment For Sale At Sector 5, Uttara",3.0,3.0,1,vacant,1350.0,dhaka,"৳8,500,000","Sector 5, Uttara",8500000.0
"Appealing Property In 2nd Colony, Mirpur – 1375 Sq Ft Flat For Sale",3.0,3.0,6,vacant,1375.0,dhaka,"৳7,000,000","2nd Colony, Mirpur",7000000.0
This 860 Sq Ft Apartment Has A Tempting Enough Environment For You To Buy In Mirpur,2.0,2.0,3,vacant,860.0,dhaka,"৳4,500,000","Rupnagar R/A, Mirpur",4500000.0
Find 1020 SQ FT flat available for sale in Pirerbag,3.0,2.0,6,vacant,1020.0,dhaka,"৳6,000,000","Pirerbag, Mirpur",6000000.0
An Apartment Is Up For Sale At Aftab Nagar Near Dhaka Imperial College.,3.0,3.0,6,vacant,1350.0,dhaka,"৳9,500,000","Block D, Aftab Nagar",9500000.0
We Are Offering You This 1750 Sq Ft Ready Flat For Sale In Uttara-11,3.0,3.0,2,vacant,1750.0,dhaka,"৳12,000,000","Sector 11, Uttara",12000000.0
800 Sq.ft Apartment Is Available For Sale In South Chalabon Near Chalaban Water Pump Which Is Tailored To Your Highest Standards,2.0,2.0,7,vacant,800.0,dhaka,"৳3,800,000","South Chalabon, Dakshin Khan",3800000.0
Looking For A Tasteful Home To Buy In Paikpara? Check This One,3.0,3.0,2,vacant,1350.0,dhaka,"৳7,400,000","Ahmed Nagar, Mirpur",7400000.0
Lovely Apartment Of 1400 Sq Ft Is Up For Sale In South Pirerbag,3.0,3.0,4,vacant,1400.0,dhaka,"৳8,400,000","Pirerbag, Mirpur",8400000.0
A Spacious Apartment Of 1265 Sq Ft Is For Sale At Shiddheswari,2.0,2.0,1,vacant,1265.0,dhaka,"৳7,500,000","New Circular Road, Shiddheswari",7500000.0
2400 Sq Ft Apartment For Sale In Mirpur,5.0,4.0,3,vacant,2400.0,dhaka,"৳18,000,000","Section 6, Mirpur",18000000.0
"Buy This Nice Flat Of 1050 Sq Ft, Which Is Located At Shiddheswari Lane",3.0,3.0,2,vacant,1050.0,dhaka,"৳10,000,000","Shiddheswari Lane, Shiddheswari",10000000.0
"A well-constructed 2100 SQ FT flat is for sale in Bashundhara R-A, Block J",3.0,3.0,3,vacant,2100.0,dhaka,"৳15,750,000","Block J, Bashundhara R-A",15750000.0
A well-constructed 2100 SQ FT flat is for sale in Bashundhara R-A,3.0,3.0,6,vacant,2100.0,dhaka,"৳15,750,000","Block J, Bashundhara R-A",15750000.0
800 Sq Ft Flat Is Ready For Sale At Mohammadpur,2.0,2.0,4,vacant,800.0,dhaka,"৳3,200,000","Nobodoy Housing Society, Mohammadpur",3200000.0
Grab This 2140 Sq Ft Residential Flat Up For Sale In Badda,4.0,4.0,5,vacant,2140.0,dhaka,"৳16,000,000","Nurer Chala, Badda",16000000.0
"A Nice 955 Square Feet House Is Available For Sale At South Pirerbag, With An Affordable Deal.",3.0,2.0,3,vacant,955.0,dhaka,"৳5,000,000","Pirerbag, Mirpur",5000000.0
1285 Sq.ft Apartment For Sale In Jigatola.,3.0,3.0,8,vacant,1285.0,dhaka,"৳7,788,000","Jigatola, Hazaribag",7788000.0
1412 Square Feet Apartment Is Up For Sale At Mirpur,3.0,3.0,8,vacant,1412.0,dhaka,"৳7,000,000","West Shewrapara, Mirpur",7000000.0
3 Katha Plot Is Up For Sale At Bashundhara,,,,vacant,2160.0,dhaka,"৳18,000,000","Block L, Bashundhara R-A",18000000.0
Vacant Now! This 1100 Sq Ft Flat For Sale With Lovely Facilities At Mirpur DOHS,2.0,2.0,1,vacant,1100.0,dhaka,"৳9,000,000","Mirpur DOHS, Mirpur",9000000.0
At Ibrahimpur 1125 Sq.ft Flat Is Up For Sale Close To Al - Madina Jame Masjid.,3.0,2.0,6,vacant,1125.0,dhaka,"৳6,187,500","Ashi Dag Road, Ibrahimpur",6187500.0
"241 Sq Ft Shop Is Up For Sale In New Baily Road, Shiddheswari",,,2,vacant,241.0,dhaka,"৳4,500,000","New Baily Road, Shiddheswari",4500000.0
Near Mollapara Jame Masjid 1205 Sq.Ft Residential Apartment For Sale At Agargaon,3.0,3.0,4,vacant,1205.0,dhaka,"৳6,600,000","Kutum Goli, Agargaon",6600000.0
1220 Sq&gt;Ft Apartments For Sale Close To Mollapara Jame Masjid At Agargaon,3.0,3.0,2,vacant,1220.0,dhaka,"৳6,800,000","Kutum Goli, Agargaon",6800000.0
We Are Offering This Family Friendly Apartment Of 900 Sq Ft For Sale In Kuratoli,3.0,3.0,4,vacant,900.0,dhaka,"৳4,050,000","Kuratoli, Kuril",4050000.0
Kallyanpur Is Giving You A 1350 Square Feet Ready Apartment For Sale,3.0,3.0,4,vacant,1350.0,dhaka,"৳7,425,000","Kallyanpur, Mirpur",7425000.0
Flat For Sale In Mirpur Near Progoti High School,2.0,2.0,3,vacant,780.0,dhaka,"৳3,120,000","Section 11, Mirpur",3120000.0
Visit This Apartment For Sale In Mirpur Near Mirpur Adhunik Hospital And Diagnostic Center.,3.0,3.0,6,vacant,1250.0,dhaka,"৳9,000,000","Section 12, Mirpur",9000000.0
"An Apartment Is Ready For Sale At Mohammadpur , Near Sehabiya Darbar Sharif",2.0,2.0,9,vacant,900.0,dhaka,"৳4,000,000","Nurjahan Road, Mohammadpur",4000000.0
"Offering You A Small Nice Flat For Sale In A Reasonable Price In Mirpur 12, Near Mirpur Adhunik Hospital",2.0,2.0,2,vacant,650.0,dhaka,"৳2,300,000","Section 12, Mirpur",2300000.0
A Decent 1560 Sq.Ft And 3 Bedroom Flat Is Available For Sale In PC Culture Housing .,3.0,4.0,4,vacant,1560.0,dhaka,"৳10,000,000","PC Culture Housing, Mohammadpur",10000000.0
We Have A 1133 Sq.Ft Flat For Sale In The Location Of Shapla Housing.,3.0,3.0,4,vacant,1133.0,dhaka,"৳6,231,500","West Agargaon, Agargaon",6231500.0
Deal with Your Business in 360 Sq Ft Office with a Convenient for sale in Shahjadpur,,,4,vacant,360.0,dhaka,"৳3,500,000","Shahjadpur, Badda",3500000.0
Wonderful 1100 SQ FT flat is available to Sale in Ahmed Nagar,3.0,3.0,1,vacant,1100.0,dhaka,"৳5,000,000","Ahmed Nagar, Mirpur",5000000.0
1390 Sq Feet Flat For Sale Very Near To Darussalam Government Primary School,3.0,3.0,6,vacant,1390.0,dhaka,"৳7,665,000","Darussalam, Mirpur",7665000.0
Available In Darussalam 1485 Sq Feet Flat For Sale,3.0,3.0,5,vacant,1485.0,dhaka,"৳8,167,000","Darussalam, Mirpur",8167000.0
1485 Sq Feet Flat For Sale In The Location Of Darussalam,3.0,3.0,2,vacant,1485.0,dhaka,"৳8,167,000","Darussalam, Mirpur",8167000.0
Available In Middle Paikpara 1080 Square Feet Flat For Sale,3.0,3.0,2,vacant,1080.0,dhaka,"৳4,320,000","Middle Paikpara, Mirpur",4320000.0
For Selling Purpose This 1050 Sq.Ft Flat Is Now Vacant In Noapara .,3.0,2.0,5,vacant,1050.0,dhaka,"৳5,500,000","Meradia, Khilgaon",5500000.0
Grab This 1300 Square Feet Apartment For Sale At Mirpur,3.0,3.0,4,vacant,1300.0,dhaka,"৳5,850,000","Section 11, Mirpur",5850000.0
Amazing 1300 Square Feet Apartment Is Up For Sale At Mirpur,3.0,3.0,6,vacant,1300.0,dhaka,"৳5,460,000","Section 11, Mirpur",5460000.0
In Darussalam This 1485 Sq Feet Flat For Sale,3.0,3.0,8,vacant,1485.0,dhaka,"৳8,167,000","Darussalam, Mirpur",8167000.0
In Darussalam A Residential Apartment For Sale,3.0,3.0,5,vacant,1485.0,dhaka,"৳8,167,000","Darussalam, Mirpur",8167000.0
Experience The Comfort Lifestyle Here In This Fakirapool Home,2.0,2.0,3,vacant,632.0,dhaka,"৳4,424,000","Fakirapool, Motijheel",4424000.0
1360 SFT Flat is Ready To Sale At Uttara Sector 4.,3.0,3.0,1,vacant,1360.0,dhaka,"৳13,000,000","Sector 4, Uttara",13000000.0
Buy This 1537 Square Feet Flat Available In Bashundhara R-a,3.0,3.0,2,vacant,1537.0,dhaka,"৳14,500,000","Block K, Bashundhara R-A",14500000.0
Great Location! Check Out This 1585 Sq. Ft Flat For Sale In Shegunbagicha,3.0,3.0,6,vacant,1585.0,dhaka,"৳13,000,000","Shegunbagicha Road, Shegunbagicha",13000000.0
"Grab This Nice 2000 Sq Ft House In Bashundhara R-A, To Fulfill Your Demand",3.0,3.0,1,vacant,2000.0,dhaka,"৳17,000,000","Block K, Bashundhara R-A",17000000.0
2036 Square Feet Flat With 4 Bedrooms Is Available For Sale In Bashundhara R-a,4.0,4.0,8,vacant,2036.0,dhaka,"৳17,000,000","Block J, Bashundhara R-A",17000000.0
1095 Sq Ft Flat With 3 Bedrooms For Sale In Mid Badda,3.0,2.0,7,vacant,1095.0,dhaka,"৳7,000,000","Middle Badda, Badda",7000000.0
Let Us Help You To Buy This 1240 Sq Ft Flat Which Is Now Available In Aftab Nagar,3.0,3.0,3,vacant,1240.0,dhaka,"৳9,000,000","Block C, Aftab Nagar",9000000.0
At Bashundhara 1500 Square Ft Residential Apartment Is Available For Sale,3.0,3.0,6,vacant,1500.0,dhaka,"৳12,500,000","Block F, Bashundhara R-A",12500000.0
An Area Of 1265 Sq Ft Flat In Purana Paltan Nearby Purana Paltan Girls&#039; College Is Up For Sale.,3.0,2.0,2,vacant,1265.0,dhaka,"৳12,650,000","Purana Paltan, Motijheel",12650000.0
1120 Sq.Ft Flat Is Available For Sale In East Hazipara Near To East Hazipara Masjid.,3.0,3.0,5,vacant,1120.0,dhaka,"৳6,160,000","East Rampura, Rampura",6160000.0
960 Sq. Ft. Apartment Is For Sale In Dakshin Khan Near Mridha Market,3.0,2.0,5,vacant,960.0,dhaka,"৳3,700,000","Moushair, Dakshin Khan",3700000.0
"In The Location Of Mirpur, Close To Baitun Nur Jame Masjid A Flat Is Up For Sale",3.0,3.0,2,vacant,1350.0,dhaka,"৳6,500,000","Pallabi, Mirpur",6500000.0
"550 Square Feet Apartment Is Up For Sale At Muslim Modern College Road, Kachukhet",2.0,1.0,5,vacant,550.0,dhaka,"৳2,310,000","Muslim Modern College Road, Kachukhet",2310000.0
"An Apartment Is Ready For Sale At Madartek , Near Bashabo Mohashorok Jame Masjid.",3.0,2.0,5,vacant,1075.0,dhaka,"৳4,062,500","Madartek, Bashabo",4062500.0
See This 682 Sq Ft Apartment Which Is Up For Sale In Badda Near Badda Girls High School,2.0,1.0,2,vacant,682.0,dhaka,"৳3,600,000","Uttar Badda, Badda",3600000.0
Check this 682 SQ FT apartment up for sale at Uttar Badda very near to IFIC Bank Limited | ATM Booth,2.0,1.0,3,vacant,682.0,dhaka,"৳3,600,000","Uttar Badda, Badda",3600000.0
852 SQ FT office near Paltan Tower for Sales in Motijheel,,,4,vacant,852.0,dhaka,"৳8,094,000","Purana Paltan, Motijheel",8094000.0
Check This 1250 Sq Ft Apartment For Sale At Bashundhara Nearby Modinatul Ulum Madrasa Mosjid,3.0,3.0,4,vacant,1250.0,dhaka,"৳10,500,000","Block D, Bashundhara R-A",10500000.0
Offering You 1150 Sq Ft And 3 Bedroom Apartment For Sale In Uttara - Sector 10.,3.0,3.0,2,vacant,1150.0,dhaka,"৳5,500,000","Sector 10, Uttara",5500000.0
"Offering You 1100 Sq Ft Nice Apartment For Sale In Ranavola, Sector 10, Uttara.",3.0,3.0,1,vacant,1100.0,dhaka,"৳5,500,000","Sector 10, Uttara",5500000.0
An Apartment Is Up For Sale At Uttara-11,3.0,3.0,1,vacant,1500.0,dhaka,"৳15,000,000","Sector 11, Uttara",15000000.0
"1725 Sq Ft Flat For Sale In Aftab Nagar, Block H",3.0,3.0,4,vacant,1725.0,dhaka,"৳14,662,500","Block H, Aftab Nagar",14662500.0
"Close To Shadhinota Sharani Jame Masjid, An Apartment For Sale Is Available In Badda.",3.0,3.0,1,vacant,1100.0,dhaka,"৳6,050,000","Uttar Badda, Badda",6050000.0
"1.25 Katha Residential Plot Is Up For Sale In Arambag Residential Area, Pallabi",,,,vacant,900.0,dhaka,"৳14,000,000","Pallabi, Mirpur",14000000.0
"1600 Sq Ft Flat Is Being Constructed For Sale In Aftab Nagar, Block E",3.0,3.0,1,vacant,1600.0,dhaka,"৳13,600,000","Block E, Aftab Nagar",13600000.0
"Plan To Move In This 945 Sq Ft Flat Which Is For Sale In Section 11, Mirpur",3.0,2.0,4,vacant,945.0,dhaka,"৳6,200,000","Section 11, Mirpur",6200000.0
"A 1160 Sq Ft Flat Is Up For Sale In A Well Secured Location Of Section 1, Mirpur",3.0,3.0,7,vacant,1160.0,dhaka,"৳8,000,000","Section 1, Mirpur",8000000.0
"1250 Sq Ft Apartment For Sale In Madartek, Bashabo",3.0,2.0,4,vacant,1250.0,dhaka,"৳7,400,000","Madartek, Bashabo",7400000.0
Buy This 1431 Sq Ft Flat In Uttara-10,3.0,3.0,3,vacant,1431.0,dhaka,"৳9,000,000","Sector 10, Uttara",9000000.0
At Chandgong R/A 1650 Sq.ft Apartment For Sale,3.0,3.0,1,vacant,1650.0,chattogram,"৳9,075,000","Chandgaon Residential Area, 4 No Chandgaon Ward",9075000.0
Buy This 2079 Sq Ft Flat In 15 No. Bagmoniram Ward,4.0,5.0,5,vacant,2079.0,chattogram,"৳14,500,000","Badshah Miah Chowdhury Road, 15 No. Bagmoniram Ward",14500000.0
This 1644 Sq Ft Flat Is Up For Sale Within Your Affordability Is Located At 7 No. West Sholoshohor Ward,3.0,3.0,9,vacant,1644.0,chattogram,"৳9,000,000","Bibirhat, 7 No. West Sholoshohor Ward",9000000.0
Look At This Nice 2200 Sq Ft Flat Is Up For Sale At Lake Valley R/A,3.0,3.0,8,vacant,2200.0,chattogram,"৳12,000,000","Lake Valley R/A, 9 No. North Pahartali Ward",12000000.0
"1620 Sq Ft Apartment Is Up For Sale In Muradpur, Nasirabad Housing Society",3.0,3.0,8,vacant,1620.0,chattogram,"৳13,000,000","Nasirabad Housing Society, Muradpur",13000000.0
View This Nice 1800 Square Feet Flat For Sale At Bayazid,3.0,4.0,7,vacant,1800.0,chattogram,"৳12,500,000","Nasirabad, Bayazid",12500000.0
1800 Square Feet Flat For Sale At Nasirabad,3.0,4.0,5,vacant,1800.0,chattogram,"৳12,500,000","Nasirabad, Bayazid",12500000.0
See This 1800 Sq.Ft Smartly Priced Apartment Which Is Up For Sale In Jamal Khan Near To The City Bank Limited,3.0,3.0,9,vacant,1800.0,chattogram,"৳12,160,000","Momin Road, Jamal Khan",12160000.0
A worthwhile 1250 SQ FT residential home is ready for sale at Double Mooring,3.0,3.0,5,vacant,1250.0,chattogram,"৳5,500,000","25 No. Rampur Ward, Double Mooring",5500000.0
Worthy 1806 Sq Ft Residential Apartment Is For Sale At Muradpur,3.0,3.0,2,vacant,1806.0,chattogram,"৳12,481,000","Nasirabad Housing Society, Muradpur",12481000.0
Well Organized Flat Of 1400 Sq Ft Is Now Up For Sale In West Khulshi,3.0,3.0,6,vacant,1400.0,chattogram,"৳8,200,000","West Khulshi, 9 No. North Pahartali Ward",8200000.0
"Buy This Nice Flat Of 1300 Sq Ft, Which Is Located At Bayazid Shershah Colony.",3.0,3.0,1,vacant,1300.0,chattogram,"৳5,600,000","Shershah Colony, Bayazid",5600000.0
Nice 1250 Sq Ft Flat Is Available For Sale In 9 No. North Pahartali Ward,3.0,3.0,6,vacant,1250.0,chattogram,"৳5,600,000","Akbarshah Railway Colony, 9 No. North Pahartali Ward",5600000.0
Notable 2000 Sq Feet Ready Flat For Sale In Nasirabad,3.0,5.0,10,vacant,2000.0,chattogram,"৳13,000,000","Nasirabad, Bayazid",13000000.0
An Apartment For Sale In South Khulsi Near Ab Bank Limited,3.0,3.0,6,vacant,1775.0,chattogram,"৳14,200,000","Zakir Hossain Road, Khulshi",14200000.0
Commercial Shop Of 200 Sq Ft Shop Is Up For Sale At Bakalia,,,2,vacant,200.0,chattogram,"৳4,800,000","Dewan Bazar, Bakalia",4800000.0
A Nice And Comfortable 1750 Sq Ft Flat Is Up For Sale In Hamjarbag,3.0,3.0,3,vacant,1750.0,chattogram,"৳7,875,000","Hamjarbag, 7 No. West Sholoshohor Ward",7875000.0
200 Sq Ft Commercial Shop Is Ready To Sale At Bakalia,,,1,vacant,200.0,chattogram,"৳5,000,000","Dewan Bazar, Bakalia",5000000.0
View This 240 Sq Ft Shop For Sale At Bakalia,,,1,vacant,240.0,chattogram,"৳6,000,000","Dewan Bazar, Bakalia",6000000.0
1440 Sq Ft Ready Flat For Sale At Bayazid,3.0,3.0,3,vacant,1440.0,chattogram,"৳6,500,000","Hill View R/A, Bayazid",6500000.0
Close To Chattogram International Medical College &amp; Hospital 135 Square Feet Ready Shop Is For Sale .,,,1,vacant,135.0,chattogram,"৳2,430,000","Chand Mia Road, 4 No Chandgaon Ward",2430000.0
We Have A 905 Sq.Ft Apartment Ready For Sale In The Location Of Ehsan City R/A,3.0,2.0,1,vacant,905.0,chattogram,"৳3,200,000","17 No West Bakalia Ward, Bakalia",3200000.0
An Apartment Of 1280 Sq.Ft Is Up To Sale In West Sholoshohor Near Mohammadpur Jame Mosque.,3.0,3.0,1,vacant,1280.0,chattogram,"৳6,000,000","Mohammad Pur Road, 7 No. West Sholoshohor Ward",6000000.0
Nicely Shaped 1315 Sq Ft - 3 Bedroom Flat Up For Sale In Kalamia Bazar,3.0,3.0,3,vacant,1315.0,chattogram,"৳5,260,000","18 No. East Bakalia Ward, Bakalia",5260000.0
Nice-looking Apartment Including 3 Bedroom Is Ready To Sale In Kalamia Bazar,3.0,3.0,3,vacant,1275.0,chattogram,"৳5,100,000","18 No. East Bakalia Ward, Bakalia",5100000.0
"An Apartment Is Up For Sale At Muradpur, Near Ekushey Hospital Private Ltd",3.0,4.0,1,vacant,1641.0,chattogram,"৳11,000,000","Nasirabad Housing Society, Muradpur",11000000.0
1275 Sq.ft And 3 Bedroom Apartment For Sales At Bakalia Close To Moor Ali Baper Jame Masjid,3.0,3.0,4,vacant,1275.0,chattogram,"৳5,100,000","18 No. East Bakalia Ward, Bakalia",5100000.0
This 1616 Sq Ft Apartment Is Up For For Sale In Muradpur,3.0,3.0,6,vacant,1616.0,chattogram,"৳11,500,000","CDA Avenue, Muradpur",11500000.0
Look At This 1300 Square Feet Residential Apartment For Sale At Dewan Bazar -Terry Bazar Road,3.0,3.0,3,vacant,1300.0,chattogram,"৳7,280,000","Dewan Bazar, Bakalia",7280000.0
Visit This Apartment For Sale In Chasma Hill R/A Near Universal School and College.,3.0,3.0,4,vacant,1235.0,chattogram,"৳6,500,000","Chasma Hill R/A, 7 No. West Sholoshohor Ward",6500000.0
"An Apartment Is Ready For Sale At Nasirabad, Near Rahman Nagar Jame Mosque.",3.0,3.0,2,vacant,1280.0,chattogram,"৳7,400,000","Nasirabad, Bayazid",7400000.0
"900 Sq Ft Apartment Is Up For Sale In Bayazid, Near Dr. Mahmoodur Rahman Chowdhury Mosque.",2.0,2.0,5,vacant,900.0,chattogram,"৳3,800,000","Dreamland Residential Area, Bayazid",3800000.0
"1280 Sq Ft Ready Flat With A Splendid Interior Is Up For Sale In Bayazid, Nasirabad",3.0,3.0,6,vacant,1280.0,chattogram,"৳7,400,000","Nasirabad, Bayazid",7400000.0
A 1452 Sq. Ft. Flat Is Now Up For Sale Located Near To Metropolitan Hospital In Bagmoniram,3.0,3.0,4,vacant,1452.0,chattogram,"৳9,300,000","Chatteshwari Road, 15 No. Bagmoniram Ward",9300000.0
"Buy This 1426 Sq Ft Flat In Halishahar, Halishahar Housing Estate",3.0,3.0,1,vacant,1426.0,chattogram,"৳7,117,000","26 No. North Halishahar Ward, Halishahar",7117000.0
"Perfect For A Family Home, This Apartment Of 1500 Sq Ft Is Up For Sale In 24 No. North Agrabad Ward",3.0,3.0,5,vacant,1500.0,chattogram,"৳8,700,000","24 No. North Agrabad Ward, Double Mooring",8700000.0
At Chandgoan R/A 1460 Sq Ft Apartment Is Ready For Sale.,3.0,3.0,5,vacant,1460.0,chattogram,"৳8,100,000","Chandgaon Residential Area, 4 No Chandgaon Ward",8100000.0
1530 Sq.ft Ready Apartment Is For Sale In The Location Of Muradpur .,3.0,3.0,4,vacant,1530.0,chattogram,"৳7,650,000","1 No Railway Gate, Muradpur",7650000.0
"Buy This 1800 Square Feet Flat In Bayazid, Nasirabad",3.0,4.0,6,vacant,1800.0,chattogram,"৳12,500,000","Nasirabad, Bayazid",12500000.0
"1800 Square Feet Flat With Great Rooms For Sale At Bayazid, Nasirabad",3.0,4.0,5,vacant,1800.0,chattogram,"৳12,500,000","Nasirabad, Bayazid",12500000.0
Commodious 2000 Sq Feet Residential Apartment For Sale In Bayazid,3.0,5.0,11,vacant,2000.0,chattogram,"৳13,000,000","Nasirabad, Bayazid",13000000.0
Best Location | Spacious and Bright 3 Bed Apartment | For Sale in Khulshi,3.0,3.0,1,vacant,2200.0,chattogram,"৳17,500,000","North Khulshi, Khulshi",17500000.0
A Beautiful 972 sft Apartment Is Up For Sale At,2.0,2.0,2,vacant,972.0,chattogram,"৳5,000,000","South Khulshi, Khulshi",5000000.0
Wonderful Flat Of 1450 Sq Ft Is Available For Sale In Jamal Khan,3.0,3.0,2,vacant,1450.0,chattogram,"৳11,500,000","Darul Uloom Road, Jamal Khan",11500000.0
1290 Sq Ft Ready Commercial Office For Sale In Muradpur,,,2,vacant,1290.0,chattogram,"৳11,000,000","Mirzapul Road, Muradpur",11000000.0
We Have A 1320 Sq.Ft Flat For Sale In Bahaddarhat Nearby Bahaddarhat BWDB office.,3.0,3.0,4,vacant,1320.0,chattogram,"৳5,940,000","Bahaddarhat, 4 No Chandgaon Ward",5940000.0
Acquire This Shop Which Is Up For Sale In Bandartila Near Bandartila Eye Hospital,,,4,vacant,150.0,chattogram,"৳1,500,000","39 No. South Halishahar Ward, Halishahar",1500000.0
See This Shop Space Up For Sale Located In Bandartila Near Islami Bank Bangladesh Limited,,,5,vacant,200.0,chattogram,"৳2,000,000","39 No. South Halishahar Ward, Halishahar",2000000.0
At Chandgaon R/A Nice Flat Up For Sale Near Chandgaon Post Office,3.0,3.0,4,vacant,1200.0,chattogram,"৳6,500,000","Bahaddarhat, 4 No Chandgaon Ward",6500000.0
This 115 Sq.Ft Shop Is Up For Sale In Kazirhat.,,,1,vacant,115.0,chattogram,"৳2,300,000","Mohara, 4 No Chandgaon Ward",2300000.0
Be The Owner Of This 1365 Sq Ft Beautiful Flat Which Is Vacant Now For Sale At Shahid Nagar,3.0,3.0,1,vacant,1365.0,chattogram,"৳6,000,000","Shahid Nagar, Bayazid",6000000.0
1150 Square Feet And 2 Bedroom Flat Is For Sale At Pahartali,2.0,2.0,4,vacant,1150.0,chattogram,"৳4,600,000","12 No. Sarai Para Ward, Double Mooring",4600000.0
Check This Fine Looking Flat Of 1150 Sq Ft Offered For Sale At Sarai Para,2.0,2.0,4,vacant,1150.0,chattogram,"৳4,600,000","12 No. Sarai Para Ward, Double Mooring",4600000.0
Visit This 1050 Sq.ft Flat is For Sale At Pahartali Very Near To Janata Bank Limited,2.0,2.0,5,vacant,1050.0,chattogram,"৳4,200,000","12 No. Sarai Para Ward, Double Mooring",4200000.0
Your Desired Large 2 Bedroom Home In Pahartali Is Now Vacant For Sale,2.0,2.0,1,vacant,1150.0,chattogram,"৳4,600,000","12 No. Sarai Para Ward, Double Mooring",4600000.0
A 1750 Sq Ft Wonderful Flat Is For Sale At Hill View R/A,3.0,3.0,1,vacant,1750.0,chattogram,"৳10,000,000","Hill View R/A, Bayazid",10000000.0
An Apartment Of 1352 Sq.Ft Is Up For Sale In Patharghata Near Patharghata Girls&#039; High School.,3.0,3.0,8,vacant,1352.0,chattogram,"৳6,760,000","Patharghata, Kotwali",6760000.0
In The Location Of Patharghata An Apartment Is For Sale Near Patharghata Girls&#039; High School.,3.0,3.0,8,vacant,1370.0,chattogram,"৳6,850,000","Patharghata, Kotwali",6850000.0
200 Sq Ft Commercial Shop Is Available For Sale At Bakalia,,,4,vacant,200.0,chattogram,"৳4,600,000","Dewan Bazar, Bakalia",4600000.0
"Decor Your 86 Sq. Ft. Shop In Korbanganj, Is Up For Sale",,,1,vacant,86.0,chattogram,"৳1,050,000","Korbanigonj, Kotwali",1050000.0
We Have A 1335 Sq.Ft-3 Bedroom Flat For Sale In Bakalia Nearby Moor Ali Baper Jame Masjid,3.0,3.0,7,vacant,1335.0,chattogram,"৳5,340,000","18 No. East Bakalia Ward, Bakalia",5340000.0
"Start A New Home, In This, 1325 Sq Ft Flat For Sale In Kalamia Bazar",3.0,3.0,6,vacant,1325.0,chattogram,"৳5,300,000","18 No. East Bakalia Ward, Bakalia",5300000.0
Get This Cozy 1331 Sq Ft Flat For Sale In 4 No Chandgaon Ward- Chand Mia Road .,3.0,3.0,4,vacant,1331.0,chattogram,"৳7,600,000","Chand Mia Road, 4 No Chandgaon Ward",7600000.0
1230 Sq Ft Flat With All The Optimistic Home Approaches Is Up For Sale In Double Mooring,3.0,3.0,7,vacant,1230.0,chattogram,"৳9,500,000","28 No. Pathantooly Ward, Double Mooring",9500000.0
Available At 28 No. Pathantooly Ward A 1230 Sq.Ft Residential Apartment For Sale,3.0,3.0,7,vacant,1230.0,chattogram,"৳16,605,000","28 No. Pathantooly Ward, Double Mooring",16605000.0
"Buy This Nice Flat Of 1270 Sq Ft, Which Is Located At 28 No. Pathantooly Ward, Double Mooring",3.0,3.0,7,vacant,1270.0,chattogram,"৳17,145,000","28 No. Pathantooly Ward, Double Mooring",17145000.0
See This Apartment Which Is Up For Sale In Halishahar Near Halishahar Ahmad Miah City Corporation High School,3.0,3.0,3,vacant,1150.0,chattogram,"৳5,000,000","38 No. South Middle Halishahar, Halishahar",5000000.0
Shop Space Up For Sale In Bahaddarhat Nearby Jamuna Bank Limited,,,4,vacant,157.0,chattogram,"৳4,082,000","CDA Avenue, Sholokbahar",4082000.0
"1525 Sq Ft Apartment For Sale In Muradpur, Near N. Mohammad Convention Center",3.0,4.0,3,vacant,1525.0,chattogram,"৳14,000,000","East Nasirabad, Muradpur",14000000.0
2071 Sq Ft Apartment Is Available For Sale In East Nasirabad,3.0,3.0,2,vacant,2071.0,chattogram,"৳14,459,000","C & B Colony, East Nasirabad",14459000.0
An Apartment Of 1025 Sq.Ft For Sale Is All Set For You To Settle In Jalalabad Housing Society .,2.0,2.0,3,vacant,1025.0,chattogram,"৳5,000,000","Road No 1, Jalalabad Housing Society",5000000.0
Celebrate Life Each Day In Your New Apartment Of 1017 Sq Ft At 33 No. Firingee Bazaar Ward With Your Beloved Family,2.0,2.0,9,vacant,1017.0,chattogram,"৳4,500,000","Huseyn Shaheed Suhrawardy By Lane, 33 No. Firingee Bazaar Ward",4500000.0
This 1200 Sq.ft Convenient Flat Is For Sale In Akbarshah Railway Colony.,3.0,3.0,7,vacant,1200.0,chattogram,"৳5,800,000","Akbarshah Railway Colony, 9 No. North Pahartali Ward",5800000.0
Let Us Assist You To Buy This 1565 Sq Ft Apartment In Sholokbahar,3.0,3.0,5,vacant,1565.0,chattogram,"৳7,260,000","Abdul Hamid Road, Sholokbahar",7260000.0
"In An Urban Location And Reasonable Price, See This 1565 Sq.Ft Flat Is Available For Sale In Sholokbahar - Abdul Hamid Road.",3.0,3.0,1,vacant,1565.0,chattogram,"৳7,260,000","Abdul Hamid Road, Sholokbahar",7260000.0
"Checkout This 1549 Sq Ft Flat For Sale At Double Mooring, South Agrabad",3.0,3.0,2,vacant,1549.0,chattogram,"৳7,200,000","South Agrabad, Double Mooring",7200000.0
Enjoy The Peaceful Atmosphere Of This Apartment Of 1600 Sq Ft For Sale In Muradpur,3.0,3.0,7,vacant,1600.0,chattogram,"৳8,000,000","CDA Avenue, Muradpur",8000000.0
"Choose This 1900 Sq Ft Apartment To Live In, Up For Sale In 10 No. North Kattali Ward",4.0,4.0,7,vacant,1900.0,chattogram,"৳8,930,000","Proshanti R/A, 10 No. North Kattali Ward",8930000.0
Well-developed 2000 SQ FT Office up for sale in 11 No. South Kattali Ward,,,5,vacant,2000.0,chattogram,"৳13,000,000","Port Connecting Road, 11 No. South Kattali Ward",13000000.0
3000 Sq Ft Apartment Is Ready For Sale At 18 No. East Bakalia Ward,4.0,6.0,5,vacant,3000.0,chattogram,"৳15,000,000","18 No. East Bakalia Ward, Bakalia",15000000.0
"1500 Sq Ft Office For Sale In 9 No. North Pahartali Ward, Noapara",,,2,vacant,1500.0,chattogram,"৳10,000,000","Noapara, 9 No. North Pahartali Ward",10000000.0
A Wonderful Flat Of 1162 Sq Ft Is Available For Sale In Khulshi Green Housing Society,3.0,3.0,3,vacant,1162.0,chattogram,"৳6,972,000","Khulshi Green Housing Society, Khulshi",6972000.0
Build A Happy Future For Yourself In This 1162 Sq Ft Apartment For Sale In Khulshi,3.0,3.0,3,vacant,1162.0,chattogram,"৳6,972,000","Khulshi Green Housing Society, Khulshi",6972000.0
A Nice And Cozy Flat Of 1162 Sq Ft Is Ready For Sale In Khulshi,3.0,3.0,4,vacant,1162.0,chattogram,"৳6,972,000","Khulshi Green Housing Society, Khulshi",6972000.0
"Checkout This Incredible 1665 Sq Ft Flat With Great Features, Up For Sale In Sholokbahar",3.0,3.0,9,vacant,1665.0,chattogram,"৳7,000,000","Abdul Hamid Road, Sholokbahar",7000000.0
"In The Wonderful Neighborhood Of Nasirabad Housing Society, 1950 Sq Ft Flat Is Ready For Sale",3.0,3.0,1,vacant,1950.0,chattogram,"৳13,000,000","Nasirabad Housing Society, Muradpur",13000000.0
Near Art Gallery Building A Commercial Area Is Ready For Sale At Mohammed Ali Road,,,2,vacant,850.0,chattogram,"৳8,000,000","Mohammed Ali Road, 15 No. Bagmoniram Ward",8000000.0
Checkout This 1340 Sq Ft Apartment Up For Sale In 22 No. Enayet Bazaar Ward,3.0,3.0,6,vacant,1340.0,chattogram,"৳7,370,000","Jubilee Road, 22 No. Enayet Bazaar Ward",7370000.0
"Grab A 900 Sq Ft Flat For Sale At Shamoly, 24 No. North Agrabad Ward",2.0,2.0,6,vacant,900.0,chattogram,"৳5,300,000","24 No. North Agrabad Ward, Double Mooring",5300000.0
Buy This 1350 Sq Ft Flat In 9 No. North Pahartali Ward,3.0,3.0,1,vacant,1350.0,chattogram,"৳6,300,000","Kaibalyadham Housing Society, 9 No. North Pahartali Ward",6300000.0
A Well-sized 1800 Sq Ft Residential Apartment Is Available For Sale At Bayazid,3.0,3.0,9,vacant,1800.0,chattogram,"৳10,000,000","Polytechnic, Bayazid",10000000.0
"Looking For A Tasteful Home To Buy In Bakalia, Check This One Out",3.0,3.0,5,vacant,1685.0,chattogram,"৳9,267,500","Dewan Bazar, Bakalia",9267500.0
Your desired 3 bedroom home in Bakalia is now up for Sale,3.0,3.0,5,vacant,1500.0,chattogram,"৳8,250,000","Dewan Bazar, Bakalia",8250000.0
"At Khalifa Potty, Bakalia 1500 Sq Ft Apartment To Sale",3.0,3.0,4,vacant,1500.0,chattogram,"৳8,250,000","Dewan Bazar, Bakalia",8250000.0
2020 Sq Ft Convenient Apartment For Sale In 16 No. Chawk Bazaar Ward,3.0,3.0,6,vacant,2020.0,chattogram,"৳18,000,000","Chawk Bazar, 16 No. Chawk Bazaar Ward",18000000.0
Nice Apartment For Sale In Khushi Nearby Port City University,3.0,3.0,3,vacant,1750.0,chattogram,"৳11,000,000","Zakir Hossain Road, Khulshi",11000000.0
A Nicely Planned Flat Is Up For Sale In South Khulsi Nearby South Khulsi Jame Mosjid,3.0,3.0,4,vacant,1400.0,chattogram,"৳8,500,000","South Khulshi, Khulshi",8500000.0
"An Apartment For Sale Is All Set For You To Settle In O.R Nizam Road, Panchlaish .",3.0,3.0,12,vacant,1672.0,chattogram,"৳14,200,000","O. R Nizam Road, Panchlaish",14200000.0
"In 33 No. Firingee Bazaar Ward, A 1100 Sq Ft Flat Is Up For Sale",3.0,3.0,1,vacant,1100.0,chattogram,"৳4,950,000","Abhoy Mitra Lane, 33 No. Firingee Bazaar Ward",4950000.0
Near To Standard Bank Limited At Enayet Bazaar This 205 Square Feet Commercial Shop For Sale,,,,vacant,205.0,chattogram,"৳14,350,000","Jubilee Road, 22 No. Enayet Bazaar Ward",14350000.0
Look At This 138 Square Feet Commercial Shop For Sale At Enayet Bazaar Beside To Standard Bank Limited,,,,vacant,138.0,chattogram,"৳10,350,000","Jubilee Road, 22 No. Enayet Bazaar Ward",10350000.0
A 277 Sq Ft Commercial Shop Space Is Available For Sale Which Is Located In Jubilee Road,,,,vacant,277.0,chattogram,"৳16,620,000","Jubilee Road, 22 No. Enayet Bazaar Ward",16620000.0
This Nice Business Shop Space Of 175 Sq Ft Is Located In 22 No. Enayet Bazaar Ward Up For Sale,,,,vacant,175.0,chattogram,"৳13,125,000","Jubilee Road, 22 No. Enayet Bazaar Ward",13125000.0
"Apartment Of 1230 Sq Ft Is Available For Sale In Majhirghat Road, 30 No. East Madarbari Ward",3.0,3.0,1,vacant,1230.0,chattogram,"৳6,396,000","Majhirghat Road, 30 No. East Madarbari Ward",6396000.0
"At Kazirhat 120 Sq Ft Ready Shop For Sale, With Flexible Shop Features",,,,vacant,120.0,chattogram,"৳3,000,000","Mohara, 4 No Chandgaon Ward",3000000.0
At Kazirhat A 128 Sq Ft Shop Is Ready For Sale,,,,vacant,128.0,chattogram,"৳3,125,000","Mohara, 4 No Chandgaon Ward",3125000.0
At Kazirhat 125 Sq Ft Shop Is Ready For Sale,,,,vacant,125.0,chattogram,"৳3,500,000","Mohara, 4 No Chandgaon Ward",3500000.0
An Apartment for sale is all set for you to settle in Double Mooring close to CDA Central Mosque,3.0,3.0,1,vacant,1250.0,chattogram,"৳7,500,000","South Agrabad, Double Mooring",7500000.0
"Worthy 1355 Sq Ft Residence Is For Sale At Chattogram, Bahaddarhat",3.0,3.0,12,vacant,1355.0,chattogram,"৳4,742,500","Bahaddarhat, 4 No Chandgaon Ward",4742500.0
At Khaja Road 1355 Square Feet Apartment Is For Sale Close To Shabanghata Jame Moshzid.,3.0,3.0,11,vacant,1355.0,chattogram,"৳4,742,500","Bahaddarhat, 4 No Chandgaon Ward",4742500.0
Worthy 1355 Sq Ft Residence Is For Sale At Bahaddarhat,3.0,3.0,10,vacant,1355.0,chattogram,"৳4,742,500","Bahaddarhat, 4 No Chandgaon Ward",4742500.0
Grab This Lovely Flat Of 2180 Sq Ft Is Up For Sale In Mohara Before It&#039;s Sold Out,3.0,3.0,6,vacant,2180.0,chattogram,"৳9,000,000","Mohara, 4 No Chandgaon Ward",9000000.0
"Get This 1860 Sq Ft Apartment, Up For Sale In Muradpur, Nasirabad Housing Society",3.0,4.0,1,vacant,1860.0,chattogram,"৳13,820,000","Nasirabad Housing Society, Muradpur",13820000.0
Deal With This 1250 Sq Ft Flat For Sale In 9 No. North Pahartali Ward,4.0,4.0,7,vacant,1250.0,chattogram,"৳8,600,000","Khulshi Garden View Housing Society, 9 No. North Pahartali Ward",8600000.0
1150 Sq Ft Residential Property Is For Sale In 9 No. North Pahartali Ward,3.0,3.0,2,vacant,1150.0,chattogram,"৳7,500,000","Khulshi Garden View Housing Society, 9 No. North Pahartali Ward",7500000.0
"Buy This 1400 Square Feet Flat In Bayazid, Shahid Nagar",3.0,3.0,3,vacant,1400.0,chattogram,"৳8,000,000","Shahid Nagar, Bayazid",8000000.0
1324 Sq Ft Large Flat For Sale In Hillview Residential Area,3.0,3.0,1,vacant,1324.0,chattogram,"৳9,400,000","Hillview Residential Area, 15 No. Bagmoniram Ward",9400000.0
"Plan To Move In This 1300 Sq Ft Flat Which Is For Sale In Ali Nagar, Bayazid",3.0,3.0,4,vacant,1300.0,chattogram,"৳7,200,000","Ali Nagar, Bayazid",7200000.0
"A 4 Katha Residential Plot For Sale At Anonna Residential Area, Chandgaon .",,,,vacant,2880.0,chattogram,"৳15,000,000","Anonna Residential Area, 4 No Chandgaon Ward",15000000.0
"AT Dhaka Trunk Road, 9 No. North Pahartali Ward, 105 Sq Ft Shop Is Up For Sale",,,1,vacant,105.0,chattogram,"৳3,675,000","Dhaka Trunk Road, 9 No. North Pahartali Ward",3675000.0
Get The Commercial Benefits In This 110 Sq Ft Shop At 9 No. North Pahartali Ward,,,1,vacant,110.0,chattogram,"৳3,850,000","Dhaka Trunk Road, 9 No. North Pahartali Ward",3850000.0
"Buy This Flat With Amazing Residential Features And Views, In 33 No. Firingee Bazaar Ward",3.0,3.0,1,vacant,1200.0,chattogram,"৳6,000,000","Yakub Nagar Road, 33 No. Firingee Bazaar Ward",6000000.0
"118 Square Feet Commercial Shop For Sale At Kazirhat, 4 No Chandgaon Ward",,,,vacant,118.0,chattogram,"৳2,950,000","Mohara, 4 No Chandgaon Ward",2950000.0
A 1200 Square Feet-3 Bedroom Residential Apartment For Sale At 33 No. Firingee Bazaar Ward.,3.0,3.0,1,vacant,1200.0,chattogram,"৳6,000,000","Yakub Nagar Road, 33 No. Firingee Bazaar Ward",6000000.0
This 200 Sq Ft Shop In 9 No. North Pahartali Ward Is Up For Sale,,,,vacant,200.0,chattogram,"৳2,200,000","Dhaka Trunk Road, 9 No. North Pahartali Ward",2200000.0
"150 Sq Ft Vacant Shop For Sale In 9 No. North Pahartali Ward, Dhaka Trunk Road",,,4,vacant,150.0,chattogram,"৳3,000,000","Dhaka Trunk Road, 9 No. North Pahartali Ward",3000000.0
"156 Sq Ft Perfect Shop For Sale In 9 No. North Pahartali Ward, Dhaka Trunk Road",,,4,vacant,156.0,chattogram,"৳3,120,000","Dhaka Trunk Road, 9 No. North Pahartali Ward",3120000.0
156 Sq Ft Finely Built Shop For Sale In 9 No. North Pahartali Ward,,,4,vacant,156.0,chattogram,"৳3,120,000","Dhaka Trunk Road, 9 No. North Pahartali Ward",3120000.0
156 Sq Ft Shop With Amazing Qualities For Sale In 9 No. North Pahartali Ward,,,4,vacant,156.0,chattogram,"৳3,120,000","Dhaka Trunk Road, 9 No. North Pahartali Ward",3120000.0
Invest In This 105 Sq Ft Shop For Sale In 9 No. North Pahartali Ward,,,3,vacant,105.0,chattogram,"৳3,675,000","Dhaka Trunk Road, 9 No. North Pahartali Ward",3675000.0
A Finely Built 1638 Sq Ft Flat Is Up For Sale In 10 No. North Kattali Ward,4.0,4.0,4,vacant,1638.0,chattogram,"৳8,000,000","Dhaka- Chattogram Highway, 10 No. North Kattali Ward",8000000.0
"In Double Mooring, With A Convenient Price, A 1550 Sq Ft Flat Is Up For Sale",3.0,3.0,3,vacant,1550.0,chattogram,"৳7,750,000","25 No. Rampur Ward, Double Mooring",7750000.0
"In The Beautiful Neighborhood Of Double Mooring, An Apartment Of 1550 Sq Ft Is Up For Sale",3.0,3.0,2,vacant,1550.0,chattogram,"৳7,750,000","25 No. Rampur Ward, Double Mooring",7750000.0
"At Kazirhat, A 1100 Sq Ft Apartment Is Up For Sale",2.0,2.0,1,vacant,1100.0,chattogram,"৳4,500,000","Mohara, 4 No Chandgaon Ward",4500000.0
"Start Your New Home, In This Reasonable And Comfortable 4 Bedroom Flat Which Is Up For Sale In 11 No. South Kattali Ward.",4.0,3.0,5,vacant,1500.0,chattogram,"৳6,000,000","Dakshin Kattali, 11 No. South Kattali Ward",6000000.0
1350 SQ FT flat for Sale in Halishahar close to Halishahar Jame Masjid,3.0,3.0,3,vacant,1350.0,chattogram,"৳6,800,000","Halishahar Road, Halishahar",6800000.0
Checkout This Decent 115 Sq Ft Shop Space For Sale In 9 No. North Pahartali Ward,,,3,vacant,115.0,chattogram,"৳4,025,000","Dhaka Trunk Road, 9 No. North Pahartali Ward",4025000.0
Take A Look At This 105 Square Feet Commercial Shop For Sale At North Pahartali Beside To Haji Camp Shahaji Jame Masjid,,,2,vacant,105.0,chattogram,"৳3,675,000","Dhaka Trunk Road, 9 No. North Pahartali Ward",3675000.0
This 110 Square Feet Commercial Shop For Sale Beside To Haji Camp Shahaji Jame Masjid At North Pahartali.,,,2,vacant,110.0,chattogram,"৳3,850,000","Dhaka Trunk Road, 9 No. North Pahartali Ward",3850000.0
"Grab This Shop Arena Of 125 Sq Ft, Lucrative Enough For Your Business Endeavors In 9 No. North Pahartali Ward",,,2,vacant,125.0,chattogram,"৳4,375,000","Dhaka Trunk Road, 9 No. North Pahartali Ward",4375000.0
This Shop Area Of 110 Sq Ft Is Perfect Enough For Your Next Business Venture In 9 No. North Pahartali Ward,,,2,vacant,110.0,chattogram,"৳3,850,000","Dhaka Trunk Road, 9 No. North Pahartali Ward",3850000.0
120 Square Feet Commercial Shop For Sale At 9 No. North Pahartali Ward Close To Haji Camp Shahaji Jame Masjid,,,2,vacant,120.0,chattogram,"৳4,200,000","Dhaka Trunk Road, 9 No. North Pahartali Ward",4200000.0
A 105 Square Feet Commercial Shop For Sale Close To Haji Camp Shahaji Jame Masjid At North Pahartali .,,,2,vacant,105.0,chattogram,"৳3,675,000","Dhaka Trunk Road, 9 No. North Pahartali Ward",3675000.0
1575 Sq Ft Convenient Apartment For Sale In 30 No. East Madarbari Ward,3.0,3.0,3,vacant,1575.0,chattogram,"৳9,000,000","Darogahat Road, 30 No. East Madarbari Ward",9000000.0
"1250 Sq Ft Nice Flat Is Up For Sale At Bayezid Dreamland Residential Area, Bayazid",3.0,3.0,4,vacant,1250.0,chattogram,"৳4,800,000","Dreamland Residential Area, Bayazid",4800000.0
Choose Your Destination At 1400 Sq Ft Flat Which Is Available For Sale In North Pahartali Near Ferozshah Colony Government Primary School,3.0,3.0,1,vacant,1400.0,chattogram,"৳7,000,000","Lake Valley R/A, 9 No. North Pahartali Ward",7000000.0
A 220 Square Feet Commercial Shop Up For Sale At Nandan Kanan Close To Premier Bank Limited,,,2,vacant,220.0,chattogram,"৳3,000,000","Nandan Kanan, 22 No. Enayet Bazaar Ward",3000000.0
Visit This 825 Sq Ft Flat For Sale In Dakshin Kattali Nearby Master Mind School,3.0,3.0,3,vacant,825.0,chattogram,"৳3,700,000","Dakshin Kattali, 11 No. South Kattali Ward",3700000.0
1007 Sq Ft Apartment For Sale In Firingee Bazaar Near Firingee Bazaar Temple.,2.0,2.0,8,vacant,1007.0,chattogram,"৳5,034,000","Kobi Kazi Nazrul Islam Road, 33 No. Firingee Bazaar Ward",5034000.0
Lucrative Shop Space Up For Sale In Bahaddarhat Near To Jamuna Bank Limited,,,2,vacant,157.0,chattogram,"৳5,024,000","CDA Avenue, Sholokbahar",5024000.0
Acquire This Shop Which Is Up For Sale In Bahaddarhat Near Bahaddarhat Jame Masjid,,,5,vacant,120.0,chattogram,"৳3,120,000","CDA Avenue, Sholokbahar",3120000.0
A Commercial Space Is Available For Sale Which Is Located In Bahaddarhat Nearby Bahaddarhat Jame Masjid,,,5,vacant,129.0,chattogram,"৳3,354,000","CDA Avenue, Sholokbahar",3354000.0
1270 Sq Ft Apartment Is Up For Sale At 30 No. East Madarbari Ward Near M/s. Rainbow Cng Service Station Ltd,3.0,3.0,5,vacant,1270.0,chattogram,"৳6,604,000","Majhirghat Road, 30 No. East Madarbari Ward",6604000.0
Take A Look At This 1400 Square Feet Residential Apartment For Sale Next To East Madarbari City Corporation Girls High School,3.0,3.0,6,vacant,1400.0,chattogram,"৳7,280,000","Majhirghat Road, 30 No. East Madarbari Ward",7280000.0
Great Location! Check Out This Flat For Sale In 33 No. Firingee Bazaar Ward,3.0,3.0,5,vacant,1050.0,chattogram,"৳5,250,000","Kobi Kazi Nazrul Islam Road, 33 No. Firingee Bazaar Ward",5250000.0
Check This 1580 Sq Ft Cozy And Nice Flat Just What You Are Looking For In A Home,3.0,3.0,5,vacant,1580.0,chattogram,"৳7,900,000","Kobi Kazi Nazrul Islam Road, 33 No. Firingee Bazaar Ward",7900000.0
Contact Us To Buy 1428 Sq Ft Home Which Is Now Available In Sabujbag For Sale,3.0,3.0,5,vacant,1428.0,chattogram,"৳4,998,000","Sabujbag, Halishahar",4998000.0
Select Your Next Residing Place At This Nice Flat Of 1408 Sq Ft In Halishahar,3.0,3.0,5,vacant,1408.0,chattogram,"৳4,928,000","Sabujbag, Halishahar",4928000.0
1500 Sq Ft Flat Is Available For Sale At Pahartali,4.0,4.0,11,vacant,1500.0,chattogram,"৳4,950,000","12 No. Sarai Para Ward, Double Mooring",4950000.0
Buy This Flat For The vibrant Urban Lifestyle You Dream About,4.0,4.0,11,vacant,1500.0,chattogram,"৳4,950,000","12 No. Sarai Para Ward, Double Mooring",4950000.0
A 1500 Sq.Ft Residential Apartment For Sale At 24 No. North Agrabad Ward.,3.0,2.0,4,vacant,1500.0,chattogram,"৳6,000,000","24 No. North Agrabad Ward, Double Mooring",6000000.0
A 1600 Square Feet House At 24 No. North Agrabad Ward Is Up For Sale.,3.0,2.0,4,vacant,1600.0,chattogram,"৳6,400,000","24 No. North Agrabad Ward, Double Mooring",6400000.0
An Adequate Apartment Of 1160 Sq.Ft Is Up For Sale In Dewan Bazar .,3.0,3.0,4,vacant,1160.0,chattogram,"৳5,220,000","Dewan Bazar, Bakalia",5220000.0
"In South Agrabad, Flat Of 3 Bedroom Is Up For Sale",3.0,3.0,2,vacant,1300.0,chattogram,"৳7,150,000","South Agrabad, Double Mooring",7150000.0
Check This Nice Flat For Sale At North Agrabad Nearby Agrabad Housing Jame Mosque,3.0,2.0,4,vacant,1200.0,chattogram,"৳4,800,000","24 No. North Agrabad Ward, Double Mooring",4800000.0
"Convenient 1222 Sq Ft Is Now For Sale In Kadamtali, Double Mooring",3.0,3.0,5,vacant,1222.0,chattogram,"৳4,888,000","23 No. North Pathantooly Ward, Double Mooring",4888000.0
Attention ! A 1226 Sq.ft Kadamtali Apartment Is Up For Sale Close To Baitul Jannat Jame Masjid,3.0,3.0,3,vacant,1226.0,chattogram,"৳4,904,000","23 No. North Pathantooly Ward, Double Mooring",4904000.0
1550 Sq Ft Apartment To Sale In Chandgaon Ward,3.0,3.0,2,vacant,1550.0,chattogram,"৳6,500,000","North Forida Para, 4 No Chandgaon Ward",6500000.0
This 1550 Sq. Ft.-3 Bedroom Flat Is Up For Sale In The Location Of Chandgaon Residential Area .,3.0,3.0,9,vacant,1550.0,chattogram,"৳7,500,000","Chandgaon Residential Area, 4 No Chandgaon Ward",7500000.0
Offering You 1000 Sq Ft Flat For Sale In Firingee Bazaar Near To One Bank Atm,3.0,3.0,2,vacant,1000.0,chattogram,"৳5,000,000","Abhoy Mitra Lane, 33 No. Firingee Bazaar Ward",5000000.0
"200 Sq Ft Office For Sale In Bundle Road, Patharghata, Kotwali",,,2,vacant,200.0,chattogram,"৳1,300,000","Patharghata, Kotwali",1300000.0
In Patharghata This 200 Square Feet Office Space Is Up For Sale.,,,2,vacant,200.0,chattogram,"৳1,300,000","Patharghata, Kotwali",1300000.0
"This Flat 1622 Sq.ft Apartment In Sale Lal Khan Bazaar , Near By Bagghona Siddikiya Mosque",3.0,5.0,2,vacant,1622.0,chattogram,"৳9,300,000","14 No. Lalkhan Bazaar Ward, Lal Khan Bazaar",9300000.0
Take a Look at This 169 Sq Ft shop for sale in Halishahar Near To Halishahar Thana,,,1,vacant,169.0,chattogram,"৳4,725,000","39 No. South Halishahar Ward, Halishahar",4725000.0
Visit This Shop For Sale In Halishahar Near Navy Hospital.,,,,vacant,194.0,chattogram,"৳5,350,000","39 No. South Halishahar Ward, Halishahar",5350000.0
Halishahar Is Offering You A 2000 Sq Ft Apartment Ready For Sale,3.0,3.0,6,vacant,2000.0,chattogram,"৳11,000,000","26 No. North Halishahar Ward, Halishahar",11000000.0
1878 Sq.Ft Flat For Sale In Khulshi Near By Radiant School And College,3.0,3.0,7,vacant,1878.0,chattogram,"৳15,000,000","South Khulshi, Khulshi",15000000.0
"Ideal Flat of 1635 SFT In Khulshi, Chattogram Available For Sale",3.0,3.0,9,vacant,1635.0,chattogram,"৳12,000,000","Yakub Future Park Housing, Khulshi",12000000.0
Live In This Suitable Flat Of 1180 Sq Ft Up For Sale In 33 No. Firingee Bazaar Ward,3.0,3.0,1,vacant,1180.0,chattogram,"৳6,490,000","R C Church Road, 33 No. Firingee Bazaar Ward",6490000.0
"Establish Your Peace In This Nice 1250 Sq Ft Apartment For Sale At Hill View R/a, Bayazid",3.0,3.0,1,vacant,1250.0,chattogram,"৳7,000,000","Hill View R/A, Bayazid",7000000.0
"Acquire This 110 Sq Ft Shop Which Is Up For Sale In Dhaka Trunk Road, 9 No. North Pahartali Ward",,,5,vacant,110.0,chattogram,"৳3,850,000","Dhaka Trunk Road, 9 No. North Pahartali Ward",3850000.0
Fully Fitted Shop Space Of 150 Sq Ft Is Ready To Sale In 9 No. North Pahartali Ward Close To Sonali Bank Limited,,,4,vacant,150.0,chattogram,"৳3,000,000","Dhaka Trunk Road, 9 No. North Pahartali Ward",3000000.0
See This Flat Of 1000 Sq Ft As Your Dream Home Located In Double Mooring,3.0,3.0,3,vacant,1000.0,chattogram,"৳4,000,000","12 No. Sarai Para Ward, Double Mooring",4000000.0
This 1400 Sq Ft Apartment Is Ready For Sale At 30 No. East Madarbari Ward,3.0,3.0,2,vacant,1400.0,chattogram,"৳7,800,000","Majhirghat Road, 30 No. East Madarbari Ward",7800000.0
This 1080 Sq Ft Well Defined Flat Is Now Vacant To Sale In Chandgaon Residential Area,3.0,3.0,1,vacant,1080.0,chattogram,"৳5,700,000","Chandgaon Residential Area, 4 No Chandgaon Ward",5700000.0
We Are Pleased To Offer This Moderate 1555 Sq Ft Apartment In Muzaffarnagar Residential Area.,3.0,3.0,6,vacant,1555.0,chattogram,"৳6,000,000","Polytechnic, Bayazid",6000000.0
1644 Sq Ft Flat With Great Facilities Is For Sale In 7 No. West Sholoshohor Ward,3.0,3.0,7,vacant,1644.0,chattogram,"৳9,000,000","Bibirhat, 7 No. West Sholoshohor Ward",9000000.0
Tastefully Designed This 1500 Sq Ft Home Is Now Vacant For Sale In Khulshi,3.0,3.0,4,vacant,1500.0,chattogram,"৳9,000,000","South Khulshi, Khulshi",9000000.0
Buy This 1200 Sq Ft Ready Flat For Sale At Bayazid,3.0,3.0,6,vacant,1200.0,chattogram,"৳4,500,000","Sangbadik Co-operative Housing Society, Bayazid",4500000.0
"Buy This 1650 Sq Ft Fat In 15 No. Bagmoniram Ward, Nasirabad",3.0,4.0,3,vacant,1650.0,chattogram,"৳12,000,000","Nasirabad, 15 No. Bagmoniram Ward",12000000.0
Close To Railway Workshop Gate Jame Mosque This 900 Sq.Ft Residential Apartment For Sale,2.0,2.0,1,vacant,900.0,chattogram,"৳4,500,000","Ambagan Road, Railway Colony",4500000.0
A well-constructed 1325 SQ FT flat is for sale in Bakalia,3.0,3.0,4,vacant,1325.0,chattogram,"৳5,300,000","18 No. East Bakalia Ward, Bakalia",5300000.0
This 129 Sq Ft Shop Is Up For Sale In South Halishahar,,,,vacant,129.0,chattogram,"৳3,725,000","39 No. South Halishahar Ward, Halishahar",3725000.0
A Commercial Shop Is Up For Sale In The Location Of Halishahar Near Navy Hospital,,,,vacant,176.0,chattogram,"৳4,400,000","39 No. South Halishahar Ward, Halishahar",4400000.0
"In Halishahar Near Navy Hospital, A 110 Sq. Ft Shop Is Vacant For Sale.",,,,vacant,110.0,chattogram,"৳2,750,000","39 No. South Halishahar Ward, Halishahar",2750000.0
"1775 Sq Ft Apartment With 3 Bedrooms Is Available To Sale In Kotwali, Patharghata",3.0,3.0,8,vacant,1775.0,chattogram,"৳12,137,500","Patharghata, Kotwali",12137500.0
Acquire This Flat For Your Next Residence In A Nice Location Of Bagmoniram Is Up For Sale.,3.0,3.0,5,vacant,1700.0,chattogram,"৳10,500,000","Chatteshwari Road, 15 No. Bagmoniram Ward",10500000.0
Offering You A Nice Flat For Sale In Chatteshwari Road Near Chatteshwari Road,3.0,3.0,3,vacant,1430.0,chattogram,"৳8,500,000","Chatteshwari Road, 15 No. Bagmoniram Ward",8500000.0
"Buy This 2200 Sq Ft Apartment In Khulshi, Zakir Hossain Road",3.0,4.0,1,vacant,2200.0,chattogram,"৳13,000,000","Zakir Hossain Road, Khulshi",13000000.0
"Buy This 2000 Sq Ft Apartment In Khulshi, Zakir Hossain Road",3.0,4.0,6,vacant,2000.0,chattogram,"৳13,000,000","Zakir Hossain Road, Khulshi",13000000.0
"An apartment is ready for sale at Enayet Bazaar Ward, near United Commercial Bank Limited",3.0,2.0,3,vacant,1290.0,chattogram,"৳8,000,000","Goaltuli Lane, 22 No. Enayet Bazaar Ward",8000000.0
If You Are Looking For A Modern Well-planned Flat For Sale Then You Can Choose This 1337 Sq Ft Flat In 24 No. North Agrabad Ward,3.0,3.0,2,vacant,1337.0,chattogram,"৳7,754,600","24 No. North Agrabad Ward, Double Mooring",7754600.0
"This Vacant Apartment Of 1459 Sq Ft Situated In Double Mooring, Is Up For Sale",3.0,3.0,1,vacant,1459.0,chattogram,"৳8,462,200","24 No. North Agrabad Ward, Double Mooring",8462200.0
Visit This 1360 Sq Ft Flat For Sale At 24 No North Agrabad Ward,3.0,3.0,8,vacant,1360.0,chattogram,"৳7,888,000","24 No. North Agrabad Ward, Double Mooring",7888000.0
1337 Sq Ft Convenient Apartment For Is Here Ready For Sale In 24 No. North Agrabad Ward,3.0,3.0,4,vacant,1337.0,chattogram,"৳7,754,600","24 No. North Agrabad Ward, Double Mooring",7754600.0
"Buy This 1150 Sq Ft Ready Apartment In Jamal Khan, Ashkar Dighir Par",2.0,3.0,7,vacant,1150.0,chattogram,"৳6,000,000","Ashkar Dighir Par, Jamal Khan",6000000.0
1200 Sq Ft Commercial Office Is Ready For Sale At 32 No. Andarkilla Ward,,,4,vacant,1200.0,chattogram,"৳7,200,000",32 No. Andarkilla Ward,7200000.0
A Unique Apartment In Colonel Hat Near Colonel Hat City Corporation Is Up For Sale,3.0,3.0,2,vacant,1397.0,chattogram,"৳5,838,000","Colonel Hat, 10 No. North Kattali Ward",5838000.0
"Buy This Decent 1630 Sq Ft Ready Flat In Bayazid, Polytechnic",3.0,4.0,6,vacant,1630.0,chattogram,"৳8,500,000","Polytechnic, Bayazid",8500000.0
"At Bayazid, Green Valley 1370 Sq Ft Apartment For Sale",3.0,3.0,1,vacant,1370.0,chattogram,"৳6,500,000","Green Valley, Bayazid",6500000.0
"A Perfect Flat Of 1278 Sq Ft For Living With Family Is Available For Sale At Banani Housing Society, Bayazid",3.0,2.0,1,vacant,1278.0,chattogram,"৳6,500,000","Shahid Nagar, Bayazid",6500000.0
"Checkout This 181 Sq Ft Shop Area For Sale In 15 No. Bagmoniram Ward, Cda Avenue",,,2,vacant,181.0,chattogram,"৳9,500,000","CDA Avenue, 15 No. Bagmoniram Ward",9500000.0
Residential Apartment Is On Sale In Zakir Hossain Road Nearby Chattogram Diabetic General Hospital,3.0,3.0,1,vacant,1410.0,chattogram,"৳7,755,000","West Khulshi, 9 No. North Pahartali Ward",7755000.0
Visit This Apartment For Sale In Patharghata Near St. Scholastica&#039;s Girls&#039; School &amp; College,3.0,3.0,9,vacant,1354.0,chattogram,"৳6,400,000","Patharghata, Kotwali",6400000.0
Ready Flat Of 1013 Sq Ft Is Now For Sale In South Agrabad,2.0,2.0,1,vacant,1013.0,chattogram,"৳5,000,000","South Agrabad, Double Mooring",5000000.0
Wonderful 1545 Sq Ft Flat Is Available For Sale In 9 No. North Pahartali Ward,3.0,3.0,3,vacant,1545.0,chattogram,"৳7,725,000","West Khulshi R/A, 9 No. North Pahartali Ward",7725000.0
Adopt Your Destination At 1375 Sq Ft House Which Is Available For Sale In Lal Khan Bazaar,3.0,3.0,5,vacant,1375.0,chattogram,"৳8,562,500","Hill Side Residential Area, Lal Khan Bazaar",8562500.0
To Settle Comfortably You Can Take This 1375 Sq Ft Flat For Sale In Lal Khan Bazaar,3.0,3.0,1,vacant,1375.0,chattogram,"৳8,562,500","Hill Side Residential Area, Lal Khan Bazaar",8562500.0
An Apartment Of 1780 Sq.Ft For Sale Is All Set For You To Settle In Kazir Dewri Close To Mount Hospital (Pvt.) Ltd.,3.0,4.0,1,vacant,1780.0,chattogram,"৳13,000,000","Joy Pahar Housing Estate, Kazir Dewri",13000000.0
"This Slender 3 Bedroom Flat At Lake Valley R/A-North Pahartali , Meeting Your Residential Concerns Is The Perfect Home To You.",3.0,3.0,6,vacant,1400.0,chattogram,"৳7,800,000","Lake Valley R/A, 9 No. North Pahartali Ward",7800000.0
"Take The Offer Of Buying This 1544 Sq Ft Apartment At Sholokbahar, Al-madani Road",3.0,3.0,5,vacant,1544.0,chattogram,"৳9,264,000","Al-Madani Road, Sholokbahar",9264000.0
Sholokbahar Is Offereing You A 1644 Sq Ft Apartment To Buy,3.0,3.0,6,vacant,1644.0,chattogram,"৳9,864,000","Al-Madani Road, Sholokbahar",9864000.0
1646 Sq Ft Apartment Is Ready To Be Sold At Sholokbahar,3.0,3.0,8,vacant,1646.0,chattogram,"৳10,039,120","Al-Madani Road, Sholokbahar",10039120.0
"1340 Square Feet Decent Flat Is Up For Sale In Bayazid, Raufabad Residential Area",3.0,3.0,4,vacant,1340.0,chattogram,"৳8,000,000","Raufabad Residential Area, Bayazid",8000000.0
"2250 Sq Ft Apartment For Sale At Khulshi, Zakir Hossain Road",3.0,3.0,1,vacant,2250.0,chattogram,"৳16,000,000","Zakir Hossain Road, Khulshi",16000000.0
Visit This Apartment For Sale In Halishahar Near Abdul Gofur Mosque,3.0,3.0,7,vacant,1600.0,chattogram,"৳6,500,000","37 No. North-Middle Halishahar Ward, Halishahar",6500000.0
A 1100 Sq Ft Apartment Is Waiting For Sale At Lal Khan Bazaar Nearby Chittagong Police Institution,3.0,3.0,1,vacant,1100.0,chattogram,"৳5,500,000","14 No. Lalkhan Bazaar Ward, Lal Khan Bazaar",5500000.0
Ready Flat 2250 Sq Ft Is Now For Sale In Nasirabad Nearby Agrani Bank Limited,3.0,3.0,8,vacant,2250.0,chattogram,"৳12,000,000","Zakir Hossain By Lane, East Nasirabad",12000000.0
Suitable For Family Living A 1644 Sq Ft Flat Is Available For Sale In Sholokbahar,3.0,3.0,1,vacant,1644.0,chattogram,"৳9,864,000","Al-Madani Road, Sholokbahar",9864000.0
"In The Location Of Firingee Bazaar, An Apartment Is For Sale Near Firingee Bazaar Temple",3.0,3.0,1,vacant,1608.0,chattogram,"৳8,040,000","Kobi Kazi Nazrul Islam Road, 33 No. Firingee Bazaar Ward",8040000.0
1740 Sq Ft Luxurious Apartment Is Ready For Sale In South Khulshi Area,3.0,3.0,2,vacant,1740.0,chattogram,"৳11,500,000","South Khulshi, Khulshi",11500000.0
"1646 Sq Ft Lovely Apartment For Sale At Khushi, Yakub Future Park Housing",3.0,4.0,7,vacant,1646.0,chattogram,"৳11,028,200","Yakub Future Park Housing, Khulshi",11028200.0
Visit This Apartment For Sale Covering An Area Of 1588 Sq Ft In Double Mooring Near Boro Pukur Par Masjid,3.0,3.0,3,vacant,1588.0,chattogram,"৳9,800,000","25 No. Rampur Ward, Double Mooring",9800000.0
"Pursue This 1175 Sq Ft Flat Up For Sale In West Khulshi R/a, Badc Road",3.0,3.0,7,vacant,1175.0,chattogram,"৳5,875,000","West Khulshi R/A, 9 No. North Pahartali Ward",5875000.0
Seize This 1545 Sq Ft Flat For Sale In West Khulshi R/a,3.0,3.0,7,vacant,1545.0,chattogram,"৳7,725,000","West Khulshi R/A, 9 No. North Pahartali Ward",7725000.0
"1336 Sq Ft Prefect Flat For Sale In 9 No. North Pahartali Ward, West Khulshi R/a",3.0,3.0,7,vacant,1336.0,chattogram,"৳6,680,000","West Khulshi R/A, 9 No. North Pahartali Ward",6680000.0
Let Us Introduce You To This 1699 Sq Ft Flat For Sale In 9 No. North Pahartali Ward,3.0,3.0,6,vacant,1699.0,chattogram,"৳8,495,000","West Khulshi R/A, 9 No. North Pahartali Ward",8495000.0
Upgrade Your Home Experience By Buying This 1739 Sq Ft Flat In 9 No. North Pahartali Ward,3.0,3.0,6,vacant,1739.0,chattogram,"৳8,695,000","West Khulshi R/A, 9 No. North Pahartali Ward",8695000.0
"Buy This 1440 Sq Ft Flat In The Area Of Bayazid, Hill View R/a, Block A",3.0,3.0,3,vacant,1440.0,chattogram,"৳6,000,000","Hill View R/A, Bayazid",6000000.0
"1440 Sq Ft Flat With 3 Bedrooms For Sale At Bayazid, Hill View R/a, Block A",3.0,3.0,3,vacant,1440.0,chattogram,"৳6,192,000","Hill View R/A, Bayazid",6192000.0
"1440 Sq Ft Flat Is Set For Sale At Bayazid, Hill View R/a",3.0,3.0,4,vacant,1440.0,chattogram,"৳6,000,000","Hill View R/A, Bayazid",6000000.0
"Buy This 1440 Sq Ft Flat In Bayazid, Hill View R/a",3.0,3.0,2,vacant,1440.0,chattogram,"৳6,192,000","Hill View R/A, Bayazid",6192000.0
"We Are Offering You This 1440 Sq Ft Flat Up For Sale In Bayazid, Hill View R/a, Block A",3.0,3.0,2,vacant,1440.0,chattogram,"৳6,192,000","Hill View R/A, Bayazid",6192000.0
Very Well Designed 1314 Sq Ft Residential Flat Is There For Sale At Nasirabad,3.0,3.0,2,vacant,1314.0,chattogram,"৳7,570,000","Nasirabad, Bayazid",7570000.0
Offering you a 1650 SQ FT flat for sale in Khulshi,3.0,3.0,9,vacant,1650.0,chattogram,"৳9,675,000","Yakub Future Park Housing, Khulshi",9675000.0
"1500 Sq Ft Flat For Sale In Panchlaish, Katalgonj",3.0,3.0,4,vacant,1500.0,chattogram,"৳11,000,000","Katalgonj, Panchlaish",11000000.0
"Grab This 2200 Sq Ft Apartment With 3 Beds Up For Sale At Halishahar Housing Estate, Block H",3.0,3.0,2,vacant,2200.0,chattogram,"৳12,100,000","26 No. North Halishahar Ward, Halishahar",12100000.0
"Make This Your New Home Which Is Up For Sale In Dewan Bazar, Covering 1206 Sq Ft Space",3.0,3.0,1,vacant,1206.0,chattogram,"৳5,427,000","Dewan Bazar, Bakalia",5427000.0
Properly Designed This 1900 Sq Ft Apartment Is Now Up For Sale In Muradpur,3.0,4.0,5,vacant,1900.0,chattogram,"৳14,100,000","Nasirabad Housing Society, Muradpur",14100000.0
Shop Space Up For Sale In Bahaddarhat Nearby Bahaddarhat Jame Masjid,,,5,vacant,93.0,chattogram,"৳2,418,000","CDA Avenue, Sholokbahar",2418000.0
Fully Fitted Shop Space Of 110 Sq Ft Is Ready To Sale In 9 No. North Pahartali Ward Close To Brac Bank Limited,,,1,vacant,110.0,chattogram,"৳3,850,000","Dhaka Trunk Road, 9 No. North Pahartali Ward",3850000.0
"Agree To Buy This 111 Sq Ft Shop In 9 No. North Pahartali Ward, To Invest Rationally In Your Business",,,,vacant,111.0,chattogram,"৳3,885,000","Dhaka Trunk Road, 9 No. North Pahartali Ward",3885000.0
"In Cosmopolitan R/A , 1120 Square Feet Medium Size Apartment Is Available For Sale",2.0,2.0,5,vacant,1120.0,chattogram,"৳6,720,000","Cosmopolitan R/A, 7 No. West Sholoshohor Ward",6720000.0
In The Beautiful Neighborhood In Chandgaon Near By Chandgaon C.D.A Abashik Elaka Jame Moshjid A 1700 Sq.Ft Flat Is Up For Sale,3.0,3.0,4,vacant,1700.0,chattogram,"৳8,160,000","Chandgaon Residential Area, 4 No Chandgaon Ward",8160000.0
This Nice Flat Is Now Up For Sale In South Agrabad Near South Point Hospital,3.0,3.0,2,vacant,1075.0,chattogram,"৳5,052,500","South Agrabad, Double Mooring",5052500.0
1050 Sq Ft Ready Flat For Sale At Bayazid,2.0,2.0,6,vacant,1050.0,chattogram,"৳4,000,000","Chadra Nagar, Bayazid",4000000.0
138 Sq Ft Shop Is Available For Sale In Halishahar Nearby Halishahar Thana,,,1,vacant,138.0,chattogram,"৳3,950,000","39 No. South Halishahar Ward, Halishahar",3950000.0
Buy This 864 Sq Ft Apartment In 17 No West Bakalia Ward,2.0,2.0,6,vacant,864.0,chattogram,"৳4,800,000","17 No West Bakalia Ward, Bakalia",4800000.0
Nice 1440 Sq Ft Flat Is Available For Sale In West Khulshi,3.0,3.0,8,vacant,1440.0,chattogram,"৳8,200,000","West Khulshi, 9 No. North Pahartali Ward",8200000.0
"1800 Sq Ft Flat For Sale In A Great Locality Of Panchlaish, Sugandha Residential Area",3.0,3.0,6,vacant,1800.0,chattogram,"৳15,824,000","Sugandha Residential Area, Panchlaish",15824000.0
"Built With Modern Amenities, Check This Flat for Sale Which Is 1860 Sq Ft in Muradpur",3.0,4.0,5,vacant,1860.0,chattogram,"৳13,820,000","Nasirabad Housing Society, Muradpur",13820000.0
New With A View – 1841 Sq Ft Flat For Sale In South Khulsi,4.0,4.0,2,vacant,1841.0,chattogram,"৳16,000,000","South Khulshi, Khulshi",16000000.0
Pursue This 1300 Square Feet Flat To Buy In Bayazid,3.0,3.0,6,vacant,1300.0,chattogram,"৳6,200,000","Ali Nagar, Bayazid",6200000.0
Offering you 1650 SQ FT flat for sale in 9 No. North Pahartali Ward,4.0,3.0,9,vacant,1650.0,chattogram,"৳8,200,000","West Khulshi R/A, 9 No. North Pahartali Ward",8200000.0
Buy This 980 Sq Ft Apartment With 2 Bedrooms In 24 No. North Agrabad Ward,2.0,2.0,5,vacant,980.0,chattogram,"৳4,200,000","24 No. North Agrabad Ward, Double Mooring",4200000.0
1305 Sq Ft Modern Apartment For Sale At South Khulshi,3.0,3.0,5,vacant,1305.0,chattogram,"৳11,000,000","South Khulshi, Khulshi",11000000.0
Great News! This 1200 Sq Ft Flat For Sale In 37 No. North-Middle Halishahar Ward Which Can Be Your Next Destination,3.0,3.0,4,vacant,1200.0,chattogram,"৳4,500,000","37 No. North-Middle Halishahar Ward, Halishahar",4500000.0
Visit This 1592 Square Feet Residential Apartment At 16 No. Chawk Bazaar Ward For Sale,3.0,4.0,5,vacant,1592.0,chattogram,"৳8,560,000","Munshi Pukur Par, 16 No. Chawk Bazaar Ward",8560000.0
See This 1300 Sq Ft Ready Comfortable Flat For Sale At Bayazid Near To Rahman Nagar Jaame Masjid,3.0,3.0,6,vacant,1300.0,chattogram,"৳7,500,000","Nasirabad, Bayazid",7500000.0
A Nice And Comfortable 1262 Sq Ft Flat Is Up For Sale In Dewan Bazar,3.0,3.0,5,vacant,1262.0,chattogram,"৳5,679,000","Dewan Bazar, Bakalia",5679000.0
View This 1186 Sq Ft Ready Apartment For Sale In Bakalia,3.0,3.0,8,vacant,1186.0,chattogram,"৳5,337,000","Dewan Bazar, Bakalia",5337000.0
"At Mohara, Kazirhat 145 Sq Ft Commercial Area Is Available To Sale",,,1,vacant,145.0,chattogram,"৳2,900,000","Mohara, 4 No Chandgaon Ward",2900000.0
3.5 Katha Plot Is Up For Sale In Kaibalyadham Housing Society,,,,vacant,2520.0,chattogram,"৳14,500,000","Kaibalyadham Housing Society, 9 No. North Pahartali Ward",14500000.0
Look At This 1592 Square Feet Residential Apartment For Sale At 16 No. Chawk Bazaar Ward.,3.0,5.0,3,vacant,1592.0,chattogram,"৳8,560,000","Munshi Pukur Par, 16 No. Chawk Bazaar Ward",8560000.0
"Choose Your Destination, 1150 Sq Ft Apartment Which Is Available To Sale In Double Mooring",3.0,2.0,2,vacant,1150.0,chattogram,"৳6,200,000","24 No. North Agrabad Ward, Double Mooring",6200000.0
Take This Attractive Flat Which Is Up For Sale In Dewan Bazar Featuring 1186 Sq Ft,3.0,3.0,1,vacant,1186.0,chattogram,"৳5,337,000","Dewan Bazar, Bakalia",5337000.0
"Take A Look At This 854 Sq Ft Apartment Up For Sale In Bakalia Residential Area, Bakalia",2.0,2.0,6,vacant,854.0,chattogram,"৳4,800,000","17 No West Bakalia Ward, Bakalia",4800000.0
Settle Down In This 1450 Sq Ft Apartment Up For Sale At Khulshi,3.0,3.0,6,vacant,1450.0,chattogram,"৳8,500,000","Yakub Future Park Housing, Khulshi",8500000.0
Check This Nice 1340 Sq Ft Flat For Sale At West Khulshi,3.0,3.0,8,vacant,1340.0,chattogram,"৳6,800,000","West Khulshi, 9 No. North Pahartali Ward",6800000.0
"At 9 No. North Pahartali Ward, A 125 Sq Ft Suitable Commercial Shop Is Up For Sale",,,2,vacant,125.0,chattogram,"৳4,375,000","Dhaka Trunk Road, 9 No. North Pahartali Ward",4375000.0
This 115 Square Feet Commercial Shop For Sale At 9 No. North Pahartali Ward.,,,2,vacant,115.0,chattogram,"৳4,025,000","Dhaka Trunk Road, 9 No. North Pahartali Ward",4025000.0
Amazing 1400 Sq Ft Apartment Is Up For Sale And All Set For You To Settle In Bakalia,3.0,3.0,6,vacant,1400.0,chattogram,"৳7,700,000","Dewan Bazar, Bakalia",7700000.0
A 150 Sq.Ft Commercial Office For Sale In Bahaddarhat Near To Bahaddarhat Jame Masjid.,,,5,vacant,150.0,chattogram,"৳3,700,000","CDA Avenue, Sholokbahar",3700000.0
"Look At This Nice 950 Sq Ft Flat Is Up For Sale At Chadra Nagar, Bayazid",2.0,2.0,1,vacant,950.0,chattogram,"৳5,000,000","Chadra Nagar, Bayazid",5000000.0
Check This Apartment Up For Sale At South Agrabad Near CDA Central Mosque.,3.0,3.0,4,vacant,1700.0,chattogram,"৳8,500,000","South Agrabad, Double Mooring",8500000.0
1265 Sq. Ft Flat For Sale At Shamoly R/a Near Jamia Ahmadia Sunnia Alia Madrasah,3.0,3.0,3,vacant,1265.0,chattogram,"৳5,500,000","24 No. North Agrabad Ward, Double Mooring",5500000.0
"Grab This Flat Of 1500 Sq Ft Which Is Up For Sale In Dewan Bazar, Bakalia Before It&#039;s Sold Out",3.0,3.0,3,vacant,1500.0,chattogram,"৳8,250,000","Dewan Bazar, Bakalia",8250000.0
1850 Sq Ft Apartment Is Ready To Sale In Muradpur,3.0,4.0,7,vacant,1850.0,chattogram,"৳10,000,000","Nasirabad Housing Society, Muradpur",10000000.0
A Convenient 1253 Sq Ft Residential Flat Is Prepared To Be Sold At Dewan Bazar,3.0,3.0,7,vacant,1253.0,chattogram,"৳5,638,500","Dewan Bazar, Bakalia",5638500.0
An Office Space Of 150 Sq.Ft Is Vacant For Sale In Bahaddarhat Near To Bahaddarhat Jame Masjid,,,6,vacant,150.0,chattogram,"৳3,100,000","CDA Avenue, Sholokbahar",3100000.0
1300 Sq Ft Flat With 3 Bedrooms For Sale At South Khulshi,3.0,3.0,6,vacant,1300.0,chattogram,"৳9,700,000","South Khulshi, Khulshi",9700000.0
1320 Sq Ft Flat With 3 Bedrooms For Sale In 7 No. West Sholoshohor Ward,3.0,3.0,3,vacant,1320.0,chattogram,"৳7,000,000","CDA Avenue, 7 No. West Sholoshohor Ward",7000000.0
For Sale Purpose 1100 Sq Ft Commendable Designed Apartment Is Available In 19 No. South Bakalia Ward,3.0,3.0,5,vacant,1100.0,chattogram,"৳5,500,000","19 No. South Bakalia Ward, Bakalia",5500000.0
This 1612 Sq Ft Apartment Is Ready For Sale In Jamal Khan,3.0,3.0,3,vacant,1612.0,chattogram,"৳12,000,000","Rahmatganj, Jamal Khan",12000000.0
965 Sq Ft Apartment Is Up For Sale In 33 No. Firingee Bazaar Ward,3.0,3.0,7,vacant,965.0,chattogram,"৳5,200,000","Abhoy Mitra Lane, 33 No. Firingee Bazaar Ward",5200000.0
2200 Sq Ft Apartment Is Ready For Sale At 26 No. North Halishahar Ward,3.0,3.0,7,vacant,2200.0,chattogram,"৳12,100,000","26 No. North Halishahar Ward, Halishahar",12100000.0
Acquire This Shop Which Is Up For Sale In Bandartila Near Navy Hospital,,,1,vacant,169.0,chattogram,"৳5,175,000","39 No. South Halishahar Ward, Halishahar",5175000.0
"Lovely Flat Of 1250 Sq Ft Is Available For Sale In Halishahar, Near Halishahar Police Station",3.0,3.0,6,vacant,1250.0,chattogram,"৳7,500,000","26 No. North Halishahar Ward, Halishahar",7500000.0
1400 Sq Ft Flat Is Up For Sale At 7 No. West Sholoshohor Ward,3.0,3.0,1,vacant,1400.0,chattogram,"৳8,500,000","Mohammad Pur Road, 7 No. West Sholoshohor Ward",8500000.0
"Buy This Nice 1200 Sq Ft Apartment In Halishahar, To Fulfill Your Wish",3.0,3.0,4,vacant,1200.0,chattogram,"৳4,500,000","37 No. North-Middle Halishahar Ward, Halishahar",4500000.0
"A Comfy 2100 Sq Ft Flat For A Family Is Here For Sale In Rose Valley R/a, Right Close To Ktc",3.0,4.0,3,vacant,2100.0,chattogram,"৳16,000,000","Rose Valley Residential Area, 9 No. North Pahartali Ward",16000000.0
"150 Sq Ft Delightful Shop For Sale In 9 No. North Pahartali Ward, Dhaka Trunk Road",,,4,vacant,150.0,chattogram,"৳3,000,000","Dhaka Trunk Road, 9 No. North Pahartali Ward",3000000.0
Envision Your Business Growing In This 125 Sq Ft Shop Space For Sale In 9 No. North Pahartali Ward,,,3,vacant,125.0,chattogram,"৳4,375,000","Dhaka Trunk Road, 9 No. North Pahartali Ward",4375000.0
125 Sq Ft Shop Property For Sale In 9 No. North Pahartali Ward,,,5,vacant,125.0,chattogram,"৳4,375,000","Dhaka Trunk Road, 9 No. North Pahartali Ward",4375000.0
A Very Well-fitted Apartment Is Here Sited At Foys Lake Featuring 1600 Sq Ft Space For Sale.,3.0,3.0,6,vacant,1600.0,chattogram,"৳7,000,000","Foys Lake, 9 No. North Pahartali Ward",7000000.0
"This 1240 Square Feet Apartment Is Ready For Sale At Lake View Society, 9 No. North Pahartali Ward",3.0,3.0,6,vacant,1240.0,chattogram,"৳5,000,000","Foys Lake, 9 No. North Pahartali Ward",5000000.0
"Well Set Commercial Shop For Sale Is Available In Firinghee Bazar, Near Islamia University College, Chattagram",,,1,vacant,120.0,chattogram,"৳2,500,000","Sadarghat Road, 33 No. Firingee Bazaar Ward",2500000.0
"A Nicely Planned 1050 Sq Ft Flat Is Up For Sale In Ashkar Dighir Par, Jamal Khan",3.0,3.0,4,vacant,1050.0,chattogram,"৳7,000,000","Ashkar Dighir Par, Jamal Khan",7000000.0
Close To East Madarbari City Corporation Girls High School A 1270 Square Feet Residential Apartment For Sale.,3.0,3.0,3,vacant,1270.0,chattogram,"৳6,604,000","Majhirghat Road, 30 No. East Madarbari Ward",6604000.0
"Apartment Of 1350 Sq Ft For Sale In Bangla Bazar, Bayazid",3.0,3.0,1,vacant,1350.0,chattogram,"৳6,000,000","Bangla Bazar, Bayazid",6000000.0
A Convenient 2252 Sq Ft Residential Flat Is Prepared To Be Sold At 31 No. Alkoron Ward,4.0,4.0,1,vacant,2252.0,chattogram,"৳11,260,000","Alkaran Road, 31 No. Alkoron Ward",11260000.0
Completely Suitable And Ready Flat Of 1350 Sq Ft Is Up For Sale In New Monsurabad,3.0,3.0,1,vacant,1350.0,chattogram,"৳6,831,000",10 No. North Kattali Ward,6831000.0
A Well-constructed 2500 Sq Ft Flat Is For Sale In 31 No. Alkoron Ward,4.0,5.0,8,vacant,2500.0,chattogram,"৳17,500,000","Alkaran Road, 31 No. Alkoron Ward",17500000.0
"1300 Sq Ft Apartment For Sale In Chandra Nagar, Near Abu Darda Jamgee Masjid",3.0,2.0,1,vacant,1300.0,chattogram,"৳5,800,000","Chadra Nagar, Bayazid",5800000.0
Visit This Apartment For Sale In Hamjarbag Near Gausia Huq Bhandari Khankah Sharif.,3.0,3.0,7,vacant,1300.0,chattogram,"৳8,200,000","Hamjarbag, 7 No. West Sholoshohor Ward",8200000.0
A Proper 1600 Sq Ft Residence Is Prepared To Be Sold At Khulshi,3.0,3.0,2,vacant,1600.0,chattogram,"৳10,000,000","South Khulshi, Khulshi",10000000.0
Visit This 1240 Sq Ft Brand New Apartment For Sale In 4 No Chandgaon Ward,3.0,3.0,2,vacant,1240.0,chattogram,"৳7,000,000","Chand Mia Road, 4 No Chandgaon Ward",7000000.0
Ready Flat 2410 Sq Ft Is Now For Sale In Bagmoniram Nearby Shahid Zia Shishu Park,4.0,5.0,4,vacant,2410.0,chattogram,"৳15,500,000","Chatteshwari Road, 15 No. Bagmoniram Ward",15500000.0
850 Sq Ft Ready Comfortable Flat For Sale At Bayazid Close To Bangla Bazar Boro Pahar Jame Mosjid,3.0,2.0,1,vacant,850.0,chattogram,"৳3,900,000","Bangla Bazar, Bayazid",3900000.0
Well-developed 1455 Sq Ft Residence Up For Sale In Jamal Khan,3.0,3.0,1,vacant,1455.0,chattogram,"৳12,500,000","Shahid Saifuddin Khaled Road, Jamal Khan",12500000.0
1460 Square Feet Flat For Sale Is Positioned In A Desirable Place Like Chandgaon Residential Area,3.0,3.0,5,vacant,1460.0,chattogram,"৳8,100,000","Chandgaon Residential Area, 4 No Chandgaon Ward",8100000.0
"Pursue This 1756 Sq Ft Ready Flat Up For Sale At Bayazid, Polytechnic",3.0,4.0,4,vacant,1756.0,chattogram,"৳9,000,000","Polytechnic, Bayazid",9000000.0
Visit This Apartment For Sale In Patharghata Near St. Placid&#039;s School and College.,3.0,3.0,7,vacant,1580.0,chattogram,"৳7,200,000","Patharghata, Kotwali",7200000.0
"Situated In Sholokbahar, A 1744 Sq Ft Apartment Is Up For Sale",3.0,3.0,6,vacant,1744.0,chattogram,"৳8,700,000","Badurtala, Sholokbahar",8700000.0
A Moderate 966 Sq Ft Flat Is Available For Sale At Mousumi Residential Area,2.0,2.0,5,vacant,966.0,chattogram,"৳3,800,000","12 No. Sarai Para Ward, Double Mooring",3800000.0
"Find Your Desired Home At This 1750 Sq Ft Well Featured Flat For Sale At 25 No. Rampur Ward, Double Mooring",3.0,3.0,5,vacant,1750.0,chattogram,"৳9,500,000","25 No. Rampur Ward, Double Mooring",9500000.0
Lovely Apartment Of 1459 Sq Ft Is Up For Sale In 24 No. North Agrabad Ward,3.0,3.0,5,vacant,1459.0,chattogram,"৳8,462,200","24 No. North Agrabad Ward, Double Mooring",8462200.0
Buy This 1415 Sq Ft Apartment In Double Mooring,3.0,3.0,2,vacant,1415.0,chattogram,"৳5,820,000","12 No. Sarai Para Ward, Double Mooring",5820000.0
This 854 Sq Ft Apartment Is Designed For Your Modern Residential Experience In 17 No West Bakalia Ward,2.0,2.0,3,vacant,854.0,chattogram,"৳4,500,000","17 No West Bakalia Ward, Bakalia",4500000.0
An Amazing Flat Is Ready For Sale At Nasirabad Near O R Nizam Road Residential Area,3.0,3.0,4,vacant,1520.0,chattogram,"৳16,000,000","Nasirabad, 15 No. Bagmoniram Ward",16000000.0
A Comfy Life Is Awaiting You In This 1575 Sq Ft Apartment Ready For Sale At Katalganj R/a,3.0,3.0,5,vacant,1575.0,chattogram,"৳14,014,000","Katalganj Residential Area, 16 No. Chawk Bazaar Ward",14014000.0
All Set For Selling Purpose This 1485 Sq Ft Flat In A Peaceful Location Of 22 No. Enayet Bazaar Ward.,3.0,4.0,2,vacant,1485.0,chattogram,"৳12,000,000","Jubilee Road, 22 No. Enayet Bazaar Ward",12000000.0
Buy This Great 1430 Sq Ft Apartment In 17 No West Bakalia Ward,3.0,3.0,1,vacant,1430.0,chattogram,"৳6,600,000","17 No West Bakalia Ward, Bakalia",6600000.0
"Take A Quick Look At This 1485 Sq Ft Flat For Sale In Proshanti R/A, 10 No. North Kattali Ward .",3.0,3.0,2,vacant,1485.0,chattogram,"৳8,000,000","Proshanti R/A, 10 No. North Kattali Ward",8000000.0
A 1664 Sq Ft Ready Flat Is Here For Sale At 15 No. Bagmoniram Ward,3.0,3.0,7,vacant,1664.0,chattogram,"৳9,200,000","Masjid Lane, 15 No. Bagmoniram Ward",9200000.0
"Checkout This 1800 Square Feet Flat Up For Sale At Nasirabad, Rahman Nagar",3.0,4.0,6,vacant,1800.0,chattogram,"৳12,500,000","Nasirabad, Bayazid",12500000.0
3 Bedroom Residence | Non Furnished | Ready To Sale in Nasirabad,3.0,5.0,12,vacant,2000.0,chattogram,"৳13,000,000","Nasirabad, Bayazid",13000000.0
Apartment For Sale In Chasma Hill R/a Nearby Jamuna Bank Limited,3.0,3.0,5,vacant,1500.0,chattogram,"৳6,000,000","Chasma Hill R/A, 7 No. West Sholoshohor Ward",6000000.0
Beautifully Decorated Flat Covering An Area Of 1570 Sq Ft Is Available For Sale In East Bakalia Ward,3.0,3.0,6,vacant,1570.0,chattogram,"৳6,280,000","18 No. East Bakalia Ward, Bakalia",6280000.0
A Strongly Structured Apartment Of 1570 Sq Ft Is Available For Sale In Kalamia Bazar,3.0,3.0,4,vacant,1570.0,chattogram,"৳6,280,000","18 No. East Bakalia Ward, Bakalia",6280000.0
"1335 Square Feet Apartment Ready For Sales At Kalamia Bazar ,Bakalia .",3.0,3.0,5,vacant,1335.0,chattogram,"৳5,340,000","18 No. East Bakalia Ward, Bakalia",5340000.0
A well-constructed 1325 SQ FT flat is for sale in 18 No. East Bakalia Ward,3.0,3.0,4,vacant,1325.0,chattogram,"৳5,900,000","18 No. East Bakalia Ward, Bakalia",5900000.0
A Shop Is Up For Sale In Mohara Near Kazirhat Post office,,,,vacant,104.0,chattogram,"৳2,184,000","Mohara, 4 No Chandgaon Ward",2184000.0
A Shop Nearer To Darul Ma&#039;arif Al Islamia Jame Masjid Is Available For Sale In 4 No Chandgaon Ward,,,1,vacant,124.0,chattogram,"৳2,232,000","Chand Mia Road, 4 No Chandgaon Ward",2232000.0
Apartment for sale in Bakalia close to Bakalia High School,3.0,3.0,3,vacant,1471.0,chattogram,"৳6,100,000","17 No West Bakalia Ward, Bakalia",6100000.0
Modern 1692 SFT ready apartment for sale in Panchlaish,3.0,3.0,9,vacant,1692.0,chattogram,"৳16,000,000",Panchlaish,16000000.0
A 1400 Sq Ft Ready Flat Is Vacant For Sale At 15 No. Bagmoniram Ward,3.0,3.0,6,vacant,1400.0,chattogram,"৳11,200,000",15 No. Bagmoniram Ward,11200000.0
Ideal Flat of 1462 SFT In 10 No. North Kattali Available For sale,3.0,3.0,7,vacant,1462.0,chattogram,"৳9,500,000","CDA R/A, 10 No. North Kattali Ward",9500000.0
At Saha Waliullah R/A 1320 Square Feet Flat Up For Sale.,3.0,3.0,1,vacant,1320.0,chattogram,"৳5,940,000","Bahaddarhat, 4 No Chandgaon Ward",5940000.0
Check This 1320 Sq.Ft Apartment Up For Sale At Bahaddarhat Very Near To Bahaddarhat BWDB office.,3.0,3.0,4,vacant,1320.0,chattogram,"৳5,940,000","Bahaddarhat, 4 No Chandgaon Ward",5940000.0
Shop Space Up For Sale In Bandartila Nearby Bandartila Eye Hospital,,,4,vacant,180.0,chattogram,"৳1,800,000","39 No. South Halishahar Ward, Halishahar",1800000.0
Acquire This Shop Which Is Up For Sale In Bandartila Near Islami Bank Bangladesh Limited,,,4,vacant,200.0,chattogram,"৳2,000,000","39 No. South Halishahar Ward, Halishahar",2000000.0
At Kazirhat 110 Sq Ft Shop Is Ready For Sale,,,,vacant,110.0,chattogram,"৳2,750,000","Mohara, 4 No Chandgaon Ward",2750000.0
Commercial Shop Of 120 Sq Ft Is Up For Sale At Kazirhat,,,1,vacant,120.0,chattogram,"৳2,640,000","Mohara, 4 No Chandgaon Ward",2640000.0
"At Kazirhat 115 Sq Ft Commercial Shop Is Up For Sale At Mohara, Kazirhat",,,1,vacant,115.0,chattogram,"৳2,300,000","Mohara, 4 No Chandgaon Ward",2300000.0
A Commercial Shop Of 154 Sq. Ft. Is Ready For Sale At Mohara,,,1,vacant,154.0,chattogram,"৳3,080,000","Mohara, 4 No Chandgaon Ward",3080000.0
Grab This 1400 Sq Ft Flat Up For Sale In Chattogram DOHS,3.0,3.0,6,vacant,1400.0,chattogram,"৳7,000,000","Chattogram DOHS, Bayazid",7000000.0
A Convenient 1650 Sq Ft Residential Flat Is Prepared To Be Sold At Sarai Para,3.0,3.0,7,vacant,1650.0,chattogram,"৳6,600,000","12 No. Sarai Para Ward, Double Mooring",6600000.0
Modern 1150 Sq Ft Flat Is Up For Sale In Sarai Para,2.0,2.0,2,vacant,1150.0,chattogram,"৳4,600,000","12 No. Sarai Para Ward, Double Mooring",4600000.0
Suitable Shop In Chandargaon Is For sale,,,1,vacant,175.0,chattogram,"৳3,500,000","Mohara, 4 No Chandgaon Ward",3500000.0
A Decent 1150 Sq.Ft Residential Apartment For Sale At Pahartali,2.0,2.0,5,vacant,1150.0,chattogram,"৳4,600,000","12 No. Sarai Para Ward, Double Mooring",4600000.0
A Well Defined Flat Of 1150 Sq Ft In Pahartali Is Available For Sale,2.0,2.0,5,vacant,1150.0,chattogram,"৳4,600,000","12 No. Sarai Para Ward, Double Mooring",4600000.0
A Delightful Apartment Of 1150 Sq Ft Is Ready To Sale In A Great Location Of Pahartali.,2.0,2.0,6,vacant,1150.0,chattogram,"৳4,600,000","12 No. Sarai Para Ward, Double Mooring",4600000.0
A 2 Bedroom Residential Apartment For Sale At Pahartali,2.0,2.0,6,vacant,1150.0,chattogram,"৳4,600,000","12 No. Sarai Para Ward, Double Mooring",4600000.0
1050 Sq.ft Flat For Sale At Pahartali,2.0,2.0,1,vacant,1050.0,chattogram,"৳4,200,000","12 No. Sarai Para Ward, Double Mooring",4200000.0
A Large 1150 Sq.Ft Flat Is Up For Sale At Pahartali Very Close To Janata Bank Limited,2.0,2.0,1,vacant,1150.0,chattogram,"৳4,600,000","12 No. Sarai Para Ward, Double Mooring",4600000.0
Shop for Sale in Chandgaon nearby EBL,,,,vacant,129.0,chattogram,"৳2,580,000","Mohara, 4 No Chandgaon Ward",2580000.0
In Terry Bazar A 200 Square Feet Shop Is Ready And Vacant For Sale.,,,5,vacant,200.0,chattogram,"৳4,600,000","Dewan Bazar, Bakalia",4600000.0
View This 200 Sq Ft Shop For Sale At Bakalia,,,3,vacant,200.0,chattogram,"৳4,600,000","Dewan Bazar, Bakalia",4600000.0
Buy This Cozy 200 Sq Ft Shop At Bakalia,,,3,vacant,200.0,chattogram,"৳4,600,000","Dewan Bazar, Bakalia",4600000.0
Bakalia Is Offering You A 200 Sq Ft Shop For Sale,,,3,vacant,200.0,chattogram,"৳4,600,000","Dewan Bazar, Bakalia",4600000.0
This 1744 Sq Ft Apartment With A Friendly Neighborhood Is Ready For Sale In 4 No Chandgaon Ward,3.0,3.0,7,vacant,1744.0,chattogram,"৳12,000,000","Chand Mia Road, 4 No Chandgaon Ward",12000000.0
"An Apartment Is Ready For Sale At Nasirabad Properties Residential Area, Near Ncc Bank Limited.",3.0,4.0,2,vacant,2060.0,chattogram,"৳11,500,000","Nasirabad Properties Residential Area, Khulshi",11500000.0
This 1400 Sq Ft Commercial Space Is Ready For Sale At 32 No. Andarkilla Ward,,,4,vacant,1400.0,chattogram,"৳8,400,000",32 No. Andarkilla Ward,8400000.0
Buy This 900 Sq Ft Commercial Space In 32 No. Andarkilla Ward,,,4,vacant,900.0,chattogram,"৳5,400,000",32 No. Andarkilla Ward,5400000.0
"Visit And Buy This 1250 Sq Ft Flat In Double Mooring, 28 No. Pathantooly Ward",3.0,3.0,3,vacant,1250.0,chattogram,"৳6,950,000","28 No. Pathantooly Ward, Double Mooring",6950000.0
A Well-constructed 1530 Sq Ft Flat Is For Sale In Mehidibag,3.0,3.0,6,vacant,1530.0,chattogram,"৳12,300,000","Mehidibag, 15 No. Bagmoniram Ward",12300000.0
This 1847 Sq Ft Apartment With A Peaceful Environment Is Ready For Sale In Muradpur,3.0,3.0,5,vacant,1847.0,chattogram,"৳12,000,000","CDA Avenue, Muradpur",12000000.0
This 1500 Sq Ft Flat For Sale In Chadra Nagar Which Can Be Your Next Destination,3.0,3.0,1,vacant,1500.0,chattogram,"৳8,500,000","Chadra Nagar, Bayazid",8500000.0
A Well Defined Commercial Office Of 1950 Sq Ft In South Kattali Is Available For Sale,,,2,vacant,1950.0,chattogram,"৳14,625,000","Port Connecting Road, 11 No. South Kattali Ward",14625000.0
Seal The Deal Of Buying This 1300 Sq Ft Flat In Jamal Khan,3.0,3.0,1,vacant,1300.0,chattogram,"৳10,000,000","Ashkar Dighir Par, Jamal Khan",10000000.0
"1330 Sq Ft Apartment To Sale In Jamal Khan, Ashkar Dighir Par",3.0,3.0,1,vacant,1330.0,chattogram,"৳10,000,000","Ashkar Dighir Par, Jamal Khan",10000000.0
"2 Katha Plot Is Ready Up For Sale In 4 No Chandgaon Ward, Shamsher Para",,,,vacant,1440.0,chattogram,"৳8,000,000","Shamsher Para, 4 No Chandgaon Ward",8000000.0
3 Katha Residential Plot Is Ready For Sale In 4 No Chandgaon Ward,,,,vacant,2160.0,chattogram,"৳18,000,000","Shamsher Para, 4 No Chandgaon Ward",18000000.0
At 12 No. Sarai Para Ward A 1510 Square Feet Residential Apartment For Sale .,3.0,3.0,3,vacant,1510.0,chattogram,"৳5,285,000","12 No. Sarai Para Ward, Double Mooring",5285000.0
1410 Sq Ft Ready Apartment Is Up For Sale In East Nasirabad,3.0,3.0,1,vacant,1410.0,chattogram,"৳8,000,000","Govt Girls High School Road, East Nasirabad",8000000.0
Buy This 1460 Sq Ft Flat For Sale In Bayazid,3.0,3.0,1,vacant,1460.0,chattogram,"৳7,000,000","Green Valley, Bayazid",7000000.0
In An Urban Location This 4 Bedroom Home Is Vacant For Sale In Hill View R/A-Block A.,4.0,4.0,4,vacant,2500.0,chattogram,"৳12,200,000","Hill View R/A, Bayazid",12200000.0
In Korbanganj A Shop Is Up For Sale Near Korbanganj Jame Masjid,,,1,vacant,84.0,chattogram,"৳1,250,000","Korbanigonj, Kotwali",1250000.0
At Terry Bazar This 200 Square Feet Commercial Shop For Sale,,,2,vacant,200.0,chattogram,"৳4,800,000","Dewan Bazar, Bakalia",4800000.0
Bakalia Is Giving You A 200 Sq Ft Shop For Sale,,,2,vacant,200.0,chattogram,"৳4,800,000","Dewan Bazar, Bakalia",4800000.0
240 Square Feet Commercial Shop For Sale At Terry Bazar.,,,2,vacant,240.0,chattogram,"৳5,760,000","Dewan Bazar, Bakalia",5760000.0
Buy This 240 Sq Ft Shop At Bakalia,,,2,vacant,240.0,chattogram,"৳5,760,000","Dewan Bazar, Bakalia",5760000.0
Check Out This 200 Sq Ft Shop Ready To Sale At Bakalia,,,1,vacant,200.0,chattogram,"৳5,000,000","Dewan Bazar, Bakalia",5000000.0
A Convenient 1000 Sq Ft Residential Flat Is Prepared To Be Sold At South Bakalia,3.0,3.0,4,vacant,1000.0,chattogram,"৳5,000,000","19 No. South Bakalia Ward, Bakalia",5000000.0
In Chandgaon Nearby Chattogram International Medical College &amp; Hospital A 120 Sq.Ft Shop Is Ready And Vacant For Sale.,,,1,vacant,120.0,chattogram,"৳2,160,000","Chand Mia Road, 4 No Chandgaon Ward",2160000.0
Acquire This 130 Sq.Ft Shop Which Is Up For Sale In Chandgaon Near Chattogram International Medical College &amp; Hospital,,,1,vacant,130.0,chattogram,"৳2,340,000","Chand Mia Road, 4 No Chandgaon Ward",2340000.0
In The Location Of No West Bakalia An Excellent Flat Of 1300 Sq Ft Is Waiting For Sale,3.0,3.0,1,vacant,1300.0,chattogram,"৳8,000,000","17 No West Bakalia Ward, Bakalia",8000000.0
1435 Square Feet-3 Bedroom Apartment For Sales At Bakalia Close To Moor Ali Baper Jame Masjid,3.0,3.0,6,vacant,1435.0,chattogram,"৳5,740,000","18 No. East Bakalia Ward, Bakalia",5740000.0
In The Beautiful Neighborhood In Kalamia Bazar A 1335 Sq.Ft Flat Is Up For Sale,3.0,3.0,6,vacant,1335.0,chattogram,"৳5,340,000","18 No. East Bakalia Ward, Bakalia",5340000.0
1570 Sq.ft Apartment Ready For Sales At Kalamia Bazar Near Ajijia Islamia Jameh Mosjid,3.0,3.0,2,vacant,1570.0,chattogram,"৳6,280,000","18 No. East Bakalia Ward, Bakalia",6280000.0
"Come To Visit This Shop In Chandgaon Ward, That Is Available For Sale",,,1,vacant,159.0,chattogram,"৳2,862,000","Chand Mia Road, 4 No Chandgaon Ward",2862000.0
Flat For Sale Covering A Beautiful Area In Chand Mia Road Nearby Chattagram International Medical College &amp; Hospital,3.0,3.0,6,vacant,1625.0,chattogram,"৳7,512,500","Chand Mia Road, 4 No Chandgaon Ward",7512500.0
"At Bayazid, Flat For Sale Close To Bayazid Thana",3.0,3.0,1F,vacant,1313.0,chattogram,"৳6,500,000","Chadra Nagar, Bayazid",6500000.0
View This 1422 Sq Ft Apartment To Sale In Bakalia,3.0,3.0,9,vacant,1422.0,chattogram,"৳9,811,800","Dewan Bazar, Bakalia",9811800.0
Checkout This 1433 Sq Ft Apartment For Sale In Bakalia,3.0,3.0,2,vacant,1433.0,chattogram,"৳9,887,700","Dewan Bazar, Bakalia",9887700.0
Buy This 1440 Sq Ft Apartment In Bakalia,3.0,3.0,2,vacant,1440.0,chattogram,"৳9,936,000","Dewan Bazar, Bakalia",9936000.0
"1510 Sq Ft Apartment For Sale In Bakalia, Dewan Bazar",3.0,4.0,1,vacant,1510.0,chattogram,"৳10,419,000","Dewan Bazar, Bakalia",10419000.0
"Buy This 1500 Sq Ft Flat In 15 No. Bagmoniram Ward, Bayazid Bostami Road",3.0,3.0,8,vacant,1500.0,chattogram,"৳12,000,000","Bayazid Bostami Road, 15 No. Bagmoniram Ward",12000000.0
1644 Sq Ft Ready Apartment Is Available For Sale At Sholokbahar,3.0,3.0,2,vacant,1644.0,chattogram,"৳9,864,000","Al-Madani Road, Sholokbahar",9864000.0
"We Bring You A Nice Residence Of 1800 Sq Ft, For Sale In Bagmoniram Ward",3.0,4.0,3,vacant,1800.0,chattogram,"৳13,000,000","Badshah Miah Chowdhury Road, 15 No. Bagmoniram Ward",13000000.0
A 1700 Sq Ft Well Fitted Residential Property Is On Sale In Chandgaon R/a,3.0,3.0,8,vacant,1700.0,chattogram,"৳8,000,000","Chandgaon Residential Area, 4 No Chandgaon Ward",8000000.0
An Affordable 1050 Sq Ft Flat Is Ready For Sale At Chawk Bazaar Ward,2.0,2.0,14,vacant,1050.0,chattogram,"৳6,000,000","Chawk Bazar, 16 No. Chawk Bazaar Ward",6000000.0
Deal With This 1760 Sq Ft Ready Apartment Up For Sale In Muradpur,3.0,4.0,3,vacant,1760.0,chattogram,"৳13,120,000","Nasirabad Housing Society, Muradpur",13120000.0
900 Sq Ft Flat With 2 Bedrooms Is For sale At Bayazid,2.0,2.0,7,vacant,900.0,chattogram,"৳5,000,000","Bangladesh Co-operative Housing Society, Bayazid",5000000.0
"Buy This 1800 Sq Ft Flat In Panchlaish, Sugandha Residential Area",3.0,3.0,6,vacant,1800.0,chattogram,"৳15,824,000","Sugandha Residential Area, Panchlaish",15824000.0
1012 Sq Ft Flat Is Available For Sale In 11 No. South Kattali Ward,3.0,3.0,3,vacant,1012.0,chattogram,"৳4,400,000","Port Connecting Road, 11 No. South Kattali Ward",4400000.0
"At Sholokbahar, A 1200 Sq Ft Well Fitted Residential Property Is For Sale Next To Doctors Hospital.",3.0,3.0,1,vacant,1200.0,chattogram,"৳6,000,000","Abdul Hamid Road, Sholokbahar",6000000.0
"Buy This 1720 Sq Ft Ready Apartment In Sholokbahar, Abdul Hamid Road",3.0,3.0,1,vacant,1720.0,chattogram,"৳7,880,000","Abdul Hamid Road, Sholokbahar",7880000.0
A Newly Constructed Apartment In Lal Khan Bazaar Is Available For Sale Which Is 1275 Sq Ft,3.0,3.0,3,vacant,1275.0,chattogram,"৳7,393,750","Hill Side Residential Area, Lal Khan Bazaar",7393750.0
A well-constructed 978 SQ FT flat is ready to sale in North Kattali,2.0,2.0,3,vacant,978.0,chattogram,"৳5,500,000","Colonel Hat, 10 No. North Kattali Ward",5500000.0
Buy This 1545 Sq Ft Flat In 9 No. North Pahartali Ward,3.0,3.0,8,vacant,1545.0,chattogram,"৳7,725,000","West Khulshi R/A, 9 No. North Pahartali Ward",7725000.0
Nice 1739 Sq Ft Apartment Is Available For Sale In West Khulshi R/a,3.0,3.0,3,vacant,1739.0,chattogram,"৳8,695,000","West Khulshi R/A, 9 No. North Pahartali Ward",8695000.0
Strongly Constructed 1175 Sq Ft Home Is Available For Sale In 9 No. North Pahartali Ward,3.0,3.0,3,vacant,1175.0,chattogram,"৳5,875,000","West Khulshi R/A, 9 No. North Pahartali Ward",5875000.0
Offering You 1175 Sq Ft Flat For Sale In West Khulshi R/a,3.0,3.0,4,vacant,1175.0,chattogram,"৳5,875,000","West Khulshi R/A, 9 No. North Pahartali Ward",5875000.0
1336 Sq Ft Serene Flat For Sale In 9 No. North Pahartali Ward,3.0,3.0,4,vacant,1336.0,chattogram,"৳8,000,000","West Khulshi R/A, 9 No. North Pahartali Ward",8000000.0
2000 SQ FT flat is now Vacant for sale in 15 No. Bagmoniram Ward,3.0,3.0,1,vacant,2000.0,chattogram,"৳16,000,000","Amirbag Residential Area, 15 No. Bagmoniram Ward",16000000.0
An Affordable 3 Bedroom Apartment Is Up For sell In West Khulshi R/A.,3.0,3.0,1,vacant,1593.0,chattogram,"৳7,646,400","West Khulshi R/A, 9 No. North Pahartali Ward",7646400.0
We Have A 1699 Sq.Ft Flat For Sale In West Khulshi R/A .,3.0,3.0,1,vacant,1699.0,chattogram,"৳8,155,200","West Khulshi R/A, 9 No. North Pahartali Ward",8155200.0
Apartment For Sale In Zakir Hossain Road Nearby Chattogram Diabetic General Hospital,3.0,3.0,4,vacant,1420.0,chattogram,"৳7,810,000","West Khulshi, 9 No. North Pahartali Ward",7810000.0
Welcome You To The Apartment Place In Kotwali That Is Ready For Sale,3.0,3.0,5,vacant,1350.0,chattogram,"৳6,700,000","Patharghata, Kotwali",6700000.0
1801 SQ FT flat is now for sale which is in East Nasirabad,3.0,3.0,1,vacant,1801.0,chattogram,"৳14,817,700","C & B Colony, East Nasirabad",14817700.0
Find Your Place In A 1390 Sq Ft Structurally Well Built Home For Sale In Panchlaish,3.0,3.0,3,vacant,1390.0,chattogram,"৳11,000,000","Katalgonj, Panchlaish",11000000.0
A 2 Bedrooms Residential Apartment For Sale At Bayazid Bostami Road .,2.0,2.0,4,vacant,1000.0,chattogram,"৳8,000,000","Bayazid Bostami Road, 15 No. Bagmoniram Ward",8000000.0
At Bayazid Bostami Road A 1000 Square Ft. Residential Apartment For Sale .,2.0,2.0,3,vacant,1000.0,chattogram,"৳8,000,000","Bayazid Bostami Road, 15 No. Bagmoniram Ward",8000000.0
This Very New Nice Flat Of 1250 Sq Ft Is Up For Sale In Double Mooring,3.0,3.0,5,vacant,1250.0,chattogram,"৳6,950,000","28 No. Pathantooly Ward, Double Mooring",6950000.0
Set Up Your New Office In The Location Of Bahaddarhat Nearby Agrani Bank Limited For Sale.,,,4,vacant,444.0,chattogram,"৳11,988,000","CDA Avenue, Sholokbahar",11988000.0
See This Office Space Of 150 Sq.Ft Is For Sale Located In Chandgaon Near Bahaddarhat Jame Mosque.,,,4,vacant,150.0,chattogram,"৳3,700,000","CDA Avenue, Sholokbahar",3700000.0
A Shop Is Up For Sale In Chandgaon Near Bahaddarhat Kacha Bazar,,,5,vacant,130.0,chattogram,"৳3,380,000","CDA Avenue, Sholokbahar",3380000.0
Acquire This Shop Which Is Up For Sale In Chandgaon Near Hoque Super Market,,,5,vacant,175.0,chattogram,"৳4,550,000","CDA Avenue, Sholokbahar",4550000.0
135 Square Feet Commercial Shop Is Ready For Sale At South Khulshi,,,4,vacant,135.0,chattogram,"৳6,000,000","South Khulshi, Khulshi",6000000.0
"Well Developed And Nicely Planned 1225 Sq Ft Flat Is Up For Sale In Chatogram, Near National Hospital Pvt. Ltd.",3.0,3.0,7,vacant,1225.0,chattogram,"৳9,500,000","Nasirabad, 15 No. Bagmoniram Ward",9500000.0
125 Sq Ft Shop For Sale In 9 No. North Pahartali Ward,,,3,vacant,125.0,chattogram,"৳4,375,000","Dhaka Trunk Road, 9 No. North Pahartali Ward",4375000.0
110 Sq Feet Shop Area Is Up For Sale In 9 No. North Pahartali Ward,,,3,vacant,110.0,chattogram,"৳3,850,000","Dhaka Trunk Road, 9 No. North Pahartali Ward",3850000.0
"3 Bedroom Residential Apartment Is Up For Sale In 25 No. Rampur Ward, Double Mooring",3.0,3.0,1,vacant,1550.0,chattogram,"৳7,750,000","25 No. Rampur Ward, Double Mooring",7750000.0
Buy This 120 Sq Ft Shop In 9 No. North Pahartali Ward,,,3,vacant,120.0,chattogram,"৳4,200,000","Dhaka Trunk Road, 9 No. North Pahartali Ward",4200000.0
110 Square Feet Commercial Shop For Sale At 9 No. North Pahartali Ward,,,3,vacant,110.0,chattogram,"৳3,850,000","Dhaka Trunk Road, 9 No. North Pahartali Ward",3850000.0
This 120 Sq Ft Shop Space For Sale Is Assuring You A Great Business Environment Right In 9 No. North Pahartali Ward,,,3,vacant,120.0,chattogram,"৳4,200,000","Dhaka Trunk Road, 9 No. North Pahartali Ward",4200000.0
9 No. North Pahartali Ward Is Highlighting A 110 Square Feet Standard Shop Space For Sale,,,2,vacant,110.0,chattogram,"৳3,850,000","Dhaka Trunk Road, 9 No. North Pahartali Ward",3850000.0
This Shop Space Of 115 Sq Ft Is Lucrative Enough For Your Next Business Venture In 9 No. North Pahartali Ward,,,2,vacant,115.0,chattogram,"৳4,025,000","Dhaka Trunk Road, 9 No. North Pahartali Ward",4025000.0
Modest Apartment For Property Seekers | 1426 Sq Ft Flat Is For Sale In Halishahar Housing Estate -Block H.,3.0,3.0,8,vacant,1426.0,chattogram,"৳7,130,000","26 No. North Halishahar Ward, Halishahar",7130000.0
Close To Al-Haj Yakub Ali Girls High School &amp; College A 1550 Square Feet Residential Apartment For Sale,3.0,3.0,3,vacant,1550.0,chattogram,"৳7,750,000","25 No. Rampur Ward, Double Mooring",7750000.0
9 No. North Pahartali Ward Is Offering You A 115 Sq Ft Commercial Shop Ready For Sale,,,1,vacant,115.0,chattogram,"৳4,025,000","Dhaka Trunk Road, 9 No. North Pahartali Ward",4025000.0
125 Sq Ft Shop For Sale At 9 No. North Pahartali Ward.,,,1,vacant,125.0,chattogram,"৳4,375,000","Dhaka Trunk Road, 9 No. North Pahartali Ward",4375000.0
"125 Sq Ft Commercial Shop For Sale At 9 No. North Pahartali Ward, With Efficient Commercial Amenities",,,,vacant,125.0,chattogram,"৳3,750,000","Dhaka Trunk Road, 9 No. North Pahartali Ward",3750000.0
112 Sq Ft Shop Is Up For Sale In 9 No. North Pahartali Ward,,,,vacant,112.0,chattogram,"৳3,920,000","Dhaka Trunk Road, 9 No. North Pahartali Ward",3920000.0
"125 Sq Ft Shop For Sale In An Affordable Price, Right In 9 No. North Pahartali Ward",,,,vacant,125.0,chattogram,"৳3,750,000","Dhaka Trunk Road, 9 No. North Pahartali Ward",3750000.0
"Buy This 115 Sq Ft Shop In 9 No. North Pahartali Ward, To Invest In Your Shop Business",,,,vacant,115.0,chattogram,"৳4,025,000","Dhaka Trunk Road, 9 No. North Pahartali Ward",4025000.0
102 Sq Ft Shop For Sale In A Booming Location Of 9 No. North Pahartali Ward,,,,vacant,102.0,chattogram,"৳3,570,000","Dhaka Trunk Road, 9 No. North Pahartali Ward",3570000.0
Delightful Commercial Shop Is Up For Sale In 9 No. North Pahartali Ward,,,,vacant,110.0,chattogram,"৳3,800,000","Dhaka Trunk Road, 9 No. North Pahartali Ward",3800000.0
1200 Sq Ft Flat For Sale In 9 No. North Pahartali Ward,3.0,3.0,4,vacant,1200.0,chattogram,"৳5,200,000","Akbarshah Railway Colony, 9 No. North Pahartali Ward",5200000.0
See This 1200 Sq Ft Apartment For Sale Is All Set For You In 33 No. Firingee Bazaar Ward,3.0,3.0,2,vacant,1200.0,chattogram,"৳6,000,000","Yakub Nagar Road, 33 No. Firingee Bazaar Ward",6000000.0
"We Are Happy To Presents This 129 Sq Ft Fitted Shop Located In Kazirhat, Mohara For Sale",,,,vacant,129.0,chattogram,"৳3,225,000","Mohara, 4 No Chandgaon Ward",3225000.0
See This 1428 Sq Ft Apartment For Sale Is All Set For You In Sabujbag,3.0,3.0,5,vacant,1428.0,chattogram,"৳4,998,000","Sabujbag, Halishahar",4998000.0
Get Comfortable In A Nice Flat For Sale In North Pahartali Nearby Masjid E Quba,3.0,3.0,4,vacant,1400.0,chattogram,"৳7,800,000","Rose Valley Residential Area, 9 No. North Pahartali Ward",7800000.0
A 1500 Sq.Ft -3 Bedroom Residential Apartment For Sale At 24 No. North Agrabad Ward,3.0,2.0,5,vacant,1500.0,chattogram,"৳6,000,000","24 No. North Agrabad Ward, Double Mooring",6000000.0
In The Beautiful Neighborhood In Agrabad Housing Residential Area A 1135 Square Feet Flat Is Up For Sale .,3.0,3.0,3,vacant,1135.0,chattogram,"৳3,800,000","24 No. North Agrabad Ward, Double Mooring",3800000.0
3 Bedroom And 3 Bathroom Apartment For Sale In South Agrabad.,3.0,3.0,2,vacant,1300.0,chattogram,"৳7,150,000","South Agrabad, Double Mooring",7150000.0
Ready 1550 Sq Ft Flat Is Now For Sale In Double Mooring,3.0,3.0,2,vacant,1550.0,chattogram,"৳9,335,000","South Agrabad, Double Mooring",9335000.0
A 1550 Square Feet Apartment For Sale Is All Set For You In South Agrabad .,3.0,3.0,1,vacant,1550.0,chattogram,"৳9,335,000","South Agrabad, Double Mooring",9335000.0
Flat For Sale At 24 No. North Agrabad Ward Near Hamidia Jame Masjid,3.0,5.0,1,vacant,2000.0,chattogram,"৳6,000,000","24 No. North Agrabad Ward, Double Mooring",6000000.0
An Apartment Which Is Up For Sale At Chandgaon Near To Shabanghata Jame Moshzid,3.0,3.0,9,vacant,1536.0,chattogram,"৳5,683,200","Bahaddarhat, 4 No Chandgaon Ward",5683200.0
1550 SFT Apartment For Sale In Chandgaon Residential Area,3.0,3.0,9,vacant,1550.0,chattogram,"৳6,500,000","Chandgaon Residential Area, 4 No Chandgaon Ward",6500000.0
Visit This 150 Sq Ft Commercial Shop For Sale In Kazirhat,,,1,vacant,150.0,chattogram,"৳3,300,000","Mohara, 4 No Chandgaon Ward",3300000.0
Take a Look at This 146 Sq Ft shop for sale in Chandgaon,,,1,vacant,146.0,chattogram,"৳2,920,000","Mohara, 4 No Chandgaon Ward",2920000.0
Take a Look at This 118 Sq Ft shop for sale in Chandgaon,,,1,vacant,118.0,chattogram,"৳2,360,000","Mohara, 4 No Chandgaon Ward",2360000.0
This 2 Bedroom Flat In Cosmopolitan R/A With A Convenient Price Is Up For Sale,2.0,2.0,4,vacant,1120.0,chattogram,"৳6,720,000","Cosmopolitan R/A, 7 No. West Sholoshohor Ward",6720000.0
Visit This 1480 Sq Ft Flat For Sale In Pahartali,3.0,3.0,2,vacant,1480.0,chattogram,"৳6,660,000","12 No. Sarai Para Ward, Double Mooring",6660000.0
"This 1685 Sq Ft Apartment To Sale In Ghat Farhat Beg, Bakalia",3.0,3.0,2,vacant,1685.0,chattogram,"৳9,267,500","Dewan Bazar, Bakalia",9267500.0
"1500 Sq Ft Apartment To Sale In Khalifa Potty, Bakalia",3.0,3.0,1,vacant,1500.0,chattogram,"৳8,250,000","Dewan Bazar, Bakalia",8250000.0
1685 Sq Ft Apartment To Sale In Bakalia Near Majid Sawdagor Masjid,3.0,3.0,1,vacant,1685.0,chattogram,"৳9,267,500","Dewan Bazar, Bakalia",9267500.0
1250 Sq Ft Flat Is Now To Sell Which Is In Double Mooring Near To Dbbl Atm,3.0,3.0,4,vacant,1250.0,chattogram,"৳5,000,000","12 No. Sarai Para Ward, Double Mooring",5000000.0
"Lovely Apartment Of 1262 Sq Ft Is Up For Sale In Dewan Bazar, Bakalia",3.0,3.0,7,vacant,1262.0,chattogram,"৳5,679,000","Dewan Bazar, Bakalia",5679000.0
"An Amazing 1302 Sq Ft Apartment Is Up For Sale And All Set For You To Settle In Bakalia, Chattogram",3.0,3.0,7,vacant,1302.0,chattogram,"৳5,859,000","Dewan Bazar, Bakalia",5859000.0
Grab A 1302 Sq Ft Apartment For Sale At Dewan Bazar,3.0,3.0,6,vacant,1302.0,chattogram,"৳5,859,000","Dewan Bazar, Bakalia",5859000.0
1310 Sq. Ft Apartment For Sale In Mayor Goli Near Amin Jute Mills Limited,3.0,3.0,9,vacant,1310.0,chattogram,"৳5,500,000","Mayor Goli, 7 No. West Sholoshohor Ward",5500000.0
"Look Into This 1262 Sq Ft Flat For Sale, Is Located In Dewan Bazar.",3.0,3.0,4,vacant,1262.0,chattogram,"৳5,679,000","Dewan Bazar, Bakalia",5679000.0
Have A Look At This 1253 Sq Ft Property Which Is Up For Sale Located At Dewan Bazar,3.0,3.0,2,vacant,1253.0,chattogram,"৳5,638,500","Dewan Bazar, Bakalia",5638500.0
"Good-looking Flat Is Vacant For Sale In Dewan Bazar, Which Is 1253 Sq Ft",3.0,3.0,1,vacant,1253.0,chattogram,"৳5,638,500","Dewan Bazar, Bakalia",5638500.0
1186 Sq Ft Apartment To Sale In Bakalia Close To Kazem Ali School and College,3.0,3.0,4,vacant,1186.0,chattogram,"৳5,337,000","Dewan Bazar, Bakalia",5337000.0
Worthy 1650 Sq Ft Residential Apartment Is For Sale At Khulshi,3.0,3.0,4,vacant,1650.0,chattogram,"৳9,675,000","Yakub Future Park Housing, Khulshi",9675000.0
This 1572 Square Feet Residential Apartment For Sale At 16 No. Chawk Bazaar Ward,3.0,4.0,8,vacant,1572.0,chattogram,"৳8,460,000","Munshi Pukur Par, 16 No. Chawk Bazaar Ward",8460000.0
"Make This 1835 Sq Ft Flat Your Next Residing Location, Which Is Up For Sale, In New Monsurabad",3.0,3.0,8,vacant,1835.0,chattogram,"৳9,800,000",10 No. North Kattali Ward,9800000.0
We Have A 1420 Sq.Ft Flat For Sale In Muradpur .,3.0,3.0,6,vacant,1420.0,chattogram,"৳7,100,000","1 No Railway Gate, Muradpur",7100000.0
Reasonable 1336 SQ FT flat is available for sale in 9 No. North Pahartali Ward,3.0,3.0,2,vacant,1336.0,chattogram,"৳6,680,000","West Khulshi R/A, 9 No. North Pahartali Ward",6680000.0
"Great News! In The Suitable Location Of Sholokbahar, An Eye-catching Flat Of 1000 Sq Ft Is Up For Sale",3.0,2.0,7,vacant,1000.0,chattogram,"৳5,500,000","Badurtala, Sholokbahar",5500000.0
"Tastefully Designed This Apartment Is Now Vacant For Sale In O.r Nizam Road, Panchlaish",3.0,3.0,2,vacant,1672.0,chattogram,"৳13,300,000","O. R Nizam Road, Panchlaish",13300000.0
This 1250 Sq. Ft Apartment Is Ready To Sale In A Satisfactory Placement Like West Khulshi R/a .,3.0,3.0,1,vacant,1250.0,chattogram,"৳6,500,000","West Khulshi R/A, 9 No. North Pahartali Ward",6500000.0
Look At This 1426 Sq Ft Flat For Sale At 26 No. North Halishahar Ward,3.0,3.0,7,vacant,1426.0,chattogram,"৳7,500,000","26 No. North Halishahar Ward, Halishahar",7500000.0
Buy This 1620 Sq Ft Apartment In Khulshi,3.0,4.0,1,vacant,1620.0,chattogram,"৳10,854,000","Yakub Future Park Housing, Khulshi",10854000.0
"Visit This 1646 Sq Ft Apartment For Sale At Khulshi, Yakub Future Park Housing",3.0,4.0,3,vacant,1646.0,chattogram,"৳11,028,200","Yakub Future Park Housing, Khulshi",11028200.0
"This 1620 Sq Ft Apartment Is For Sale At Khulshi, Yakub Future Park Housing",3.0,4.0,8,vacant,1620.0,chattogram,"৳10,854,000","Yakub Future Park Housing, Khulshi",10854000.0
"This 1686 Sq Ft Apartment Is Ready For Sale At Khulshi, Yakub Future Park Housing",3.0,4.0,7,vacant,1686.0,chattogram,"৳11,296,200","Yakub Future Park Housing, Khulshi",11296200.0
"Buy This 1175 Sq Ft Flat With Nice Balconies, Located In 9 No. North Pahartali Ward",3.0,3.0,6,vacant,1175.0,chattogram,"৳5,875,000","West Khulshi R/A, 9 No. North Pahartali Ward",5875000.0
Well-constructed 1739 Sq Ft Flat Is Now Offering To You In West Khulshi R/a For Sale,3.0,3.0,4,vacant,1739.0,chattogram,"৳8,695,000","West Khulshi R/A, 9 No. North Pahartali Ward",8695000.0
"Take The Decision Of Buying This 1440 Sq Ft Flat In Bayazid, Hill View R/a",3.0,3.0,2,vacant,1440.0,chattogram,"৳6,192,000","Hill View R/A, Bayazid",6192000.0
Visit This Apartment For Sale In Kattali Near Uttar Kattali Alhaj Mostafa-hakim Degree College,3.0,3.0,1,vacant,1200.0,chattogram,"৳5,400,000","City Gate, 10 No. North Kattali Ward",5400000.0
This 3 Bedroom Apartment Is For Sale At Firingee Bazaar Near Firingee Bazaar Masjid,3.0,3.0,1,vacant,1235.0,chattogram,"৳6,175,000","Kobi Kazi Nazrul Islam Road, 33 No. Firingee Bazaar Ward",6175000.0
An Apartment Which Is Up For Sale At Firingee Bazaar Near To Firingee Bazaar Masjid,2.0,2.0,4,vacant,1003.0,chattogram,"৳5,000,000","Kobi Kazi Nazrul Islam Road, 33 No. Firingee Bazaar Ward",5000000.0
Visit This Apartment For Sale In Firingee Bazaar Near Bridge Ghat Baitur Riduan Jame Masjid.,3.0,3.0,1,vacant,1103.0,chattogram,"৳5,515,000","Kobi Kazi Nazrul Islam Road, 33 No. Firingee Bazaar Ward",5515000.0
A Shop Is Up For Sale In Nandan Kanan Near Aparna Charan City Corporation Girl&#039;s High School &amp; College.,,,5,vacant,852.0,chattogram,"৳3,500,000","Nandan Kanan, 22 No. Enayet Bazaar Ward",3500000.0
Offering you 890 SQ FT flat for sale in Ali Nagar,2.0,2.0,5,vacant,890.0,chattogram,"৳3,000,000","Ali Nagar, Bayazid",3000000.0
This 1320 Sq Ft Convenient Apartment Is Ready For Sale At 26 No. North Halishahar Ward,3.0,3.0,5,vacant,1320.0,chattogram,"৳5,544,000","26 No. North Halishahar Ward, Halishahar",5544000.0
This 1270 Sq Ft Amazing Apartment Is Ready For Sale At 26 No. North Halishahar Ward,3.0,3.0,6,vacant,1270.0,chattogram,"৳5,334,000","26 No. North Halishahar Ward, Halishahar",5334000.0
This 1270 Sq Ft Decent Apartment Is Ready For Sale At 26 No. North Halishahar Ward,3.0,3.0,7,vacant,1270.0,chattogram,"৳5,334,000","26 No. North Halishahar Ward, Halishahar",5334000.0
"Let Us Assists You To Buy This 1607 Sq Ft Flat In 16 No. Chawk Bazaar Ward, Percival Hill Road",3.0,3.0,5,vacant,1607.0,chattogram,"৳13,000,000","Chawk Bazar, 16 No. Chawk Bazaar Ward",13000000.0
Brand New Apartment Of 982 Sq Ft Is Available For Sale In 9 No. North Pahartali Ward,3.0,3.0,7,vacant,982.0,chattogram,"৳3,928,000","Akbarshah, 9 No. North Pahartali Ward",3928000.0
Select Your Next Residing Place At This Nice Flat Of 805 Sq Ft In 9 No. North Pahartali Ward,2.0,2.0,7,vacant,805.0,chattogram,"৳3,220,000","Akbarshah, 9 No. North Pahartali Ward",3220000.0
For Selling Purpose This 1102 Sq.Ft Flat Is Now Vacant In 9 No. North Pahartali Ward.,3.0,3.0,1,vacant,1102.0,chattogram,"৳4,408,000","Akbarshah, 9 No. North Pahartali Ward",4408000.0
"1250 Sq Ft Flat For sale At Bayazid, Polytechnic",3.0,3.0,6,vacant,1250.0,chattogram,"৳6,000,000","Polytechnic, Bayazid",6000000.0
An Apartment Which Is Up For Sale At Proshanti R/A Near To Proshanti Jame Masjid,3.0,3.0,2,vacant,1120.0,chattogram,"৳5,040,000","Proshanti R/A, 10 No. North Kattali Ward",5040000.0
At Chaw Bazar 1592 Square Feet Residential Apartment For Sale,3.0,3.0,1,vacant,1592.0,chattogram,"৳8,560,000","Munshi Pukur Par, 16 No. Chawk Bazaar Ward",8560000.0
View This 1650 Sq Ft Apartment Ready For Sale In Khulshi,3.0,3.0,7,vacant,1650.0,chattogram,"৳9,675,000","Yakub Future Park Housing, Khulshi",9675000.0
"For You, 1200 Sq Ft Flat Is Now For Sale In 4 No Chandgaon Ward",2.0,3.0,1,vacant,1200.0,chattogram,"৳7,500,000","Chandgaon Residential Area, 4 No Chandgaon Ward",7500000.0
A Beautiful Ready Flat With 3 Bedrooms Is Available For Sale At 16 No. Chawk Bazaar Ward,3.0,4.0,2,vacant,1760.0,chattogram,"৳16,000,000","Panchlaish Residential Area, 16 No. Chawk Bazaar Ward",16000000.0
"When Location, And Convenience Is Your Priority This 3 Bedroom Flat Is For You In Somobay Residential Area-bayazid .",3.0,3.0,2,vacant,1433.0,chattogram,"৳7,800,000","Somobay Residential Area, Bayazid",7800000.0
You Would Love To Stay In This 1870 Sq Ft Flat Up For Sale In East Nasirabad,3.0,3.0,2,vacant,1870.0,chattogram,"৳13,500,000","CDA Avenue, East Nasirabad",13500000.0
In 16 No. Chawk Bazaar Ward 1595 SQ FT flat is available for sale,3.0,3.0,5,vacant,1595.0,chattogram,"৳11,000,000","Chawk Bazar, 16 No. Chawk Bazaar Ward",11000000.0
Property In West Khulshi R/A – 815 Sq Ft Flat For Sale.,2.0,2.0,5,vacant,815.0,chattogram,"৳3,600,000","West Khulshi R/A, 9 No. North Pahartali Ward",3600000.0
A 1450 Sq.Ft Residential Apartment For Sale At 9 No. North Pahartali Ward,3.0,3.0,4,vacant,1450.0,chattogram,"৳7,500,000","Rose Valley Residential Area, 9 No. North Pahartali Ward",7500000.0
This 3888 Sq Ft Full Building Is Ready To Sale At Halishahar,7.0,8.0,,vacant,3888.0,chattogram,"৳12,000,000","38 No. South Middle Halishahar, Halishahar",12000000.0
100 Sq Ft Commercial Shop Is Ready For Sale At Reazuddin Bazar,,,,vacant,100.0,chattogram,"৳3,800,000","Reazuddin Bazar, 31 No. Alkoron Ward",3800000.0
This Shop Is Up For Sale In Bandartila Near Bandartila Bus Stop,,,1,vacant,163.0,chattogram,"৳4,575,000","39 No. South Halishahar Ward, Halishahar",4575000.0
"In Halishahar Near Navy Hospital, A 161 Sq. Ft Shop Is Vacant For Sale.",,,1,vacant,161.0,chattogram,"৳4,525,000","39 No. South Halishahar Ward, Halishahar",4525000.0
Take a Look at This 122 Sq Ft shop for sale in Halishahar Near To Halishahar Thana,,,1,vacant,122.0,chattogram,"৳3,550,000","39 No. South Halishahar Ward, Halishahar",3550000.0
Visit This Apartment For Sale In Halishahar Near Khalpar Mosque,3.0,3.0,8,vacant,1645.0,chattogram,"৳7,731,500","26 No. North Halishahar Ward, Halishahar",7731500.0
"An Apartment Up For Sale Is Located At Halishahar, Near To Halisahar Cantonment Public School &amp; College.",3.0,2.0,9,vacant,1224.0,chattogram,"৳5,100,000","26 No. North Halishahar Ward, Halishahar",5100000.0
"An Apartment Up For Sale Is Located At Lal Khan Bazaar , Near To Lalkhan Bazar Jame Mosjid.",3.0,3.0,8,vacant,1400.0,chattogram,"৳7,500,000","14 No. Lalkhan Bazaar Ward, Lal Khan Bazaar",7500000.0
"This Constructed Flat For Sale In Lal Khan Bazaar , Near By Sun Shine School.",3.0,3.0,7,vacant,1372.0,chattogram,"৳7,200,000","14 No. Lalkhan Bazaar Ward, Lal Khan Bazaar",7200000.0
2000 Sq Ft Apartment Is Ready For Sale At Halishahar Housing Estate,3.0,3.0,3,vacant,2000.0,chattogram,"৳11,000,000","26 No. North Halishahar Ward, Halishahar",11000000.0
Envision Your Living Opportunity In This Apartment Of 2200 Sq Ft With Numerous Notions Of Contemporary Interior,3.0,3.0,5,vacant,2200.0,chattogram,"৳12,100,000","26 No. North Halishahar Ward, Halishahar",12100000.0
View This 2200 Sq Ft Apartment Available For Sale At Halishahar With 3 Beds,3.0,3.0,4,vacant,2200.0,chattogram,"৳12,100,000","26 No. North Halishahar Ward, Halishahar",12100000.0
2000 Sq Ft Flat Is Ready To Sale At Halishahar Housing Estate,3.0,3.0,4,vacant,2000.0,chattogram,"৳11,000,000","26 No. North Halishahar Ward, Halishahar",11000000.0
2000 Sq Ft Apartment Is Available For Sale At Halishahar,3.0,3.0,1,vacant,2000.0,chattogram,"৳11,000,000","26 No. North Halishahar Ward, Halishahar",11000000.0
A Finely Built 1428 Sq Ft Flat Is Up For Sale In Halishahar,3.0,3.0,5,vacant,1428.0,chattogram,"৳4,998,000","Sabujbag, Halishahar",4998000.0
Flat for Sale in Madarbari close to West Madarbari City Corporation Girls&#039; High School,2.0,2.0,3,vacant,990.0,chattogram,"৳3,960,000","1 No. Goli, 29 No. West Madarbari Ward",3960000.0
Visit This Apartment For Sale In Bakalia Near Haji Eqbal Jame Masjid,3.0,3.0,9,vacant,1170.0,chattogram,"৳4,600,000","17 No West Bakalia Ward, Bakalia",4600000.0
115 Sq Ft Commercial Shop Is Up For Sale In Patharghata,,,,vacant,115.0,chattogram,"৳2,000,000","Patharghata, Kotwali",2000000.0
"See This 950 Sq Ft Apartment For Sale Is All Set For You In 12 No. Sarai Para Ward, Double Mooring",2.0,2.0,5,vacant,950.0,chattogram,"৳3,400,000","12 No. Sarai Para Ward, Double Mooring",3400000.0
Buy This Beneficial Shop Area Of 150 Sq Ft In 9 No. North Pahartali Ward,,,4,vacant,150.0,chattogram,"৳3,000,000","Dhaka Trunk Road, 9 No. North Pahartali Ward",3000000.0
Buy This Opportunistic Shop Area Of 115 Sq Ft In 9 No. North Pahartali Ward,,,5,vacant,115.0,chattogram,"৳4,025,000","Dhaka Trunk Road, 9 No. North Pahartali Ward",4025000.0
"For Your Well-done Business A Shop Of 156 Sq Ft Is Ready For Sale In Dhaka Trunk Road, 9 No. North Pahartali Ward",,,4,vacant,156.0,chattogram,"৳3,120,000","Dhaka Trunk Road, 9 No. North Pahartali Ward",3120000.0
"105 Square Feet Commercial Shop For Sale At Dhaka Trunk Road, 9 No. North Pahartali Ward",,,5,vacant,105.0,chattogram,"৳3,675,000","Dhaka Trunk Road, 9 No. North Pahartali Ward",3675000.0
Buy This 110 Sq Ft Property As Your Shop Located At 9 No. North Pahartali Ward,,,5,vacant,110.0,chattogram,"৳3,850,000","Dhaka Trunk Road, 9 No. North Pahartali Ward",3850000.0
"150 Sq Ft Tasteful Shop Area For Sale In 9 No. North Pahartali Ward, Dhaka Trunk Road",,,4,vacant,150.0,chattogram,"৳3,000,000","Dhaka Trunk Road, 9 No. North Pahartali Ward",3000000.0
150 Sq Ft Shop For Sale In 9 No. North Pahartali Ward,,,4,vacant,150.0,chattogram,"৳3,000,000","Dhaka Trunk Road, 9 No. North Pahartali Ward",3000000.0
1994 Sq Ft Ready Apartment To Sale In Panchlaish,3.0,4.0,1,vacant,1994.0,chattogram,"৳15,000,000","Sugandha Residential Area, Panchlaish",15000000.0
An Apartment Of 1610 Sq.ft Is Up To Sale In Nasirabad Housing Society.,3.0,4.0,2,vacant,1610.0,chattogram,"৳10,500,000","Nasirabad Housing Society, Muradpur",10500000.0
"A 1524 Sq Ft Apartment Is Ready For Sale In Jalalabad Housing Society, West Khulshi.",3.0,3.0,4,vacant,1524.0,chattogram,"৳9,500,000","West Khulshi, 9 No. North Pahartali Ward",9500000.0
1700 Sq Ft Flat For Sale At 7 No. West Sholoshohor Ward,4.0,4.0,7,vacant,1700.0,chattogram,"৳9,500,000","Tayab Bag R/A, 7 No. West Sholoshohor Ward",9500000.0
"Lovely Apartment Of 2150 Sq Ft Is Up For Sale In Zakir Hossain Road, Khulshi",3.0,4.0,5,vacant,2150.0,chattogram,"৳13,000,000","Zakir Hossain Road, Khulshi",13000000.0
1450 Sq Ft Apartment Is Ready For Sale At 18 No. East Bakalia Ward,3.0,3.0,7,vacant,1450.0,chattogram,"৳6,500,000","18 No. East Bakalia Ward, Bakalia",6500000.0
"1650 Sq Ft Ready Comfortable Flat Is For Sale At Uttara Housing Society, Bayazid",3.0,3.0,3,vacant,1650.0,chattogram,"৳6,600,000","Oxygen, Bayazid",6600000.0
"Grab This Lovely Flat Of 1500 Sq Ft Is Up For Sale In Bakalia, Chattogram",3.0,3.0,5,vacant,1500.0,chattogram,"৳8,250,000","Dewan Bazar, Bakalia",8250000.0
1400 Sq Ft Ready Apartment To Sale In Bakalia,3.0,3.0,5,vacant,1400.0,chattogram,"৳7,700,000","Dewan Bazar, Bakalia",7700000.0
874 Sq Ft Apartment Space Is Available For Sale At 17 No West Bakalia Ward,2.0,2.0,6,vacant,874.0,chattogram,"৳4,800,000","17 No West Bakalia Ward, Bakalia",4800000.0
Grab This 3 Bedroom Apartment Up For Sale At Muradpur Beside Doctors Hospital .,3.0,3.0,10,vacant,1450.0,chattogram,"৳9,000,000","Mirzapul Road, Muradpur",9000000.0
Verify This 1520 Sq Ft Apartment For Sale At East Nasirabad,3.0,3.0,7,vacant,1520.0,chattogram,"৳10,000,000","Al-Falah Housing Society, East Nasirabad",10000000.0
This 1520 Sq Ft Apartment Is Up For Sale At East Nasirabad,3.0,3.0,1,vacant,1520.0,chattogram,"৳10,000,000","Al-Falah Housing Society, East Nasirabad",10000000.0
Buy This 1425 Sq Ft Ready Apartment In 22 No. Enayet Bazaar Ward,3.0,3.0,6,vacant,1425.0,chattogram,"৳8,550,000","Jubilee Road, 22 No. Enayet Bazaar Ward",8550000.0
A Nice Flat With Three Bedroom Is Up For Sale In Nasirabad Housing Society,3.0,4.0,1,vacant,1900.0,chattogram,"৳14,250,000","Nasirabad Housing Society, Muradpur",14250000.0
1200 Sq Ft Residential Apartment Is On Sale In Bayazid.,3.0,3.0,7,vacant,1200.0,chattogram,"৳5,000,000","Raufabad Residential Area, Bayazid",5000000.0
Well Organized Flat Of 864 Sq Ft Is Now Ready For Sale In 17 No. West Bakalia Ward,2.0,2.0,5,vacant,864.0,chattogram,"৳4,800,000","17 No West Bakalia Ward, Bakalia",4800000.0
Get Ready To Buy This 874 Sq Ft Apartment Located In 17 No. West Bakalia Ward,2.0,2.0,5,vacant,874.0,chattogram,"৳4,800,000","17 No West Bakalia Ward, Bakalia",4800000.0
Well Built And Lovely Flat Of 1760 Sq Ft Is Available For Sale At Panchlaish Residential Area,3.0,3.0,10,vacant,1760.0,chattogram,"৳14,000,000","Panchlaish Residential Area, 16 No. Chawk Bazaar Ward",14000000.0
At 16 No. Chawk Bazaar Ward 1607 Sq Ft Splendid Flat For Sale,3.0,3.0,7,vacant,1607.0,chattogram,"৳13,000,000","Chawk Bazar, 16 No. Chawk Bazaar Ward",13000000.0
Get Comfortable In A Nice Flat For Sale In Chandgaon R/a Nearby Arabian International Madrasah,3.0,3.0,4,vacant,1650.0,chattogram,"৳9,075,000","Chandgaon Residential Area, 4 No Chandgaon Ward",9075000.0
A 1150 Sq. Ft Apartment Which Is Up For Sale At Sholokbahar Near Dutch Bangla Bank Ltd.,2.0,2.0,1,vacant,1150.0,chattogram,"৳5,800,000","Abdul Latif Road, Sholokbahar",5800000.0
Residential Plot Is Available For Sale In North Patenga Nearby Patenga Sea Beach,,,,vacant,2520.0,chattogram,"৳7,500,000","40 No. North Patenga Ward, Patenga",7500000.0
1360 Square Feet Flat For Sale In 7 No. West Sholoshohor Ward,3.0,3.0,6,vacant,1360.0,chattogram,"৳8,000,000","Mohammadpur, 7 No. West Sholoshohor Ward",8000000.0
An Adequate And Cozy 1500 Sq. Ft Flat Is Ready For Sale At 15 No. Bagmoniram Ward.,3.0,3.0,10,vacant,1500.0,chattogram,"৳10,000,000","Chatteshwari Road, 15 No. Bagmoniram Ward",10000000.0
Well-constructed 1400 Sq. Ft Flat Is Ready For Sale At Lake Valley R/A .,3.0,3.0,1,vacant,1400.0,chattogram,"৳9,200,000","Lake Valley R/A, 9 No. North Pahartali Ward",9200000.0
Great Location! Check Out This Flat For Sale In 16 No. Chawk Bazaar Ward Which Is 1324 Sq Ft,3.0,3.0,6,vacant,1324.0,chattogram,"৳11,500,000","Chawk Bazar, 16 No. Chawk Bazaar Ward",11500000.0
"Apartment Is Ready For Sale At South Khulsi, Near Dutch Bangla Bank Ltd Fast Track",4.0,5.0,10,vacant,2600.0,chattogram,"৳13,500,000","Zakir Hossain Road, Khulshi",13500000.0
"Close to Uttara Residential Area Jame Masjid, an apartment for sale is available in Double Mooring",3.0,3.0,7,vacant,1175.0,chattogram,"৳4,700,000","24 No. North Agrabad Ward, Double Mooring",4700000.0
See This Comfortable 1000 Sq.Ft Flat Is Available For Sale In 6 No East Sholoshohor Ward. And This Is Just What You Are Looking For In A Home!,3.0,2.0,5,vacant,1000.0,chattogram,"৳4,000,000","6 No East Sholoshohor Ward, Bakalia",4000000.0
Plan to move in this 1400 SQ FT flat which is up for sale in 26 No. North Halishahar Ward,3.0,3.0,2,vacant,1400.0,chattogram,"৳8,000,000","26 No. North Halishahar Ward, Halishahar",8000000.0
Select Your Next Residing Place At This Nice Flat Of 1302 Sq Ft In Dewan Bazar,3.0,3.0,8,vacant,1302.0,chattogram,"৳5,859,000","Dewan Bazar, Bakalia",5859000.0
A Well-constructed 1770 Sq Ft Flat Is For Sale In 4 No Chandgaon Ward,3.0,3.0,2,vacant,1770.0,chattogram,"৳7,020,000","Chandgaon Residential Area, 4 No Chandgaon Ward",7020000.0
See This Shop Space For Sale Located In Halishahar Near To Bandartila Bus Stop,,,1,vacant,190.0,chattogram,"৳5,250,000","39 No. South Halishahar Ward, Halishahar",5250000.0
"At Halishahar, 162 Sq Ft Well Fitted Shop Is Ready For Sale Near To Halishahar Thana",,,1,vacant,162.0,chattogram,"৳4,550,000","39 No. South Halishahar Ward, Halishahar",4550000.0
Take This 1162 Sq Ft Flat For Sale In The Settlement Of Khulshi Green Housing Society,3.0,3.0,6,vacant,1162.0,chattogram,"৳6,972,000","Khulshi Green Housing Society, Khulshi",6972000.0
"In The Location Of Cosmopolitan R/A , 2 Bedroom Apartment Is Up For Sale",2.0,2.0,3,vacant,1140.0,chattogram,"৳6,840,000","Cosmopolitan R/A, 7 No. West Sholoshohor Ward",6840000.0
2000 Sq Ft Apartment For Sale In Khushi Nearby Port City University.,3.0,4.0,3,vacant,2000.0,chattogram,"৳13,000,000","Zakir Hossain Road, Khulshi",13000000.0
Well Developed Apartment Of 1253 Sq Ft Is Up For Sale In Dewan Bazar,3.0,3.0,8,vacant,1253.0,chattogram,"৳5,638,500","Dewan Bazar, Bakalia",5638500.0
Bring Your Family To Live A Standard Life In This 1162 Sq Ft Apartment To Sale In Khulshi Green Housing Society,3.0,3.0,6,vacant,1162.0,chattogram,"৳6,972,000","Khulshi Green Housing Society, Khulshi",6972000.0
"1650 SQ FT flat is now for sale in Khulshi, Khulshi Green Housing Society",3.0,3.0,8,vacant,1650.0,chattogram,"৳9,675,000","Yakub Future Park Housing, Khulshi",9675000.0
"Buy This 2000 Sq Ft Apartment In 26 No. North Halishahar Ward, Halishahar Housing Estate",3.0,3.0,5,vacant,2000.0,chattogram,"৳11,000,000","26 No. North Halishahar Ward, Halishahar",11000000.0
"This 1300 Sq Ft Apartment Comes With Peaceful Living In 26 No. North Halishahar Ward, For Sale",3.0,3.0,7,vacant,1300.0,chattogram,"৳4,940,000","26 No. North Halishahar Ward, Halishahar",4940000.0
Buy This Splendid 1700 Sq Ft Flat At Bayazid,3.0,3.0,8,vacant,1700.0,chattogram,"৳7,000,000","Sangbadik Co-operative Housing Society, Bayazid",7000000.0
Check This Beautiful 1302 Sq Ft Residence Is Up For Sale At Dewan Bazar,3.0,3.0,4,vacant,1302.0,chattogram,"৳5,859,000","Dewan Bazar, Bakalia",5859000.0
Obtain This Well Fitted Flat Of 1510 Sq Ft Which Is Up For Sale In Shantibag R/a,3.0,3.0,8,vacant,1510.0,chattogram,"৳7,000,000","24 No. North Agrabad Ward, Double Mooring",7000000.0
A 3 Bedroom And 1550 Sq Ft Properly Developed Flat For Sale In South Agrabad Near To Bangladesh Bank Colony High School,3.0,3.0,6,vacant,1550.0,chattogram,"৳9,300,000","South Agrabad, Double Mooring",9300000.0
"2 Bedroom, 2 Bathroom Apartment With A View Is Up For Sale In Cosmopolitan R/A",2.0,2.0,3,vacant,1120.0,chattogram,"৳6,720,000","Cosmopolitan R/A, 7 No. West Sholoshohor Ward",6720000.0
There Is 3 Bedroom Apartment Up For Sale In The Location Of Bayazid Nearby Paharika Abashik Jam-E-Masjid.,3.0,3.0,6,vacant,1700.0,chattogram,"৳7,000,000","Sangbadik Co-operative Housing Society, Bayazid",7000000.0
A 1565 Square Feet Residential Apartment For Sale Very Near To Baitul Jannat Jame Masjid In Kadamtali,3.0,3.0,2,vacant,1565.0,chattogram,"৳7,500,000","23 No. North Pathantooly Ward, Double Mooring",7500000.0
A 1275 Sq. Ft Apartment Which Is Up For Sale At Bakalia Near To Kalamia Bazar,3.0,3.0,2,vacant,1275.0,chattogram,"৳4,845,000","18 No. East Bakalia Ward, Bakalia",4845000.0
Buy This Amazing 1150 Sq Ft Apartment In The Area Of 6 No East Sholoshohor Ward,3.0,3.0,2,vacant,1150.0,chattogram,"৳5,200,000","6 No East Sholoshohor Ward, Bakalia",5200000.0
Are You In Hurry? No Worries! You Can Buy This 1390 Sq Ft Flat For Sale In Katalgonj,3.0,3.0,3,vacant,1390.0,chattogram,"৳11,000,000","Katalgonj, Panchlaish",11000000.0
A Shop Is Up For Sale In Chandgaon Near Hoque Super Market,,,5,vacant,120.0,chattogram,"৳3,068,000","CDA Avenue, Sholokbahar",3068000.0
Well Designed 1300 Sq Ft Flat For Sale At South Khulshi,3.0,3.0,6,vacant,1300.0,chattogram,"৳9,700,000","South Khulshi, Khulshi",9700000.0
1690 Sq Ft Beautiful Apartment Is Ready For Sale At 24 No. North Agrabad Ward,3.0,3.0,8,vacant,1690.0,chattogram,"৳8,400,000","24 No. North Agrabad Ward, Double Mooring",8400000.0
"Buy This 1162 Sq Ft Flat With 3 Bedrooms, In The Area Of Khulshi",3.0,3.0,7,vacant,1162.0,chattogram,"৳6,972,000","Khulshi Green Housing Society, Khulshi",6972000.0
At Kattali A Suitable Flat Is Up For Sale Which Is 1850 Sq Ft Close To Alamin Hospital,4.0,3.0,5,vacant,1850.0,chattogram,"৳8,500,000","Proshanti R/A, 10 No. North Kattali Ward",8500000.0
Next To Jongi Shah Mosque At Chawk Bazaar This 1592 Square Feet Residential Apartment For Sale.,3.0,4.0,8,vacant,1592.0,chattogram,"৳8,560,000","Munshi Pukur Par, 16 No. Chawk Bazaar Ward",8560000.0
Grab This Lovely Flat Of 1300 Sq Ft Is Up For Sale In Bayazid Before It&#039;s Sold Out,3.0,3.0,1,vacant,1300.0,chattogram,"৳5,600,000","Shershah Colony, Bayazid",5600000.0
Impressive Apartment Of 1360 Sq Ft Is Up For Sale In Double Mooring,3.0,3.0,5,vacant,1360.0,chattogram,"৳7,888,000","24 No. North Agrabad Ward, Double Mooring",7888000.0
1060 Sq Ft Beautiful Apartment Is Ready For Sale In South Khulshi,2.0,2.0,4,vacant,1060.0,chattogram,"৳5,500,000","South Khulshi, Khulshi",5500000.0
A Convenient 1450 Sq Ft Residential Flat Is Prepared To Be Sale At North Forida Para,3.0,3.0,6,vacant,1450.0,chattogram,"৳7,500,000","North Forida Para, 4 No Chandgaon Ward",7500000.0
Modern Home For Residents | 1305 Sq Ft Flat In South Khulsi For Sale,3.0,3.0,3,vacant,1305.0,chattogram,"৳11,000,000","South Khulshi, Khulshi",11000000.0
Lovely Apartment Of 2200 Sq Ft Is Up For Sale In Halishahar Housing Estate,3.0,3.0,8,vacant,2200.0,chattogram,"৳12,100,000","26 No. North Halishahar Ward, Halishahar",12100000.0
"In Halishahar Housing Estate , Make This 1400 Sq Ft Flat Your Next Residing Location Which Is Up For Sale.",3.0,3.0,8,vacant,1400.0,chattogram,"৳8,000,000","26 No. North Halishahar Ward, Halishahar",8000000.0
150 Sq Ft Pleasant Shop For Sale In 9 No. North Pahartali Ward,,,4,vacant,150.0,chattogram,"৳3,000,000","Dhaka Trunk Road, 9 No. North Pahartali Ward",3000000.0
3 Katha Residential Plot With Building Is Available For Sale In 24 No. North Agrabad Ward,2.0,2.0,,vacant,2160.0,chattogram,"৳12,500,000","24 No. North Agrabad Ward, Double Mooring",12500000.0
"Make This 1100 Sq Ft Apartment Your Next Residing Location, Which Is Up To Sale In 19 No. South Bakalia Ward",3.0,3.0,2,vacant,1100.0,chattogram,"৳5,500,000","19 No. South Bakalia Ward, Bakalia",5500000.0
Great News! This 1800 Sq Ft Home For Sale In Sangbadik Co-operative Housing Society Which Can Be Your Next Destination,3.0,3.0,1,vacant,1800.0,chattogram,"৳8,200,000","Sangbadik Co-operative Housing Society, Bayazid",8200000.0
"Make This 1590 Sq Ft Flat Your Next Residing Location, Which Is Up For Sale In Proshanti R/A.",3.0,3.0,1,vacant,1590.0,chattogram,"৳7,473,000","Proshanti R/A, 10 No. North Kattali Ward",7473000.0
You Will Love To Live In This 1375 Sq Ft Apartment In 12 No. Sarai Para Ward,3.0,3.0,1,vacant,1375.0,chattogram,"৳4,812,500","12 No. Sarai Para Ward, Double Mooring",4812500.0
"Buy This 1480 Sq Ft Ready Apartment In Jamal Khan, Rahmatganj",3.0,3.0,3,vacant,1480.0,chattogram,"৳11,000,000","Rahmatganj, Jamal Khan",11000000.0
"A 1255 Sq Ft Residence For Sale With Spacious Bedrooms, Located At Kapasgola, 16 No. Chawk Bazaar Ward .",3.0,3.0,4,vacant,1255.0,chattogram,"৳10,000,000","Kapasgola, 16 No. Chawk Bazaar Ward",10000000.0
An Apartment Of 800 Sq.ft Is Up For Sale In Monsurabad Near Hajrat Khaja Mansur Ali Shah (r) Mazar,2.0,2.0,3,vacant,800.0,chattogram,"৳3,700,000","24 No. North Agrabad Ward, Double Mooring",3700000.0
125 Sq Ft Updated Commercial Space For Sale In 9 No. North Pahartali Ward,,,3,vacant,125.0,chattogram,"৳4,375,000","Dhaka Trunk Road, 9 No. North Pahartali Ward",4375000.0
"A Beautifully Constructed Apartment Of 1690 Sq Ft Is Vacant Right Now For Sale In 24 No. North Agrabad Ward,",3.0,3.0,6,vacant,1690.0,chattogram,"৳9,119,000","24 No. North Agrabad Ward, Double Mooring",9119000.0
"A 1956 Sq Ft Nice House Is Available For Sale At New Monsurabad, With An Affordable Deal",3.0,3.0,4,vacant,1956.0,chattogram,"৳10,000,000",10 No. North Kattali Ward,10000000.0
1544 Sq Ft Flat For Sale In West Khulshi,3.0,3.0,8,vacant,1544.0,chattogram,"৳7,148,000","West Khulshi R/A, 9 No. North Pahartali Ward",7148000.0
See This Apartment Is Up For Sale At Nasirabad Near Royal Hospital (pvt.) Limited,4.0,5.0,1,vacant,2500.0,chattogram,"৳17,500,000","Nasirabad, 15 No. Bagmoniram Ward",17500000.0
"An Apartment Is Ready For Sale At Bagmoniram, Near Hillview Jame Mosjid",3.0,3.0,7,vacant,1365.0,chattogram,"৳11,000,000","Bayazid Bostami Road, 15 No. Bagmoniram Ward",11000000.0
Well-constructed 1550 Sq Ft Apartment Is Ready For Sale At South Agrabad,3.0,3.0,7,vacant,1550.0,chattogram,"৳9,300,000","South Agrabad, Double Mooring",9300000.0
"In Double Mooring, A 1550 Sq.ft Flat For Sale near Dutch-Bangla Bank Limited ATM",3.0,3.0,8,vacant,1550.0,chattogram,"৳9,335,000","South Agrabad, Double Mooring",9335000.0
"In The Beautiful Neighborhood In South Agrabad, A 3-Bedroom Large Flat Is Up For Sale",3.0,3.0,5,vacant,1550.0,chattogram,"৳8,835,000","South Agrabad, Double Mooring",8835000.0
1275 Sq Ft Residential Apartment For Sale At 14 No. Lalkhan Bazaar Ward,3.0,3.0,9,vacant,1275.0,chattogram,"৳7,393,750","Hill Side Residential Area, Lal Khan Bazaar",7393750.0
Reasonable And Cozy Flat Of 1275 Sq Ft Is Up For Sale At Lal Khan Bazaar,3.0,3.0,9,vacant,1275.0,chattogram,"৳7,393,750","Hill Side Residential Area, Lal Khan Bazaar",7393750.0
Grab A 1275 Sq Ft Residence For Sale At Lal Khan Bazaar,3.0,3.0,8,vacant,1275.0,chattogram,"৳7,393,750","Hill Side Residential Area, Lal Khan Bazaar",7393750.0
This Very New Nice Flat Of 1275 Sq Ft Is Up For Sale In Lal Khan Bazaar,3.0,3.0,7,vacant,1275.0,chattogram,"৳7,393,750","Hill Side Residential Area, Lal Khan Bazaar",7393750.0
Apartment For Sale In Kattali Nearby Kattali Jame Masjid,3.0,3.0,2,vacant,1500.0,chattogram,"৳6,500,000","Proshanti R/A, 10 No. North Kattali Ward",6500000.0
Nice-looking Apartment Including 3-Bedroom Is Ready To Sale In Chadra Nagar,3.0,3.0,3,vacant,1450.0,chattogram,"৳6,400,000","Chadra Nagar, Bayazid",6400000.0
"Start Residing In This 1450 Sq Ft Properly Developed Flat For Sale, In Bayazid",3.0,3.0,7,vacant,1450.0,chattogram,"৳6,600,000","Chadra Nagar, Bayazid",6600000.0
1630 Sq.ft Apartment Is For Sale In Muradpur,3.0,3.0,6,vacant,1630.0,chattogram,"৳8,150,000","1 No Railway Gate, Muradpur",8150000.0
2500 Square Feet Ready Flat For Sale In Panchlaish Residential Area,4.0,4.0,1,vacant,2500.0,chattogram,"৳17,500,000","Panchlaish Residential Area, 16 No. Chawk Bazaar Ward",17500000.0
Acquire This Shop Which Is Up For Sale In South Khulshi Near Khulshi Police Station.,,,2,vacant,100.0,chattogram,"৳2,500,000","South Khulshi, Khulshi",2500000.0
"An Apartment Is Up For Sale In Lal Khan Bazaar, Near Janata Bank Limited",3.0,4.0,5,vacant,1575.0,chattogram,"৳8,000,000","CDA Avenue, Lal Khan Bazaar",8000000.0
"The Azure Sky Is Offered By The Windows Of This 1100 Sq Ft Cozy Apartment, Situated In Lal Khan Bazaar",3.0,3.0,4,vacant,1100.0,chattogram,"৳7,000,000","14 No. Lalkhan Bazaar Ward, Lal Khan Bazaar",7000000.0
This Tranquil Apartment With Modern Embellishments Is Ready To Develop Your Monochromatic Lifestyle To A Vibrant One,3.0,3.0,5,vacant,1100.0,chattogram,"৳6,500,000","14 No. Lalkhan Bazaar Ward, Lal Khan Bazaar",6500000.0
Take A Look At This 1590 Sq Ft Flat Which Is Up For Sale In Jamal Khan,3.0,3.0,10,vacant,1590.0,chattogram,"৳10,000,000","Momin Road, Jamal Khan",10000000.0
"We Are Assisting You To Buy This Apartment Of 1335 Sq Ft In Khulshi, Habib Lane",3.0,4.0,1,vacant,1335.0,chattogram,"৳8,500,000","Habib Lane, Khulshi",8500000.0
Available At 29 No. West Madarbari Ward A 2 Bedroom Residential Apartment For Sale.,2.0,2.0,1,vacant,1000.0,chattogram,"৳3,200,000",29 No. West Madarbari Ward,3200000.0
Check This 286 Sq Ft Shop Space Located In 4 No Chandgaon Ward Is Now Up For Sale,,,1,vacant,286.0,chattogram,"৳7,150,000","Chand Mia Road, 4 No Chandgaon Ward",7150000.0
Reasonable 1550 SQ FT flat is available for sale in Chandgaon,3.0,3.0,2,vacant,1550.0,chattogram,"৳7,750,000","Chandgaon Residential Area, 4 No Chandgaon Ward",7750000.0
"163 Square Feet Commercial Shop For Sale At Jubilee Road, 22 No. Enayet Bazaar Ward",,,,vacant,163.0,chattogram,"৳11,410,000","Jubilee Road, 22 No. Enayet Bazaar Ward",11410000.0
Grab This 247 Sq Ft Nice Shop Available To Sale In 29 No. West Madarbari Ward,,,,vacant,247.0,chattogram,"৳2,964,000","1 No. Goli, 29 No. West Madarbari Ward",2964000.0
"1300 Sq Ft Flat Is Available For Sale At CDA Residential Area, Double Mooring",3.0,3.0,4,vacant,1300.0,chattogram,"৳6,000,000","South Agrabad, Double Mooring",6000000.0
"In A Peaceful Location Of North Pahartali, A Fantastic Flat Of 2061 Sq Ft Is Waiting For Sale.",4.0,4.0,4,vacant,2061.0,chattogram,"৳14,500,000","Foy's Lake Approach Road, 9 No. North Pahartali Ward",14500000.0
800 Sq Ft Residential Apartment Is On Sale In Firingee Bazaar Nearby Bridge Ghat Baitur Riduan Jame Masjid,2.0,2.0,4,vacant,800.0,chattogram,"৳4,000,000","Abhoy Mitra Lane, 33 No. Firingee Bazaar Ward",4000000.0
Offering You 1520 Sq Ft Flat For Sale In 4 No Chandgaon Ward,3.0,3.0,12,vacant,1520.0,chattogram,"৳6,000,000","Bahaddarhat, 4 No Chandgaon Ward",6000000.0
This 1335 Sq.ft Home Which Is For Sale Will Ensure Your Good Quality Of Living In Bahaddarhat,3.0,3.0,10,vacant,1335.0,chattogram,"৳4,672,500","Bahaddarhat, 4 No Chandgaon Ward",4672500.0
"Make This 1090 Sq Ft Flat Your Next Residing Location, Which Is Up For Sale In Mohara",2.0,2.0,3,vacant,1090.0,chattogram,"৳4,500,000","Mohara, 4 No Chandgaon Ward",4500000.0
1800 Sq Feet Ready Flat For Sale At Bayazid,3.0,4.0,12,vacant,1800.0,chattogram,"৳12,500,000","Nasirabad, Bayazid",12500000.0
This Is 1462 Sq Ft Apartment Is Set For Sale At 10 No. North Kattali Ward,3.0,3.0,6,vacant,1462.0,chattogram,"৳9,500,000","CDA R/A, 10 No. North Kattali Ward",9500000.0
At Bahaddarhat 1110 Square Feet Apartment Up For Sale Near By Bahaddarhat BWDB office.,2.0,3.0,6,vacant,1110.0,chattogram,"৳4,995,000","Bahaddarhat, 4 No Chandgaon Ward",4995000.0
"Available In Bahaddarhat , A 1110 Sq.Ft Apartment For Sale , Near Agrani Bank Limited.",2.0,3.0,6,vacant,1110.0,chattogram,"৳4,995,000","Bahaddarhat, 4 No Chandgaon Ward",4995000.0
At Saha Waliullah R/A 1110 Square Feet Flat Is Now Up For Sale Close To Bahaddarhat BWDB office.,2.0,3.0,2,vacant,1110.0,chattogram,"৳4,995,000","Bahaddarhat, 4 No Chandgaon Ward",4995000.0
A Commercial Space Is Available For Sale Which Is Located In Bandartila Nearby Islami Bank Bangladesh Limited,,,5,vacant,150.0,chattogram,"৳1,500,000","39 No. South Halishahar Ward, Halishahar",1500000.0
See This Shop Space Up For Sale Located In Bandartila Near Bandartila Eye Hospital,,,5,vacant,180.0,chattogram,"৳1,800,000","39 No. South Halishahar Ward, Halishahar",1800000.0
At Kazirhat 115 Sq Ft Shop Is Up For Sale,,,,vacant,115.0,chattogram,"৳2,875,000","Mohara, 4 No Chandgaon Ward",2875000.0
At Kazirhat 136 Sq.ft Shop Is up To Sale Beside To Akbar Shah Jame Masjid,,,1,vacant,136.0,chattogram,"৳2,720,000","Mohara, 4 No Chandgaon Ward",2720000.0
Kazirhat Is Offering You A 115 Sq Ft Commercial Arena For Sale .,,,1,vacant,115.0,chattogram,"৳2,300,000","Mohara, 4 No Chandgaon Ward",2300000.0
Worthy 1400 SQ FT residence is for sale at Bayazid,3.0,3.0,5,vacant,1400.0,chattogram,"৳7,000,000","Chattogram DOHS, Bayazid",7000000.0
This 1400 sq.ft residence will ensure your good quality of living in Chattogram DOHS which is for sale,3.0,3.0,5,vacant,1400.0,chattogram,"৳7,000,000","Chattogram DOHS, Bayazid",7000000.0
For Sale A Commercial Shop Is Available In Mohara,,,1,vacant,180.0,chattogram,"৳3,600,000","Mohara, 4 No Chandgaon Ward",3600000.0
A Dazzling 1150 Sq Ft Residential Property Is Up For Sale Located At Pahartali,2.0,2.0,3,vacant,1150.0,chattogram,"৳4,600,000","12 No. Sarai Para Ward, Double Mooring",4600000.0
A Well-featured 1150 Sq Ft Residence Is Ready For Sale At Pahartali,2.0,2.0,7,vacant,1150.0,chattogram,"৳4,600,000","12 No. Sarai Para Ward, Double Mooring",4600000.0
A Nice And Medium Sized 1050 Sq Ft Residential Apartment Is Available For Sale At Pahartali,2.0,2.0,7,vacant,1050.0,chattogram,"৳4,200,000","12 No. Sarai Para Ward, Double Mooring",4200000.0
A Flat Is Up For Sale In Pahartali,2.0,2.0,4,vacant,1050.0,chattogram,"৳4,200,000","12 No. Sarai Para Ward, Double Mooring",4200000.0
"Worthy 1752 SQ FT Residential Apartment is for sale at Muradpur, Road No 6",3.0,3.0,3,vacant,1752.0,chattogram,"৳13,064,000","Nasirabad Housing Society, Muradpur",13064000.0
Commercial Shop For Sale In Chandgaon,,,1,vacant,110.0,chattogram,"৳2,200,000","Mohara, 4 No Chandgaon Ward",2200000.0
240 Sq Ft Commercial Office Is Available To Sale At Bakalia,,,5,vacant,240.0,chattogram,"৳5,520,000","Dewan Bazar, Bakalia",5520000.0
Commercial Office Of 240 Sq Ft Is Up For Sale At Bakalia,,,5,vacant,240.0,chattogram,"৳5,520,000","Dewan Bazar, Bakalia",5520000.0
"Buy The Shop For Your Business Or Store, Ready For Sale In Korbanganj",,,1,vacant,95.0,chattogram,"৳1,240,000","Korbanigonj, Kotwali",1240000.0
"In Korbanganj, Own Your Little Outlet, Is Up For Sale",,,1,vacant,90.0,chattogram,"৳1,260,000","Korbanigonj, Kotwali",1260000.0
Grab This 240 Sq Ft Shop For Sale At Bakalia,,,3,vacant,240.0,chattogram,"৳5,520,000","Dewan Bazar, Bakalia",5520000.0
Apartment Of 1500 Sq Ft For Sale In Hamjarbag,2.0,2.0,3,vacant,1500.0,chattogram,"৳6,750,000","Hamjarbag, 7 No. West Sholoshohor Ward",6750000.0
200 Sq Ft Shop Is Available For Sale At Bakalia,,,1,vacant,200.0,chattogram,"৳5,000,000","Dewan Bazar, Bakalia",5000000.0
1275 Square Feet Residential Apartment For Sales At Kalamia Bazar,3.0,3.0,5,vacant,1275.0,chattogram,"৳5,100,000","18 No. East Bakalia Ward, Bakalia",5100000.0
A Nice And Comfortable 1435 Sq Ft Flat Is Up For Sale In Kalamia Bazar,3.0,3.0,3,vacant,1435.0,chattogram,"৳5,740,000","18 No. East Bakalia Ward, Bakalia",5740000.0
"1315 Square Feet Nice Apartment Ready For Sale At Kalamia Bazar ,Bakalia",3.0,3.0,5,vacant,1315.0,chattogram,"৳5,260,000","18 No. East Bakalia Ward, Bakalia",5260000.0
Worthy 1335 SQ FT Residential Apartment is for sale at 18 No. East Bakalia Ward,3.0,3.0,4,vacant,1335.0,chattogram,"৳5,340,000","18 No. East Bakalia Ward, Bakalia",5340000.0
A well-constructed 1335 SQ FT flat is for sale in Bakalia,3.0,3.0,2,vacant,1335.0,chattogram,"৳5,340,000","18 No. East Bakalia Ward, Bakalia",5340000.0
This 1325 Sq.Ft Flat In Bakalia Near By Moor Ali Baper Jame Masjid With A Convenient Price Is Up For Sale,3.0,3.0,2,vacant,1325.0,chattogram,"৳5,300,000","18 No. East Bakalia Ward, Bakalia",5300000.0
Fascinating Shop At Chandgaon Ward Near Janali Hat Railway Station Is Ready For Sale,,,,vacant,101.0,chattogram,"৳2,222,000","Mohara, 4 No Chandgaon Ward",2222000.0
Modern Shop In Chandgaon Ward Near CIDC &amp; CIMC Female Hostel Is Reay For Sale,,,1,vacant,184.0,chattogram,"৳3,312,000","Chand Mia Road, 4 No Chandgaon Ward",3312000.0
Shop for Sale in Chandgaon nearby Jame Masjid,,,1,vacant,150.0,chattogram,"৳2,700,000","Chand Mia Road, 4 No Chandgaon Ward",2700000.0
"Create Your New Home In A Nice Flat For Sale In West Bakalia, Near Mutual Trust Bank Limited",3.0,3.0,3,vacant,1470.0,chattogram,"৳4,410,000","17 No West Bakalia Ward, Bakalia",4410000.0
Move In And Inhabit This 1436 Sq Ft Properly Constructed Flat For Sale In Bagmoniram Near Chatogram Al Boraj School,3.0,3.0,2,vacant,1436.0,chattogram,"৳11,500,000","Mohammed Ali Road, 15 No. Bagmoniram Ward",11500000.0
Pursue This 1940 Sq Ft Flat For Sale In 15 No. Bagmoniram Ward,3.0,4.0,3,vacant,1940.0,chattogram,"৳16,132,000","O. R. Nizam Road, 15 No. Bagmoniram Ward",16132000.0
"Reside Conveniently In This Well Constructed 1544 Sq Ft Flat For Sale In Sholokbahar , Near First Security Islami Bank Limited.",3.0,3.0,6,vacant,1544.0,chattogram,"৳9,264,000","Al-Madani Road, Sholokbahar",9264000.0
In Sholokbahar A Standard 1544 Sq.Ft Flat Is For Sale.,3.0,3.0,9,vacant,1544.0,chattogram,"৳9,264,000","Al-Madani Road, Sholokbahar",9264000.0
"1644 Square Feet Residential Apartment For Sale At Al-Madani Road, Sholokbahar .",3.0,3.0,7,vacant,1644.0,chattogram,"৳9,864,000","Al-Madani Road, Sholokbahar",9864000.0
1739 Sq Ft Flat With A Calm Environment Is For Sale In 9 No. North Pahartali Ward,3.0,3.0,8,vacant,1739.0,chattogram,"৳8,695,000","West Khulshi R/A, 9 No. North Pahartali Ward",8695000.0
Spot Your Place In A 1375 Sq Ft Structurally Well Built Apartment For Sale In Lal Khan Bazaar,3.0,3.0,4,vacant,1375.0,chattogram,"৳8,562,500","Hill Side Residential Area, Lal Khan Bazaar",8562500.0
This Slender Flat At Somobay Residential Area Meeting Your Residential Concerns Is The Perfect Home To You.,3.0,3.0,2,vacant,1148.0,chattogram,"৳5,592,000","Somobay Residential Area, Bayazid",5592000.0
This 1700 Sq Ft Apartment Is Up For Sale At Halishahar,4.0,3.0,2,vacant,1700.0,chattogram,"৳12,000,000","26 No. North Halishahar Ward, Halishahar",12000000.0
1517 Sq.Ft Flat For Sale Covering A Beautiful Area In Colonel Hat .,3.0,3.0,3,vacant,1517.0,chattogram,"৳8,000,000","Colonel Hat, 10 No. North Kattali Ward",8000000.0
1200 Sq Ft Flat Is Being Constructed For Sale In 24 No. North Agrabad Ward,3.0,2.0,6,vacant,1200.0,chattogram,"৳6,800,000","24 No. North Agrabad Ward, Double Mooring",6800000.0
Standard 1500 Sq Ft Residential Apartment For Sale In South Khulsi,3.0,3.0,4,vacant,1500.0,chattogram,"৳11,200,000","Paharicka R/A Road, South Khulsi",11200000.0
Modest 1500 Sq Ft Apartment For Sale At South Khulsi,3.0,3.0,4,vacant,1500.0,chattogram,"৳11,200,000","Paharicka R/A Road, South Khulsi",11200000.0
"View This 2000 Sq Ft Apartment For Sale At Khulshi, Zakir Hossain Road",3.0,3.0,8,vacant,2000.0,chattogram,"৳16,000,000","Zakir Hossain Road, Khulshi",16000000.0
A Dazzling Apartment Of 2506 Sq Ft Is Up For Sale In Alkoron Ward,3.0,5.0,7,vacant,2506.0,chattogram,"৳15,000,000","Alkaran Road, 31 No. Alkoron Ward",15000000.0
"3 Bedroom, 2 Bathroom Apartment With A View Is Up For Sale Nearby Darul Ma&#039;Arif Al Islamia.",3.0,2.0,1,vacant,750.0,chattogram,"৳2,500,000","Kalu Shah Bazar, 4 No Chandgaon Ward",2500000.0
We Have A 1305 Sq.Ft Flat For Sale In Chandgaon Nearby CDA Public School &amp; College.,3.0,3.0,4,vacant,1305.0,chattogram,"৳6,525,000","Chandgaon Residential Area, 4 No Chandgaon Ward",6525000.0
"A Flat Can Be Found In Chandgaon R/a For Sale, Near Chandgaon Government Primary School",3.0,3.0,3,vacant,2400.0,chattogram,"৳12,000,000","Chandgaon Residential Area, 4 No Chandgaon Ward",12000000.0
"1100 Sq Ft Flat Is Up For Sale In Agrabad Housing Residential Area, Double Mooring",3.0,3.0,1,vacant,1100.0,chattogram,"৳4,500,000","24 No. North Agrabad Ward, Double Mooring",4500000.0
Lovely Apartment Covering An Area Of 1100 Sq Ft Is Up For Sale In Cosmopolitan R/a,2.0,2.0,3,vacant,1100.0,chattogram,"৳6,600,000","Cosmopolitan R/A, 7 No. West Sholoshohor Ward",6600000.0
134 Sq Ft Shop Is Available To Sale In Chandgaon,,,1,vacant,134.0,chattogram,"৳2,680,000","Mohara, 4 No Chandgaon Ward",2680000.0
151 Sq Ft Shop Is Available To Sale In Chandgaon,,,1,vacant,151.0,chattogram,"৳3,020,000","Mohara, 4 No Chandgaon Ward",3020000.0
Close To Majid Sawdagor Masjid 1685 Sq Ft Apartment To Sale In Bakalia,3.0,3.0,1,vacant,1685.0,chattogram,"৳9,267,500","Dewan Bazar, Bakalia",9267500.0
1400 Sq Ft Apartment To Sale In Dewan Bazar Near To Shri Shri Ramthakur O Joy Baba Loknath Kunjo,3.0,3.0,1,vacant,1400.0,chattogram,"৳7,700,000","Dewan Bazar, Bakalia",7700000.0
"A 1150 Sq Ft Flat Is Up For Sale In A Well Secured Location Of Kulgaon, Bayazid",3.0,3.0,7,vacant,1150.0,chattogram,"৳5,800,000","Kulgaon, Bayazid",5800000.0
"Lovely Apartment Of 1080 Sq Ft Is Up For Sale In Chandrima, Chandgaon Residential Area",3.0,3.0,2,vacant,1080.0,chattogram,"৳5,700,000","Chandgaon Residential Area, 4 No Chandgaon Ward",5700000.0
A Modern Well-planned Flat Of 1075 Sq Ft Is Up For Sale In 31 No. Alkoron Ward,3.0,2.0,5,vacant,1075.0,chattogram,"৳5,500,000","Alkaran Road, 31 No. Alkoron Ward",5500000.0
An Apartment Is Up For Sale At Colonel Hat Near To Colonel Hat Bus Stop,2.0,2.0,5,vacant,978.0,chattogram,"৳5,000,000","Colonel Hat, 10 No. North Kattali Ward",5000000.0
A Worthwhile 1433 Sq Ft Residential Home Is Ready For Sale At Bayazid,3.0,3.0,1,vacant,1433.0,chattogram,"৳7,132,000","Somobay Residential Area, Bayazid",7132000.0
1350 Sq Ft Flat Is Up For sale At 15 No. Bagmoniram Ward Close To Sunmar Shopping Mall,3.0,4.0,7,vacant,1350.0,chattogram,"৳8,000,000","Mehidibag, 15 No. Bagmoniram Ward",8000000.0
"We Are Assisting You To Take A Tour Of This 1665 Sq Ft Apartment For Sale In Sholokbahar, Abdul Hamid Road",3.0,3.0,8,vacant,1665.0,chattogram,"৳7,000,000","Abdul Hamid Road, Sholokbahar",7000000.0
This Shop Is Up For Sale In Bagmoniram Near Sunshine Grammar School & College,,,1,vacant,153.0,chattogram,"৳10,000,000","Bayazid Bostami Road, 15 No. Bagmoniram Ward",10000000.0
Commercial Shops For Sale In 22 No. Enayet Bazaar Ward Near Mosque,,,2,vacant,88.0,chattogram,"৳1,200,000","Nandan Kanan, 22 No. Enayet Bazaar Ward",1200000.0
This 1050 Sq Ft Apartment Is Available To Sale At 33 No. Firingee Bazaar Ward,3.0,3.0,3,vacant,1050.0,chattogram,"৳5,250,000","Kobi Kazi Nazrul Islam Road, 33 No. Firingee Bazaar Ward",5250000.0
"Attention ! A 900 Sq.Ft Flat Is Up For Sale At 33 No. Firingee Bazaar Ward, This Is What You’ve Been Searching For As Your New Home!",2.0,2.0,3,vacant,900.0,chattogram,"৳4,500,000","Kobi Kazi Nazrul Islam Road, 33 No. Firingee Bazaar Ward",4500000.0
A 1466 Sq Ft Flat Is Up For Sale In A Well Secured Location Of 7 No. West Sholoshohor Ward,3.0,3.0,3,vacant,1466.0,chattogram,"৳7,000,000","Bibirhat, 7 No. West Sholoshohor Ward",7000000.0
"Buy This 1300 Square Feet Flat In Bayazid, Ali Nagar",3.0,3.0,4,vacant,1300.0,chattogram,"৳7,200,000","Ali Nagar, Bayazid",7200000.0
"A Rightly Planned 1500 Sq Ft Flat Is Found For Sale In 24 No. North Agrabad Ward, Double Mooring",3.0,3.0,10,vacant,1500.0,chattogram,"৳8,600,000","24 No. North Agrabad Ward, Double Mooring",8600000.0
"View This 1015 Sq Ft Flat For Sale At Double Mooring, 24 No. North Agrabad Ward",2.0,2.0,9,vacant,1015.0,chattogram,"৳5,887,000","24 No. North Agrabad Ward, Double Mooring",5887000.0
Grab This 1459 Sq Ft Flat For Sale At 24 No North Agrabad Ward,3.0,3.0,9,vacant,1459.0,chattogram,"৳8,462,200","24 No. North Agrabad Ward, Double Mooring",8462200.0
"A Suitable 1337 Sq Ft Flat For Sale At Double Mooring, 24 No. North Agrabad Ward",3.0,3.0,8,vacant,1337.0,chattogram,"৳7,754,600","24 No. North Agrabad Ward, Double Mooring",7754600.0
Get This 1459 Sq Ft Flat Up For Sale At Double Mooring,3.0,3.0,6,vacant,1459.0,chattogram,"৳8,462,200","24 No. North Agrabad Ward, Double Mooring",8462200.0
"1337 Sq Ft Flat For Sale In Double Mooring, With Good Home Facilities",3.0,3.0,3,vacant,1337.0,chattogram,"৳7,754,600","24 No. North Agrabad Ward, Double Mooring",7754600.0
Buy This 800 Sq Ft Ready Apartment In 33 No. Firingee Bazaar Ward,2.0,2.0,3,vacant,800.0,chattogram,"৳4,500,000","Abhoy Mitra Lane, 33 No. Firingee Bazaar Ward",4500000.0
1672 Sq Ft Secured Flat Is Up For Sale At 7 No. West Sholoshohor Ward,3.0,3.0,11,vacant,1672.0,chattogram,"৳8,000,000","Bibirhat, 7 No. West Sholoshohor Ward",8000000.0
This 1800 Sq Ft Apartment With 3 Bedrooms Is Up For Sale At South Khulsi,3.0,4.0,,vacant,1800.0,chattogram,"৳8,500,000","South Khulshi, Khulshi",8500000.0
1200 Square Feet Nice And Affordable Flat For Sale At Green View Residential Area .,3.0,3.0,1,vacant,1200.0,chattogram,"৳4,600,000","Green View Residential Area, 11 No. South Kattali Ward",4600000.0
"An Apartment Is Up For Sale In Dakshin Kattali, Near Anandomoyee Kali Temple",3.0,3.0,4th to 8th Backside,vacant,1250.0,chattogram,"৳3,800,000","Dakshin Kattali, 11 No. South Kattali Ward",3800000.0
"Establish Your Peace In This Nice 2500 Sq Ft Apartment For Sale At Zakir Hossain By Lane, East Nasirabad",4.0,4.0,2,vacant,2500.0,chattogram,"৳12,000,000","Zakir Hossain By Lane, East Nasirabad",12000000.0
This 1430 Square Ft. Apartment Is Up For Sales Pathargatha .,3.0,3.0,6,vacant,1430.0,chattogram,"৳7,936,000","Patharghata, Bakalia",7936000.0
This 1430 Sq.Ft Flat In Patharghata Is Up For Sale With A Convenient Price .,3.0,3.0,8,vacant,1430.0,chattogram,"৳7,936,000","Patharghata, Bakalia",7936000.0
This 1915 Sq Ft Lovely Apartment Is Ready For Sale In Khulshi Green Housing Society,3.0,3.0,2,vacant,1915.0,chattogram,"৳11,490,000","Khulshi Green Housing Society, Khulshi",11490000.0
Buy This 1162 Sq Ft Decent Flat In The Locality Of Khulshi Green Housing Society,3.0,3.0,2,vacant,1162.0,chattogram,"৳6,972,000","Khulshi Green Housing Society, Khulshi",6972000.0
This Suitable Flat Of 1162 Sq Ft With Great Balcony Views Is Ready For Sale In Khulshi Green Housing Society,3.0,3.0,8,vacant,1162.0,chattogram,"৳6,972,000","Khulshi Green Housing Society, Khulshi",6972000.0
This 1570 Sq Ft Apartment With 3 Bedrooms Is Ready For Sale In Khulshi,3.0,3.0,6,vacant,1570.0,chattogram,"৳11,000,000","Nasirabad Properties Residential Area, Khulshi",11000000.0
"This 850 Sq Ft Apartment Is Set For Sale In Sholokbahar, Badurtala",3.0,2.0,3,vacant,850.0,chattogram,"৳4,000,000","Badurtala, Sholokbahar",4000000.0
"1500 Sq Ft Flat For Sale At 11 No. South Kattali Ward, Maij Para",3.0,3.0,5,vacant,1500.0,chattogram,"৳9,000,000","Maij Para, 11 No. South Kattali Ward",9000000.0
"A Beautiful Ready Flat With 3 Bedrooms Is Available For Sale At Agrabad Golden Complex, Double Mooring",3.0,3.0,6,vacant,1423.0,chattogram,"৳7,115,000","25 No. Rampur Ward, Double Mooring",7115000.0
Picture Yourself In This Residential Apartment Of 1835 Sq Ft For Sale In 10 No. North Kattali Ward,3.0,3.0,8,vacant,1835.0,chattogram,"৳13,000,000","New Monsurabad, 10 No. North Kattali Ward",13000000.0
A Comfortable And Convenient 1350 Sq.Ft House Is Ready For Sale At Chawk Bazar Close To Chittagong College Mosque.,3.0,4.0,1,vacant,1350.0,chattogram,"৳7,500,000","Chawk Bazar, 16 No. Chawk Bazaar Ward",7500000.0
Persuade This Serene Locality To Live In While Transcending Your Routined Mode Of Life,3.0,3.0,5,vacant,1615.0,chattogram,"৳11,500,000","Jamal Khan By-Lane, Jamal Khan",11500000.0
Affordable And Wonderful 1500 Sq Ft Flat Is Up For Sale In Bakalia,3.0,3.0,6,vacant,1500.0,chattogram,"৳8,250,000","Dewan Bazar, Bakalia",8250000.0
3 Bedrooms Beautiful Flat Is Up For Sale In Bakalia With Satisfactory Price,3.0,3.0,5,vacant,1685.0,chattogram,"৳9,267,500","Dewan Bazar, Bakalia",9267500.0
3 Bedroom Adequate Living Flat Is Up For Sale In Bakalia With Satisfactory Price,3.0,3.0,4,vacant,1500.0,chattogram,"৳8,250,000","Dewan Bazar, Bakalia",8250000.0
1400 Sq Ft Apartment To Sale In Ghat Farhat Beg Beside To Shri Shri Ramthakur O Joy Baba Loknath Kunjo,3.0,3.0,4,vacant,1400.0,chattogram,"৳7,700,000","Dewan Bazar, Bakalia",7700000.0
Next To Majid Sawdagor Masjid 1685 Sq Ft Apartment To Sale In Bakalia,3.0,3.0,4,vacant,1685.0,chattogram,"৳9,267,500","Dewan Bazar, Bakalia",9267500.0
Buy This 1580 Sq Ft Ready Flat At 7 No. West Sholoshohor Ward,3.0,3.0,8,vacant,1580.0,chattogram,"৳8,000,000","Chasma Hill R/A, 7 No. West Sholoshohor Ward",8000000.0
Unlock The Potential Of This 1487 Sq ft Apartment For Sale In Bakalia,3.0,3.0,8,vacant,1487.0,chattogram,"৳9,000,000","17 No West Bakalia Ward, Bakalia",9000000.0
1440 Sq Ft Nice Apartment For Sale In Bakalia,3.0,3.0,6,vacant,1440.0,chattogram,"৳9,936,000","Dewan Bazar, Bakalia",9936000.0
Grab This 1493 Sq Ft Residential Apartment For Sale In Bakalia,3.0,3.0,2,vacant,1493.0,chattogram,"৳9,800,000","17 No West Bakalia Ward, Bakalia",9800000.0
Modest 1493 Sq Ft Ready Apartment For Sale In Bakalia,3.0,3.0,2,vacant,1493.0,chattogram,"৳9,800,000","17 No West Bakalia Ward, Bakalia",9800000.0
At 15 No. Bagmoniram Ward 1537 Sq Ft Flat Is For Sale,3.0,3.0,7,vacant,1537.0,chattogram,"৳9,000,000","Mehidibag, 15 No. Bagmoniram Ward",9000000.0
This Beautiful 1800 Sq Ft Flat Located In Nasirabad Is Now Available | For Sale,3.0,4.0,10,vacant,1800.0,chattogram,"৳12,500,000","Nasirabad, Bayazid",12500000.0
Brand New 1800 Sq Feet Ready Flat Sale In Bayazid,3.0,4.0,9,vacant,1800.0,chattogram,"৳12,500,000","Nasirabad, Bayazid",12500000.0
Buy This Nice 2000 Square Feet Flat In Nasirabad,3.0,5.0,9,vacant,2000.0,chattogram,"৳13,000,000","Nasirabad, Bayazid",13000000.0
Ready Apartment Of 1305 Sq Ft Is Now Available To Sale In South Khulsi,3.0,3.0,4,vacant,1305.0,chattogram,"৳11,000,000","South Khulshi, Khulshi",11000000.0
"At Bayazid, A Nice And Spacious 1700 Sq Ft Residential Flat Is Up For Sale",3.0,3.0,9,vacant,1700.0,chattogram,"৳8,384,200","Oxygen Kuwaish Road, Bayazid",8384200.0
"5 Katha Plot Is For Sale In Bayazid, Shahid Nagar",,,,vacant,3600.0,chattogram,"৳15,000,000","Shahid Nagar, Bayazid",15000000.0
Apartment For Sale In Chandgaon Nearby Ebl,3.0,3.0,1,vacant,1210.0,chattogram,"৳7,000,000","Chandgaon Residential Area, 4 No Chandgaon Ward",7000000.0
"This 2200 SQ Ft apartment up for sale in Chawk Bazaar Ward, near Chittagong Grammar School Lower",4.0,4.0,1,vacant,2200.0,chattogram,"৳15,000,000",16 No. Chawk Bazaar Ward,15000000.0
Commodious 1621 Sq Feet Flat For Sale At Muradpur.,3.0,3.0,4,occupied,1621.0,chattogram,"৳10,500,000","Mirzapul Road, Muradpur",10500000.0
In Bahaddarhat Near Jamuna Bank Limited This Office Space Is Up For Sale.,,,5,vacant,150.0,chattogram,"৳3,650,000","CDA Avenue, Sholokbahar",3650000.0
"An apartment up for sale in Firingee Bazaar Ward, near Dutch-Bangla Bank Limited | ATM Booth",3.0,3.0,12,vacant,1400.0,chattogram,"৳7,500,000","R C Church Road, 33 No. Firingee Bazaar Ward",7500000.0
A 600 Sq Ft Apartment Is Up For Sale At North Pahartali Ward Nearby Dutch Bangla Atm.,2.0,2.0,5,vacant,600.0,chattogram,"৳3,000,000","West Firojshah colony, 9 No. North Pahartali Ward",3000000.0
At Alkaran Road 2252 Square Feet Large Residential Apartment For Sale,4.0,4.0,3,vacant,2252.0,chattogram,"৳11,260,000","Alkaran Road, 31 No. Alkoron Ward",11260000.0
A well-constructed 1429 SQ FT flat is for sale in Bayazid-Chattogram DOHS .,3.0,3.0,3,vacant,1429.0,chattogram,"৳8,000,000","Chattogram DOHS, Bayazid",8000000.0
"At Bagmoniram, A 1800 Sq Ft Well Fitted Residential Property Is On Sale",3.0,4.0,5,vacant,1800.0,chattogram,"৳16,000,000","Mehidibag, 15 No. Bagmoniram Ward",16000000.0
1200 Sq Ft Flat With Great Residential Services Is Up For Sale At 11 No South Kattali Ward,3.0,3.0,4,vacant,1200.0,chattogram,"৳8,000,000","Dakshin Kattali, 11 No. South Kattali Ward",8000000.0
Grab This 1370 Sq Ft Flat For Sale In Bayazid,3.0,3.0,2,vacant,1370.0,chattogram,"৳6,500,000","Green Valley, Bayazid",6500000.0
1162 Square Ft. Residential Apartment For Sale At Khulshi Green Housing Society .,3.0,3.0,2,vacant,1162.0,chattogram,"৳6,972,000","Khulshi Green Housing Society, Khulshi",6972000.0
Ready flat 1435 SQ FT is now for sale in Mehidibag,3.0,3.0,1,vacant,1435.0,chattogram,"৳7,000,000","Mehidibag, 15 No. Bagmoniram Ward",7000000.0
"Contact Us To Get 1500 Sq Ft Flat Which Is Now Available In Double Mooring, For Sale",3.0,3.0,6,vacant,1500.0,chattogram,"৳8,300,000","24 No. North Agrabad Ward, Double Mooring",8300000.0
Buy This 1485 Sq Ft Apartment In 10 No. North Kattali Ward,3.0,3.0,8,vacant,1485.0,chattogram,"৳8,000,000","Proshanti R/A, 10 No. North Kattali Ward",8000000.0
Contact us to get 1350 SQ FT Flat which is now available in Jamal Khan for sale,3.0,3.0,11,vacant,1350.0,chattogram,"৳9,450,000","Momin Road, Jamal Khan",9450000.0
Grab This Flat Up For Sale In West Khulshi R/a Near Masjid E Quba,3.0,3.0,9,vacant,1500.0,chattogram,"৳6,000,000","West Khulshi R/A, 9 No. North Pahartali Ward",6000000.0
"Buy This 160 Sq Ft Shop In Muradpur, East Nasirabad",,,5,vacant,160.0,chattogram,"৳8,000,000","East Nasirabad, Muradpur",8000000.0
An Apartment For Sale Is All Set For You To Settle In Khulshi Close To Green Crescent Medical Diagnostic,3.0,3.0,6,vacant,1254.0,chattogram,"৳7,000,000","Khulshi Green Housing Society, Khulshi",7000000.0
Move In To This 1780 Sq Ft Apartment Ready For Sale In South Khulshi,3.0,4.0,5,vacant,1780.0,chattogram,"৳10,500,000","South Khulshi, Khulshi",10500000.0
Reasonable 1465 Sq Ft Flat Is Available For Sale In 16 No. Chawk Bazaar Ward,3.0,3.0,1,vacant,1465.0,chattogram,"৳9,962,000","Katalganj Residential Area, 16 No. Chawk Bazaar Ward",9962000.0
Flat For Sale In 16 No. Chawk Bazaar Ward Near Mosque,3.0,3.0,8,vacant,1727.0,chattogram,"৳14,500,000","Panchlaish Residential Area, 16 No. Chawk Bazaar Ward",14500000.0
Plan To Move In This 1316 Sq Ft Flat Which Is Up To Sale In West Khulshi,3.0,3.0,2,vacant,1316.0,chattogram,"৳6,200,000","West Khulshi, 9 No. North Pahartali Ward",6200000.0
Meet With A Fascinating 174 Sq Ft Shops For Sale In Bahaddarhat Near To Bahaddarhat Jame Masjid,,,5,vacant,174.0,chattogram,"৳4,700,000","CDA Avenue, Sholokbahar",4700000.0
Shop for Sale in Chandgaon nearby EBL ATM,,,6,vacant,150.0,chattogram,"৳5,250,000","CDA Avenue, Sholokbahar",5250000.0
Check This Shop Located In Bahaddarhat Vacant For Sale Near Jamuna Bank Limited,,,4,vacant,139.0,chattogram,"৳3,614,000","CDA Avenue, Sholokbahar",3614000.0
"In Bahaddarhat Nearby Jamuna Bank Limited, Shop Space Is Ready For Sale.",,,5,vacant,136.0,chattogram,"৳3,536,000","CDA Avenue, Sholokbahar",3536000.0
Grab This Flat Up For Sale In Proshanti R/a Near Janata Bank Limited,3.0,3.0,6,vacant,1400.0,chattogram,"৳6,500,000","Proshanti R/A, 10 No. North Kattali Ward",6500000.0
Visit This Apartment For Sale In Mohammadpur Near Afjal Jame Masjid.,3.0,3.0,8,vacant,1408.0,chattogram,"৳5,632,000","Mohammadpur, 7 No. West Sholoshohor Ward",5632000.0
Grab This Flat Up For Sale In Kulgaon Near Gulbag R/a Jame Mosjid,2.0,2.0,3,vacant,1000.0,chattogram,"৳4,000,000","Kulgaon, Bayazid",4000000.0
Notable 1550 SFT Ready Apartment For Sale In 4 No Chandgaon Ward,3.0,3.0,7,vacant,1550.0,chattogram,"৳7,300,000","Shamsher Para, 4 No Chandgaon Ward",7300000.0
1244 Sq Ft Flat For Sale At North Halishahar Ward,3.0,3.0,5,vacant,1244.0,chattogram,"৳6,500,000","26 No. North Halishahar Ward, Halishahar",6500000.0
1149 Sq Ft Suitable Apartment For Sale In 4 No Chandgaon Ward,3.0,3.0,3,vacant,1149.0,chattogram,"৳7,500,000","Chandgaon Residential Area, 4 No Chandgaon Ward",7500000.0
"1429 SQ FT Residential Duplex For Sale in Bayazid, Chattogram DOHS Close to Chattogram Cantonment English school.",3.0,4.0,4,vacant,1429.0,chattogram,"৳8,500,000","Chattogram DOHS, Bayazid",8500000.0
136 Sq Ft Commercial Area Is Up For Sale At South Agrabad,,,2,vacant,136.0,chattogram,"৳4,187,500","South Agrabad, Double Mooring",4187500.0
188 Sq Ft Commercial Space Is Up For Sale At South Agrabad,,,1,vacant,188.0,chattogram,"৳5,675,125","South Agrabad, Double Mooring",5675125.0
Check Out This 141 Sq Ft Flat For Sale At South Agrabad,,,1,vacant,141.0,chattogram,"৳4,330,000","South Agrabad, Double Mooring",4330000.0
Attention Home Finders! A 969 Sq.ft Flat Is Up For Sale At 6 No East Sholoshohor Ward.,2.0,2.0,2,vacant,969.0,chattogram,"৳3,600,000","6 No East Sholoshohor Ward, Bakalia",3600000.0
"At Sholoshohor, flat for Sale close to Sholoshohor Jame Masjid",3.0,3.0,5,vacant,1350.0,chattogram,"৳6,075,000","Cosmopolitan R/A, 7 No. West Sholoshohor Ward",6075000.0
"An Apartment Up For Sale Is Located At Sholoshohor, Near To Sunnia Madrasha",2.0,2.0,7,vacant,975.0,chattogram,"৳3,705,000","Jangalpara, 7 No. West Sholoshohor Ward",3705000.0
"In The Location Of Sholoshohor, Close To Sunnia Madrasha A Flat Is Up For Sale",3.0,3.0,6,vacant,1165.0,chattogram,"৳4,427,000","Jangalpara, 7 No. West Sholoshohor Ward",4427000.0
An Adequate 1145 Sq Ft Residential Apartment Is Up For Sale In The Center Of Bakalia .,3.0,3.0,7,vacant,1145.0,chattogram,"৳5,700,000","6 No East Sholoshohor Ward, Bakalia",5700000.0
Check This 1145 Sq.Ft Apartment Which Is Up For Sale At Bakalia Near To Abdul Hamid Sawdagar High School.,3.0,3.0,7,vacant,1145.0,chattogram,"৳3,400,000","6 No East Sholoshohor Ward, Bakalia",3400000.0
"In The Location Of Sholoshohor, Close To Sholashohor Rail Station, A Flat Is Up For Sale",3.0,3.0,6,vacant,1382.0,chattogram,"৳6,800,000","Chasma Hill R/A, 7 No. West Sholoshohor Ward",6800000.0
"An Apartment Up For Sale Is Located At Chasma Hill R/a, Near To Universal School And College.",3.0,2.0,6,vacant,1180.0,chattogram,"৳6,200,000","Chasma Hill R/A, 7 No. West Sholoshohor Ward",6200000.0
1130 Sq Ft Apartment Is Ready For Sale At 17 No West Bakalia Ward,3.0,3.0,1,vacant,1130.0,chattogram,"৳5,300,000","17 No West Bakalia Ward, Bakalia",5300000.0
105 Sq Ft Commercial Shop For Sale In A Growing Business Area Of 9 No. North Pahartali Ward,,,1,vacant,105.0,chattogram,"৳3,675,000","Dhaka Trunk Road, 9 No. North Pahartali Ward",3675000.0
"1500 Sq Ft Modest Flat For Sale At Double Mooring, 24 No. North Agrabad Ward",3.0,3.0,8,vacant,1500.0,chattogram,"৳8,700,000","24 No. North Agrabad Ward, Double Mooring",8700000.0
1545 Sq Ft Apartment For Sale In West West Khulshi R/a,3.0,3.0,2,vacant,1545.0,chattogram,"৳7,500,000","West Khulshi R/A, 9 No. North Pahartali Ward",7500000.0
A 190 Square Feet Commercial Shop For Sale Close To Standard Bank Limited At Enayet Bazaar,,,,vacant,190.0,chattogram,"৳16,150,000","Jubilee Road, 22 No. Enayet Bazaar Ward",16150000.0
Look At This 1550 Square Feet Residential Apartment For Sale Very Near To Al-Haj Yakub Ali Girls High School &amp; College.,3.0,3.0,1,vacant,1550.0,chattogram,"৳7,750,000","25 No. Rampur Ward, Double Mooring",7750000.0
Look At This 120 Square Feet Commercial Shop For Sale At 9 No. North Pahartali Ward.,,,1,vacant,120.0,chattogram,"৳4,200,000","Dhaka Trunk Road, 9 No. North Pahartali Ward",4200000.0
117 Sq Ft Shop Is Up For Sale With Significant Commercial Features In 9 No. North Pahartali Ward,,,,vacant,117.0,chattogram,"৳4,050,000","Dhaka Trunk Road, 9 No. North Pahartali Ward",4050000.0
125 Sq Ft Shop Is Up For Sale With Modern Features In 9 No. North Pahartali Ward,,,,vacant,125.0,chattogram,"৳3,750,000","Dhaka Trunk Road, 9 No. North Pahartali Ward",3750000.0
120 Sq Ft Shop Is Up For Sale With Updated Features In 9 No. North Pahartali Ward,,,,vacant,120.0,chattogram,"৳4,200,000","Dhaka Trunk Road, 9 No. North Pahartali Ward",4200000.0
115 Sq Ft Shop Is Up For Sale With Quality Features In 9 No. North Pahartali Ward,,,,vacant,115.0,chattogram,"৳3,450,000","Dhaka Trunk Road, 9 No. North Pahartali Ward",3450000.0
Grab This 1400 Sq Feet Flat For Sale At Bayazid,3.0,3.0,3,vacant,1400.0,chattogram,"৳8,000,000","Shahid Nagar, Bayazid",8000000.0
"1330 Square Feet Office Arena For Sale In Bayazid, Shahid Nagar",,,2,vacant,1330.0,chattogram,"৳8,000,000","Shahid Nagar, Bayazid",8000000.0
"At South Khulshi, A 222 Square Feet Commercial Shop Is Waiting For Sale Close To Khulshi Police Station",,,4,vacant,222.0,chattogram,"৳6,500,000","South Khulshi, Khulshi",6500000.0
1250 Sq Ft Flat Is Now For Sale In 9 No. North Pahartali Ward,3.0,3.0,2,vacant,1250.0,chattogram,"৳7,000,000","Akbarshah Railway Colony, 9 No. North Pahartali Ward",7000000.0
"A Ready, Well Decorated 1025 Sq Ft Flat Is Up For Selling Purpose In Jalalabad Housing Society .",2.0,2.0,4,vacant,1025.0,chattogram,"৳4,500,000","Road No 1, Jalalabad Housing Society",4500000.0
Buy This 1415 Sq Ft Apartment In The Prominent Location Of Double Mooring,3.0,3.0,4,vacant,1415.0,chattogram,"৳6,367,000","12 No. Sarai Para Ward, Double Mooring",6367000.0
Look At This Nice 1563 Sq Ft Flat Is Up For Sale At West Khulshi,3.0,3.0,4,vacant,1563.0,chattogram,"৳9,200,000","West Khulshi R/A, 9 No. North Pahartali Ward",9200000.0
"Buy This 1700 Sq Ft Ready Flat In 7 No. West Sholoshohor Ward, Tayab Bag R/a",4.0,4.0,4,vacant,1700.0,chattogram,"৳9,500,000","Tayab Bag R/A, 7 No. West Sholoshohor Ward",9500000.0
"A Nicely Constructed Apartment Of 2150 Sq Ft Is Available Right Now For Sale In Zakir Hossain Road, Khulshi",3.0,4.0,4,vacant,2150.0,chattogram,"৳13,000,000","Zakir Hossain Road, Khulshi",13000000.0
"Acquire This 145 Sq Ft Commercial Shop Which Is Up For Sale In East Nasirabad, Muradpur",,,5,vacant,145.0,chattogram,"৳8,000,000","East Nasirabad, Muradpur",8000000.0
"1800 Sq Ft Ready Flat For Sale In Muradpur, With Splendid Features And Price",4.0,4.0,9,vacant,1800.0,chattogram,"৳14,040,000","Nasirabad Housing Society, Muradpur",14040000.0
1500 Sq Ft Residence Is For Sale At West Khulshi,3.0,3.0,6,vacant,1500.0,chattogram,"৳9,000,000","West Khulshi, 9 No. North Pahartali Ward",9000000.0
"Buy This 1760 Sq Ft Ready Apartment In Muradpur, Nasirabad Housing Society",3.0,4.0,1,vacant,1760.0,chattogram,"৳13,120,000","Nasirabad Housing Society, Muradpur",13120000.0
"200 Sq Ft Shop Area Is Up For Sale In Muradpur, Nasirabad Housing Society",,,,vacant,200.0,chattogram,"৳13,000,000","Nasirabad Housing Society, Muradpur",13000000.0
Modern 1520 Sq Ft Apartment For Sale in South Khulshi,3.0,3.0,3,vacant,1520.0,chattogram,"৳10,000,000","South Khulshi, Khulshi",10000000.0
A Structurally Well Set 1950 Sq Ft Commercial Space For Sale Is Available In South Kattali,,,4,vacant,1950.0,chattogram,"৳10,725,000","Port Connecting Road, 11 No. South Kattali Ward",10725000.0
This 1387 Sq.Ft Home In Green Valley -Bayazid Is Up For Sale In A Wonderful Neighborhood,3.0,3.0,3,vacant,1387.0,chattogram,"৳8,000,000","Green Valley, Bayazid",8000000.0
See This Shop Space For Sale Located In Halishahar Near To Navy Hospital,,,,vacant,169.0,chattogram,"৳4,225,000","39 No. South Halishahar Ward, Halishahar",4225000.0
Luxury All Around In This 1400 Sq.Ft West Nimtala Flat Which Is Up For Sale.,4.0,3.0,4,vacant,1400.0,chattogram,"৳7,000,000","Bandar, 36 Goshail Danga Ward",7000000.0
"We Are Offering You This 1620 Sq Ft Apartment For Sale At Khulshi, Yakub Future Park Housing",3.0,4.0,7,vacant,1620.0,chattogram,"৳10,854,000","Yakub Future Park Housing, Khulshi",10854000.0
Grab 1646 Sq Ft Apartment For Sale At Khulshi,3.0,4.0,8,vacant,1646.0,chattogram,"৳11,028,200","Yakub Future Park Housing, Khulshi",11028200.0
"Buy This 1686 Sq Ft Apartment At Khushi, Yakub Future Park Housing",3.0,4.0,1,vacant,1686.0,chattogram,"৳11,296,200","Yakub Future Park Housing, Khulshi",11296200.0
Let Us Introduce You To This 1336 Sq Ft Flat Up For Sale In West Khulshi R/a,3.0,3.0,8,vacant,1336.0,chattogram,"৳6,680,000","West Khulshi R/A, 9 No. North Pahartali Ward",6680000.0
1545 Sq Ft Flat With Great Floor Plan Is For Sale In West Khulshi R/a,3.0,3.0,6,vacant,1545.0,chattogram,"৳7,725,000","West Khulshi R/A, 9 No. North Pahartali Ward",7725000.0
Buy This Spacious 1699 Sq Ft Flat In West Khulshi R/a,3.0,3.0,5,vacant,1699.0,chattogram,"৳8,495,000","West Khulshi R/A, 9 No. North Pahartali Ward",8495000.0
View This Secured 1545 Sq Ft Flat For Sale In West Khulshi R/a,3.0,3.0,5,vacant,1545.0,chattogram,"৳7,725,000","West Khulshi R/A, 9 No. North Pahartali Ward",7725000.0
"Buy This Nicely Built 1336 Sq Ft Flat In 9 No. North Pahartali Ward, West Khulshi R/a",3.0,3.0,5,vacant,1336.0,chattogram,"৳6,680,000","West Khulshi R/A, 9 No. North Pahartali Ward",6680000.0
1750 Sq Ft Flat Is Now For Sale In B-block Chandgaon R/a,4.0,4.0,3,vacant,1750.0,chattogram,"৳9,500,000","Chandgaon Residential Area, 4 No Chandgaon Ward",9500000.0
"This 1110 Sq Ft Apartment Is Ready For Sale In Double Mooring, 12 No. Sarai Para Ward",3.0,3.0,4,vacant,1110.0,chattogram,"৳4,440,000","12 No. Sarai Para Ward, Double Mooring",4440000.0
1530 Sq Ft Flat Is Now Vacant For Sale In Mehidibag,3.0,3.0,2,vacant,1530.0,chattogram,"৳12,000,000","Mehidibag, 15 No. Bagmoniram Ward",12000000.0
A Well-structured Flat Of 1162 Sq Ft Is Up For Sale In Khulshi Green Housing Society,3.0,3.0,7,vacant,1162.0,chattogram,"৳6,972,000","Khulshi Green Housing Society, Khulshi",6972000.0
1592 Square Feet -3 Bedroom Residential Apartment For Sale At 16 No. Chawk Bazaar Ward.,3.0,4.0,7,vacant,1592.0,chattogram,"৳8,560,000","Munshi Pukur Par, 16 No. Chawk Bazaar Ward",8560000.0
Well-constructed And Spacious 1873 Sq Ft Flat For Sale In Firingee Bazaar Ward,4.0,3.0,6,vacant,1873.0,chattogram,"৳12,738,000","Abhoy Mitra Lane, 33 No. Firingee Bazaar Ward",12738000.0
Deal With This 1858 Sq Ft Apartment For Sale At South Khulsi,4.0,4.0,1,vacant,1858.0,chattogram,"৳16,000,000","South Khulshi, Khulshi",16000000.0
"1500 Sq Ft Nice Flat For Sale In Panchlaish, Katalgonj",3.0,3.0,4,vacant,1500.0,chattogram,"৳11,000,000","Katalgonj, Panchlaish",11000000.0
Charming Apartment Of 1186 Sq Ft Is Up For Sale In Dewan Bazar,3.0,3.0,3,vacant,1186.0,chattogram,"৳5,337,000","Dewan Bazar, Bakalia",5337000.0
Visit This 1300 Square Feet Flat For Sale At South Agrabad.,3.0,3.0,1,vacant,1300.0,chattogram,"৳7,150,000","South Agrabad, Double Mooring",7150000.0
Nearby CDA Central Mosque A Residential Apartment For Sale,3.0,3.0,1,vacant,1300.0,chattogram,"৳7,150,000","South Agrabad, Double Mooring",7150000.0
1226 Sq Ft Apartment Is Up For Sale At Lal Khan Bazaar Near To Chatogram Government Women&amp;#039;s College,3.0,3.0,7,vacant,1226.0,chattogram,"৳7,000,000","14 No. Lalkhan Bazaar Ward, Lal Khan Bazaar",7000000.0
1054 Sq Ft Cozy Apartment Is Ready For Sale At Lalkhanbazar,2.0,2.0,6,vacant,1054.0,chattogram,"৳6,500,000","14 No. Lalkhan Bazaar Ward, Lal Khan Bazaar",6500000.0
"1415 Sq Ft Apartment Is Ready To Sale In Double Mooring, Saraipara",3.0,3.0,1,vacant,1415.0,chattogram,"৳5,820,000","12 No. Sarai Para Ward, Double Mooring",5820000.0
Have A Look At This 1304 Sq Ft Property Which Is Up For Sale Located At 10 No. North Kattali Ward,3.0,3.0,7,vacant,1304.0,chattogram,"৳5,998,400","Ishan Mohajon Road, 10 No. North Kattali Ward",5998400.0
"2100 Sft Apartment For Sale At Vip H/s,south Khulshi, Chattagram",3.0,3.0,2,vacant,2100.0,chattogram,"৳16,800,000","VIP Housing Society, South Khulsi",16800000.0
115 Sq Ft Commercial Shop For Sale At 9 No. North Pahartali Ward,,,1,vacant,115.0,chattogram,"৳4,025,000","Dhaka Trunk Road, 9 No. North Pahartali Ward",4025000.0
Set Up Your New 115 Sq.ft Office In The Location Of Jamal Khan For Sale,,,1,vacant,115.0,chattogram,"৳1,350,000","Momin Road, Jamal Khan",1350000.0
3 Katha Residential Plot For Sale In Jalalabad Housing Society,,,,vacant,2160.0,chattogram,"৳16,500,000","Road No 2, Jalalabad Housing Society",16500000.0
"1800 Sq Ft Flat With Updated Features For Sale At Bayazid, Chadra Nagar",4.0,3.0,9,vacant,1800.0,chattogram,"৳9,000,000","Chadra Nagar, Bayazid",9000000.0
Select Your Next Residing Place At This Nice Flat Of 1100 Sq Ft In Kazir Dewri,3.0,3.0,1,vacant,1100.0,chattogram,"৳7,500,000","Shahid Saifuddin Khaled Road, Kazir Dewri",7500000.0
A 1300 Sq Ft Flat Is Up For Sale In A Well Secured Location Of South Khulshi,3.0,3.0,2,vacant,1300.0,chattogram,"৳9,700,000","South Khulshi, Khulshi",9700000.0
Grab This 1162 Sq Ft Flat For Sale At Bayazid,3.0,2.0,4,vacant,1162.0,chattogram,"৳5,000,000","Chadra Nagar, Bayazid",5000000.0
Apartment Of 1253 Sq Ft For Sale In Dewan Bazar,3.0,3.0,6,vacant,1253.0,chattogram,"৳5,638,500","Dewan Bazar, Bakalia",5638500.0
1500 Sq Ft Apartment To Sale In Bakalia Near To Korbanigonj Masjid,3.0,3.0,2,vacant,1500.0,chattogram,"৳8,250,000","Dewan Bazar, Bakalia",8250000.0
A Very Beautiful 90 Sq Ft Shop Is Now Available For Sale In 16 No. Chawk Bazaar Ward,,,2,vacant,90.0,chattogram,"৳2,700,000","Chawk Bazar, 16 No. Chawk Bazaar Ward",2700000.0
"1350 Sq Ft Apartment With 3 Bedrooms For Sale In Bakalia, Nabab Siraj Ud Daula Road",3.0,3.0,1,vacant,1350.0,chattogram,"৳8,000,000","Nabab Siraj Ud Daula Road, Bakalia",8000000.0
See This 1740 Sq Ft Apartment For Sale Is All Set For You In South Khulshi,3.0,3.0,1,vacant,1740.0,chattogram,"৳12,500,000","South Khulshi, Khulshi",12500000.0
"This 1370 Sq Ft Apartment Up For Sale In Muradpur, Near Sunshine Grammar School &amp; College",3.0,3.0,7,vacant,1370.0,chattogram,"৳13,200,000","Nasirabad Housing Society, Muradpur",13200000.0
A 110 Square Feet Commercial Shop For Sale Beside To Haji Camp Shahaji Jame Masjid At 9 No. North Pahartali Ward.,,,1,vacant,110.0,chattogram,"৳3,850,000","Dhaka Trunk Road, 9 No. North Pahartali Ward",3850000.0
"156 Sq Ft Cozy Shop For Sale In 9 No. North Pahartali Ward, Dhaka Trunk Road",,,4,vacant,156.0,chattogram,"৳3,120,000","Dhaka Trunk Road, 9 No. North Pahartali Ward",3120000.0
"Apartment For Sale In West Firojshah Colony, Near Pashchim Ferozshah Jaame Masjid",3.0,3.0,5,vacant,1331.0,chattogram,"৳6,500,000","West Firojshah colony, 9 No. North Pahartali Ward",6500000.0
"Nice Flat Can Be Found In West Firojshah Colony For Sale, Near Pashchim Ferozshah Jaame Masjid",3.0,3.0,6,vacant,1331.0,chattogram,"৳6,500,000","West Firojshah colony, 9 No. North Pahartali Ward",6500000.0
1350 Sq Ft Flat Is Set For Sale At 7 No. West Sholoshohor Ward,3.0,3.0,7,vacant,1350.0,chattogram,"৳7,000,000","Cosmopolitan R/A, 7 No. West Sholoshohor Ward",7000000.0
Economical 1587 Sq Feet Ready Flat Sale At Bayazid Close to East Delta University,4.0,4.0,5,vacant,1587.0,chattogram,"৳10,000,000","Bayazid Nagar Residential Area, Bayazid",10000000.0
1305 Apartment In A Convenient Price Is For Sale At South Khulshi,3.0,3.0,8,vacant,1305.0,chattogram,"৳11,000,000","South Khulshi, Khulshi",11000000.0
Buy This 950 Sq Ft Residential Apartment In Ali Nagar Nearby Hill View Public School,2.0,2.0,5,vacant,950.0,chattogram,"৳4,000,000","Ali Nagar, Bayazid",4000000.0
Grab This 920 Sq Ft Ready Apartment To Sale In Bakalia,2.0,2.0,9,vacant,920.0,chattogram,"৳5,800,000","Dewan Bazar, Bakalia",5800000.0
Grab This 1994 Sq Ft Apartment Ready To Sale In Sugandha Residential Area,3.0,4.0,2,vacant,1994.0,chattogram,"৳15,500,000","Sugandha Residential Area, Panchlaish",15500000.0
1860 Sq Ft Nicely Planned Apartment Is Available For sale In Panchlaish Residential Area,3.0,4.0,10,vacant,1860.0,chattogram,"৳17,500,000","Panchlaish Residential Area, 16 No. Chawk Bazaar Ward",17500000.0
View This 1320 Sq Ft Nice Apartment Ready For Sale At Jamal Khan,3.0,3.0,2,vacant,1320.0,chattogram,"৳9,500,000","Jamal Khan Road, Jamal Khan",9500000.0
"Buy This Nicely Designed 1750 Sq Ft Flat In East Nasirabad, Zakir Hossain By Lane",3.0,4.0,7,vacant,1750.0,chattogram,"৳12,250,000","Zakir Hossain By Lane, East Nasirabad",12250000.0
"A Favorable Flat Of 1565 Sq Ft Is Ready For Sale In Sholokbahar, Abdul Hamid Road",3.0,3.0,9,vacant,1565.0,chattogram,"৳9,000,000","Abdul Hamid Road, Sholokbahar",9000000.0
"2680 Sq Ft Residential Plot Is Up For Sale At Sholokbahar, Al-madani Road",,,,vacant,2680.0,chattogram,"৳18,000,000","Al-Madani Road, Sholokbahar",18000000.0
See This Lovely 2 Bedroom Flat For Sale In Chotopole,2.0,2.0,2,vacant,1013.0,chattogram,"৳4,200,000","South Agrabad, Double Mooring",4200000.0
120 Sq Ft Advanced Shop Area For Sale In 9 No. North Pahartali Ward,,,5,vacant,120.0,chattogram,"৳4,200,000","Dhaka Trunk Road, 9 No. North Pahartali Ward",4200000.0
We Are Manifesting You This 105 Sq Ft Shop For Sale In 9 No. North Pahartali Ward,,,1,vacant,105.0,chattogram,"৳3,675,000","Dhaka Trunk Road, 9 No. North Pahartali Ward",3675000.0
View This Amazing Shop Space Of 120 Sq Ft For Sale In 9 No. North Pahartali Ward,,,3,vacant,120.0,chattogram,"৳4,200,000","Dhaka Trunk Road, 9 No. North Pahartali Ward",4200000.0
Well Developed Flat Of 1262 Sq Ft Is Up For Sale In Dewan Bazar,3.0,3.0,1,vacant,1262.0,chattogram,"৳5,679,000","Dewan Bazar, Bakalia",5679000.0
"We Are Offering A Reasonably Priced Flat For Sale Which Is Featuring 1600 Sq Ft Space In Yakub Future Park Housing, Khulshi",3.0,3.0,2,vacant,1600.0,chattogram,"৳12,000,000","Yakub Future Park Housing, Khulshi",12000000.0
"Take The Deal Of Buying This 103 Sq Ft Commercial Area At Double Mooring, South Agrabad",,,3,vacant,103.0,chattogram,"৳3,200,000","South Agrabad, Double Mooring",3200000.0
"Well Constructed 1628 Sq Ft Flat For Sale In South Khulsi, Near Khulshi Town Center",3.0,3.0,5,vacant,1628.0,chattogram,"৳13,000,000","South Khulshi, Khulshi",13000000.0
"Close To Indian Embassy, An Apartment Of 3 Bedrooms For Sale Is Available In Khulshi",3.0,3.0,4,vacant,1600.0,chattogram,"৳10,000,000","Habib Lane, Khulshi",10000000.0
"900 Sq Ft Apartment For Sale In Bayazid, Near Ashekane Awlia Degree College",2.0,2.0,2,vacant,900.0,chattogram,"৳4,800,000","Shahid Nagar, Bayazid",4800000.0
Affordable And Wonderful 1420 Sq.Ft Flat Up For Sale In Muradpur,3.0,3.0,4,vacant,1420.0,chattogram,"৳7,100,000","1 No Railway Gate, Muradpur",7100000.0
Grab This Lovely Flat Of 1632 Sq Ft Is Up For Sale In Firingee Bazaar Before It&#039;s Sold Out,3.0,3.0,8,vacant,1632.0,chattogram,"৳9,160,000","Kobi Kazi Nazrul Islam Road, 33 No. Firingee Bazaar Ward",9160000.0
Take This Residential Flat Is For Sale At Bayazid Area Nearby Bangladesh Korea Technical Training Center,3.0,2.0,5th,vacant,1162.0,chattogram,"৳5,000,000","Chadra Nagar, Bayazid",5000000.0
"Available In Nasirabad Housing Society, A 1783 Sq Ft Apartment Is Up For Sale.",3.0,3.0,7,vacant,1783.0,chattogram,"৳11,589,500","Nasirabad Housing Society, Muradpur",11589500.0
"A Newly Constructed Apartment In Gulshan R/a, Is Available For Sale Which Is 1620 Sq Ft",3.0,3.0,4,vacant,1620.0,chattogram,"৳6,800,000","Bangla Bazar, Bayazid",6800000.0
Well Defined Flat Of 1300 Sq Ft In Nasirabad Is Available For Sale,2.0,2.0,2,vacant,950.0,chattogram,"৳4,700,000","Nasirabad, Bayazid",4700000.0
Grab this 1050 Sq Ft Flat For Sale At Nasirabad,3.0,2.0,6,vacant,1050.0,chattogram,"৳4,200,000","Nasirabad, Bayazid",4200000.0
1550 Sq Ft Flat Is Now To sale Which Is In Chawk Bazaar,3.0,4.0,8,vacant,1550.0,chattogram,"৳12,000,000","Panchlaish Residential Area, 16 No. Chawk Bazaar Ward",12000000.0
Amazing Three Bedroom Flat with Lovely Views Is Up for Sale At 31 No. Alkoron Ward,3.0,2.0,1,vacant,1075.0,chattogram,"৳6,000,000","Alkaran Road, 31 No. Alkoron Ward",6000000.0
An Amazing Home Of 1100 Sq.Ft Is Up For Sale In 14 No. Lalkhan Bazaar Ward.,3.0,3.0,5,vacant,1100.0,chattogram,"৳6,500,000","14 No. Lalkhan Bazaar Ward, Lal Khan Bazaar",6500000.0
1100 Square Feet Luxurious Apartment Is Ready For Sale At 14 No. Lalkhan Bazaar Ward,3.0,3.0,4,vacant,1100.0,chattogram,"৳7,000,000","14 No. Lalkhan Bazaar Ward, Lal Khan Bazaar",7000000.0
At Mehidibag 1800 Sq.ft Ready Flat Is For Sale Close To Mehidibag Jame Masjid.,3.0,4.0,6,vacant,1800.0,chattogram,"৳12,000,000","Mehidibag, 15 No. Bagmoniram Ward",12000000.0
This 1630 Sq.Ft Brand new Flat In Muradpur With A Convenient Price Is Up For Sale,3.0,3.0,4,vacant,1630.0,chattogram,"৳8,150,000","1 No Railway Gate, Muradpur",8150000.0
Nice 1699 Sq Ft Home Is Available For Sale In West Khulshi R/A,3.0,3.0,3,vacant,1699.0,chattogram,"৳8,495,000","West Khulshi R/A, 9 No. North Pahartali Ward",8495000.0
Beautifully Constructed 1336 Sq Ft Flat Is Available For Sale In West Khulshi R/a,3.0,3.0,3,vacant,1336.0,chattogram,"৳6,680,000","West Khulshi R/A, 9 No. North Pahartali Ward",6680000.0
A well-constructed 1800 SQ FT flat is for sale in 26 No. North Halishahar Ward,3.0,4.0,13,vacant,1800.0,chattogram,"৳13,450,000","26 No. North Halishahar Ward, Halishahar",13450000.0
A well-constructed 1540 SQ FT flat is for sale in 9 No. North Pahartali Ward,3.0,3.0,9,vacant,1540.0,chattogram,"৳7,392,000","West Khulshi R/A, 9 No. North Pahartali Ward",7392000.0
Delightful Apartment Of 1500 Sq Ft Is Available For Sale In Bakalia,3.0,2.0,5,vacant,1500.0,chattogram,"৳9,500,000","Dewan Bazar, Bakalia",9500000.0
"Check Out This 1544 Sq Ft Ready Apartment To Buy At Sholokbahar, Al-madani Road",3.0,3.0,1,vacant,1544.0,chattogram,"৳9,264,000","Al-Madani Road, Sholokbahar",9264000.0
"Buy This 1644 Sq Ft Apartment At Sholokbahar, Al-Madani Road",3.0,3.0,9,vacant,1644.0,chattogram,"৳9,864,000","Al-Madani Road, Sholokbahar",9864000.0
Commercial Arena Of 147 Sq Ft Is Up For Sale At Double Mooring,,,3,vacant,147.0,chattogram,"৳4,102,625","South Agrabad, Double Mooring",4102625.0
Pleasant Apartment Covering An Area Of 2000 Sq Ft Is Waiting To Sale At Jangalpara,3.0,3.0,8,vacant,2000.0,chattogram,"৳8,500,000","Jangalpara, 7 No. West Sholoshohor Ward",8500000.0
A 1200 Square Feet Apartment Is For Sale Is All Set For You In Dewan Bazar Nearby Khejurtoli Mosque,3.0,3.0,1,vacant,1200.0,chattogram,"৳7,700,000","Dewan Bazar, Bakalia",7700000.0
1235 Square Feet Apartment Is For Sale Near Abdul Hamid Sawdagar High School,3.0,3.0,10,vacant,1235.0,chattogram,"৳4,100,000","6 No East Sholoshohor Ward, Bakalia",4100000.0
Visit This Apartment For Sale In Chasma Hill R/A Near Hossain Ahmed Chowdhury City Corporation School &amp; College,3.0,3.0,5,vacant,1252.0,chattogram,"৳6,520,000","Chasma Hill R/A, 7 No. West Sholoshohor Ward",6520000.0
An Apartment For Sale Is Available In South Agrabad,3.0,3.0,3,vacant,1300.0,chattogram,"৳7,150,000","South Agrabad, Double Mooring",7150000.0
Ample office of 100 sq ft is waiting for sale in Double Mooring,,,1,vacant,100.0,chattogram,"৳4,000,000","South Agrabad, Double Mooring",4000000.0
Shop for sale in Chandgaon nearby EBL,,,,vacant,125.0,chattogram,"৳2,750,000","Mohara, 4 No Chandgaon Ward",2750000.0
"A Perfect Flat Of 1300 Sq Ft For Living With Family Is Available For Sale At Chandgaon R/a, 4 No Chandgaon Ward",3.0,3.0,4,vacant,1300.0,chattogram,"৳7,800,000","Chandgaon Residential Area, 4 No Chandgaon Ward",7800000.0
110 Sq Ft Nice Shop For Sale In 9 No. North Pahartali Ward,,,1,vacant,110.0,chattogram,"৳3,850,000","Dhaka Trunk Road, 9 No. North Pahartali Ward",3850000.0
"Grab A 1300 Sq Ft Flat For Sale At Chandgaon R/a, 4 No Chandgaon Ward",3.0,3.0,4,vacant,1300.0,chattogram,"৳7,800,000","Chandgaon Residential Area, 4 No Chandgaon Ward",7800000.0
"1350 Sq Ft Apartment For Sale In Forest Institute Road, West Sholoshohor",3.0,3.0,2,vacant,1350.0,chattogram,"৳9,300,000","Forest Institute Road, 7 No. West Sholoshohor Ward",9300000.0
1627 Sq Ft Flat Is For Sale At 26 No. North Halishahar Ward,3.0,3.0,7,vacant,1627.0,chattogram,"৳10,500,000","26 No. North Halishahar Ward, Halishahar",10500000.0
This Flat In North Halishahar With A Convenient Price Is Up For Sale,3.0,3.0,1,vacant,1490.0,chattogram,"৳6,705,000","26 No. North Halishahar Ward, Halishahar",6705000.0
This 1604 Sq Ft Flat Is Ready For Sale In Mehidibag,3.0,4.0,17,vacant,1604.0,chattogram,"৳8,822,000","Mehidibag, 15 No. Bagmoniram Ward",8822000.0
156 Sq Ft Shop For Sale In 9 No. North Pahartali Ward,,,4,vacant,156.0,chattogram,"৳3,120,000","Dhaka Trunk Road, 9 No. North Pahartali Ward",3120000.0
A 435 Sq. Ft. Commercial Shop Is Available To Sale In Bakalia Nearby Dewan Bazar.,,,2,vacant,435.0,chattogram,"৳7,000,000","Dewan Bazar, Bakalia",7000000.0
This 212 Sq.ft. Shop Is For Sale At Bakalia Near Terry Bazar,,,1,vacant,212.0,chattogram,"৳7,500,000","Dewan Bazar, Bakalia",7500000.0
Offering You 1301 Sq Ft Flat For Sale In Nasirabad,3.0,4.0,3,vacant,1301.0,chattogram,"৳11,000,000","Nasirabad, 15 No. Bagmoniram Ward",11000000.0
1400 Sq Ft Apartment To Sale In Dewan Bazar Next To Shri Shri Ramthakur O Joy Baba Loknath Kunjo,3.0,3.0,3,vacant,1400.0,chattogram,"৳7,700,000","Dewan Bazar, Bakalia",7700000.0
1685 Sq Ft Apartment To Sale In Bakalia Beside To Majid Sawdagor Masjid,3.0,3.0,2,vacant,1685.0,chattogram,"৳9,267,500","Dewan Bazar, Bakalia",9267500.0
1500 Sq Ft Apartment To Sale In Bakalia Near Khanka-E-Quaderia Sayedia Tayabia Baluar Dighi,3.0,3.0,2,vacant,1500.0,chattogram,"৳8,250,000","Dewan Bazar, Bakalia",8250000.0
In The Location Of Patenga A Residential Plot Is For Sale Near Muslimabad Alhaj Solaiman Contractor Jame Masjid,,,,vacant,1958.0,chattogram,"৳5,500,000","40 No. North Patenga Ward, Patenga",5500000.0
"1500 Sq Ft Nice Apartment To Sale In Ghat Farhat Beg , Bakalia",3.0,3.0,1,vacant,1500.0,chattogram,"৳8,250,000","Dewan Bazar, Bakalia",8250000.0
An Apartment Which Is Up For Sale At Double Mooring Near To Osman Goni Jame Masjid,3.0,3.0,3,vacant,1250.0,chattogram,"৳5,000,000","24 No. North Agrabad Ward, Double Mooring",5000000.0
A well-constructed 2420 SQ FT flat is for sale in 33 No. Firingee Bazaar Ward,3.0,3.0,8,vacant,2420.0,chattogram,"৳13,310,000","Yakub Nagar Road, 33 No. Firingee Bazaar Ward",13310000.0
A Well-constructed 1250 Sq Ft Flat Is For Sale In 33 No. Firingee Bazaar Ward,3.0,3.0,2,vacant,1250.0,chattogram,"৳6,500,000","Yakub Nagar Road, 33 No. Firingee Bazaar Ward",6500000.0
Express Your Individuality At This 1400 Sq.ft Apartment Which Is Vacant For Sale In The Location Of Jamal Khan Close To Ashkar Dighir Purba Par Masjid.,3.0,3.0,6,vacant,1400.0,chattogram,"৳10,000,000","Shahid Saifuddin Khaled Road, Jamal Khan",10000000.0
In 26 No. North Halishahar Ward A Standard Flat Is For Sale,3.0,3.0,8,vacant,1300.0,chattogram,"৳5,400,000","26 No. North Halishahar Ward, Halishahar",5400000.0
Buy This 100 Sq Ft Shop At Reazuddin Bazar,,,,vacant,100.0,chattogram,"৳3,800,000","Reazuddin Bazar, 31 No. Alkoron Ward",3800000.0
100 Sq Ft Commercial Shop Is Up For Sale At Reazuddin Bazar,,,,vacant,100.0,chattogram,"৳3,800,000","Reazuddin Bazar, 31 No. Alkoron Ward",3800000.0
Check This 1300 Sq.Ft Apartment Up For Sale At 14 No. Lalkhan Bazaar Ward.,3.0,3.0,2,vacant,1300.0,chattogram,"৳7,500,000","14 No. Lalkhan Bazaar Ward, Lal Khan Bazaar",7500000.0
This Apartment Up For Sale At Dampara Near Lalkhan Bazar Jame Mosjid.,3.0,3.0,5,vacant,1200.0,chattogram,"৳6,000,000","14 No. Lalkhan Bazaar Ward, Lal Khan Bazaar",6000000.0
This 98 Square Feet Shop Is Up For Sale In Andarkilla Near To Shiva Temple,,,3,vacant,98.0,chattogram,"৳2,000,000","Hazari Lane, 32 No. Andarkilla Ward",2000000.0
A 163 Sq.Ft Commercial Space Is Available For Sale In CEPZ,,,2,vacant,163.0,chattogram,"৳3,749,000","39 No. South Halishahar Ward, Halishahar",3749000.0
"At Halishahar, 181 Sq Ft Well Fitted Shop Is Ready For Sale Near To Halishahar Thana",,,1,vacant,181.0,chattogram,"৳5,025,000","39 No. South Halishahar Ward, Halishahar",5025000.0
"At Halishahar, 163 Sq Ft Well Fitted Shop is for sale Near To Halishahar Thana",,,1,vacant,163.0,chattogram,"৳4,575,000","39 No. South Halishahar Ward, Halishahar",4575000.0
"At Halishahar, 123 Sq Ft Well Fitted Shop is for sale Near To Halishahar Thana",,,1,vacant,123.0,chattogram,"৳3,575,000","39 No. South Halishahar Ward, Halishahar",3575000.0
Deal With Your Business In A 153 Sq Ft Shop With A Convenient For Sale In Halishahar Area Near To Halishahar Thana,,,1,vacant,153.0,chattogram,"৳4,325,000","39 No. South Halishahar Ward, Halishahar",4325000.0
"In Halishahar Near Cepz, A Shop Is For Sale.",,,,vacant,126.0,chattogram,"৳3,650,000","39 No. South Halishahar Ward, Halishahar",3650000.0
Let Us Assist You To Buy This Flat Of 2000 Sq Ft Summiting The Vision About Your Future Home,3.0,3.0,7,vacant,2000.0,chattogram,"৳11,000,000","26 No. North Halishahar Ward, Halishahar",11000000.0
Take A Look At This 2200 Sq Ft Apartment Ready For Sale In 26 No. North Halishahar Ward,3.0,3.0,1,vacant,2200.0,chattogram,"৳12,100,000","26 No. North Halishahar Ward, Halishahar",12100000.0
Ready flat 1500 SQ FT is now for sale in 4 No Chandgaon Ward,3.0,3.0,10,vacant,1500.0,chattogram,"৳9,000,000","Chandgaon Residential Area, 4 No Chandgaon Ward",9000000.0
Take A Look At This Great 1700 Sq Ft Ready Flat For Sale At West Sholoshohor Ward,4.0,4.0,2,vacant,1700.0,chattogram,"৳9,500,000","Tayab Bag R/A, 7 No. West Sholoshohor Ward",9500000.0
This 1157 Square Feet Residential Apartment For Sale Close To Sabujbag Central Jame Masjid At Halishahar .,3.0,3.0,2,vacant,1157.0,chattogram,"৳4,049,500","Sabujbag, Halishahar",4049500.0
Check This 1388 Sq.Ft Apartment Up For Sale At Dewanhat Very Near To Dewanhat City Corporation College,3.0,3.0,9,vacant,1388.0,chattogram,"৳5,552,000","24 No. North Agrabad Ward, Double Mooring",5552000.0
1790 Sq Ft Residential Apartment For Sale At 24 No. North Agrabad Ward,3.0,3.0,7,vacant,1790.0,chattogram,"৳7,518,000","24 No. North Agrabad Ward, Double Mooring",7518000.0
This Promising Flat With A Nice Environment Is Ready To Be Sold In Double Mooring,4.0,4.0,12,vacant,1500.0,chattogram,"৳4,950,000","12 No. Sarai Para Ward, Double Mooring",4950000.0
Check This 1700 Sq.Ft Apartment Which Is For Sale At Bayazid Near To Paharika Abashik Jam-E-Masjid.,3.0,3.0,8,vacant,1700.0,chattogram,"৳7,000,000","Sangbadik Co-operative Housing Society, Bayazid",7000000.0
View This 1700 Sq Ft Flat For Sale At Bayazid,3.0,3.0,6,vacant,1700.0,chattogram,"৳7,000,000","Sangbadik Co-operative Housing Society, Bayazid",7000000.0
1300 Sq.ft Flat For Sale At South Agrabad,3.0,3.0,2,vacant,1300.0,chattogram,"৳7,150,000","South Agrabad, Double Mooring",7150000.0
"Available In Chandgaon Residential Area , A 1313 Sq.ft Apartment For Sale .",3.0,3.0,6,vacant,1313.0,chattogram,"৳7,200,000","Chandgaon Residential Area, 4 No Chandgaon Ward",7200000.0
We Have A 2000 Sq Ft Ready Flat For sale In North Pahartali Ward Nearby Foy’s Lake Amusement World,3.0,3.0,4,vacant,2000.0,chattogram,"৳10,500,000","Foy's Lake Approach Road, 9 No. North Pahartali Ward",10500000.0
Graceful Flat Of 1410 Sq Ft Is Prepared For sale In West Khulshi,3.0,3.0,8,vacant,1410.0,chattogram,"৳8,800,000","West Khulshi, 9 No. North Pahartali Ward",8800000.0
Flat For Sale In Muradpur Near Prabartak Iskcon Sri Krishna Temple,3.0,3.0,8,vacant,1800.0,chattogram,"৳9,500,000","Nasirabad Housing Society, Muradpur",9500000.0
Property For Sale In South Khulsi– 1338 Sq Ft Apartment,3.0,3.0,3,vacant,1338.0,chattogram,"৳12,000,000","South Khulshi, Khulshi",12000000.0
"Buy This 1500 Sq Ft Flat In Double Mooring, 24 No. North Agrabad Ward",3.0,3.0,5,vacant,1500.0,chattogram,"৳9,500,000","24 No. North Agrabad Ward, Double Mooring",9500000.0
"Here Is A Well Defined Flat Of 1640 Sq Ft Waiting For Sale At Chadra Nagar, Bayazid",3.0,3.0,7,vacant,1640.0,chattogram,"৳11,000,000","Chadra Nagar, Bayazid",11000000.0
This 1950 Sq Ft Apartment For Sale In Nasirabad Properties Residential Area,3.0,3.0,4,vacant,1950.0,chattogram,"৳18,000,000","Nasirabad Properties Residential Area, Khulshi",18000000.0
1433 Sq Ft Apartment To Sale In Bakalia,3.0,3.0,1,vacant,1433.0,chattogram,"৳9,887,700","Dewan Bazar, Bakalia",9887700.0
An Apartment Which Is Up For Sale At Mohammad Nagar Near To Mohammadia Bariya Jame Masjid.,3.0,3.0,7,vacant,1150.0,chattogram,"৳5,500,000","Mohammad Nagar, Bayazid",5500000.0
Vacant Shop Is Up For Sale In Korbanganj,,,1,vacant,85.0,chattogram,"৳1,100,000","Korbanigonj, Kotwali",1100000.0
Grab This 240 Sq Ft Shop Available For Sale At Bakalia,,,1,vacant,240.0,chattogram,"৳6,000,000","Dewan Bazar, Bakalia",6000000.0
Worthy 850 SQ FT residence is for sale at Bakalia,2.0,2.0,6,vacant,850.0,chattogram,"৳3,200,000","6 No East Sholoshohor Ward, Bakalia",3200000.0
Be The Owner Of This 1100 Sq Ft Beautiful Flat Which Is Vacant Now For Sale At South Bakalia,3.0,3.0,4,vacant,1100.0,chattogram,"৳5,000,000","19 No. South Bakalia Ward, Bakalia",5000000.0
At Chand Mia Road 126 Ready Shop Space Is For Sale,,,1,vacant,126.0,chattogram,"৳2,268,000","Chand Mia Road, 4 No Chandgaon Ward",2268000.0
This 178 Sq.Ft Shop Is Up For Sale In Chandgaon Near Chattogram International Medical College &amp; Hospital,,,1,vacant,178.0,chattogram,"৳2,848,000","Chand Mia Road, 4 No Chandgaon Ward",2848000.0
Residential Apartment Is On Sale In Chasma Hill R/a Nearby Jamuna Bank Limited,3.0,3.0,8,vacant,1505.0,chattogram,"৳6,500,000","Chasma Hill R/A, 7 No. West Sholoshohor Ward",6500000.0
Well Organised Flat Of 1435 Sq Ft Is Vacant For Sale In Kalamia Bazar,3.0,3.0,2,vacant,1435.0,chattogram,"৳5,740,000","18 No. East Bakalia Ward, Bakalia",5740000.0
"Start Your New Home, In This 1570 Sq.Ft Flat For Sale In Kalamia Bazar, Bakalia",3.0,3.0,3,vacant,1570.0,chattogram,"৳6,280,000","18 No. East Bakalia Ward, Bakalia",6280000.0
"This 1315 Sq.Ft Flat In Kalamia Bazar, Bakalia With A Convenient Price Is Up For Sale",3.0,3.0,4,vacant,1315.0,chattogram,"৳5,260,000","18 No. East Bakalia Ward, Bakalia",5260000.0
This 1580 SFT Apartment For Sale At Nasirabad Housing Society,3.0,3.0,3,vacant,1580.0,chattogram,"৳13,500,000","Nasirabad Housing Society, Muradpur",13500000.0
Purchase The 702 Sq. Ft Shop For Your Startup,,,1,vacant,702.0,chattogram,"৳12,636,000","Chand Mia Road, 4 No Chandgaon Ward",12636000.0
Ideal Flat of 1800 SFT In Bayazid Available For sale,3.0,4.0,11,vacant,1800.0,chattogram,"৳12,500,000","Nasirabad, Bayazid",12500000.0
"At Bayazid, A 2000 Sq Ft Well Fitted Residential Property Is On Sale",3.0,5.0,11,vacant,2000.0,chattogram,"৳13,000,000","Nasirabad, Bayazid",13000000.0
Valuable 2000 Sq Feet Ready Flat For Sale In Nasirabad,3.0,5.0,9,vacant,2000.0,chattogram,"৳13,000,000","Nasirabad, Bayazid",13000000.0
Buy This Amazing 1544 Sq Ft Flat At Sholokbahar,3.0,3.0,2,vacant,1544.0,chattogram,"৳9,264,000","Al-Madani Road, Sholokbahar",9264000.0
With All Apartment Facilities This Cozy Flat Of 1544 Sq Ft Is Ready To Sale In The Prominent Location Of Sholokbahar,3.0,3.0,4,vacant,1544.0,chattogram,"৳9,264,000","Al-Madani Road, Sholokbahar",9264000.0
"This Nice 1200 Sq Ft Apartment For Sale, At 33 No. Firingee Bazaar Ward",2.0,3.0,2,vacant,1200.0,chattogram,"৳6,000,000","Yakub Nagar Road, 33 No. Firingee Bazaar Ward",6000000.0
Well Defined Flat Of 1200 Sq Ft Is Up For Sale In 33 No. Firingee Bazaar Ward,3.0,3.0,1,vacant,1200.0,chattogram,"৳6,000,000","Yakub Nagar Road, 33 No. Firingee Bazaar Ward",6000000.0
Buy This Flat Of 1200 Sq Ft With Modern Residential Features And Characteristics,3.0,3.0,1,vacant,1200.0,chattogram,"৳6,000,000","Yakub Nagar Road, 33 No. Firingee Bazaar Ward",6000000.0
Run Your Shop Business Efficiently In This 115 Sq Ft Shop Arena For Sale In 9 No. North Pahartali Ward,,,3,vacant,115.0,chattogram,"৳4,025,000","Dhaka Trunk Road, 9 No. North Pahartali Ward",4025000.0
Take A Look At This 105 Sq Ft Shop Arena For Sale In 9 No. North Pahartali Ward,,,3,vacant,105.0,chattogram,"৳3,675,000","Dhaka Trunk Road, 9 No. North Pahartali Ward",3675000.0
Buy This Quality Shop Area Of 105 Sq Ft In 9 No. North Pahartali Ward,,,3,vacant,105.0,chattogram,"৳3,675,000","Dhaka Trunk Road, 9 No. North Pahartali Ward",3675000.0
Let Your Business Flourish In This 110 Sq Ft Shop Area For Sale In 9 No. North Pahartali Ward,,,3,vacant,110.0,chattogram,"৳3,850,000","Dhaka Trunk Road, 9 No. North Pahartali Ward",3850000.0
125 Sq Ft Modern Shop Is Available For Sale In The Thriving Location Of 9 No. North Pahartali Ward,,,3,vacant,125.0,chattogram,"৳4,375,000","Dhaka Trunk Road, 9 No. North Pahartali Ward",4375000.0
"View This Shop Space Of 110 Sq Ft, Appealing Enough For Your Next Business Deals In 9 No. North Pahartali Ward",,,2,vacant,110.0,chattogram,"৳3,850,000","Dhaka Trunk Road, 9 No. North Pahartali Ward",3850000.0
This 1392 Sq Ft Apartment Is Up For Sale At 10 No. North Kattali Ward,3.0,3.0,6,vacant,1392.0,chattogram,"৳8,500,000","CDA R/A, 10 No. North Kattali Ward",8500000.0
A 1180 Sq Ft Flat Is Up For Sale In A Well Secured Location Of Sholokbahar,3.0,3.0,6,vacant,1180.0,chattogram,"৳7,500,000","Abdullah Khan Road, Sholokbahar",7500000.0
In The Beautiful Neighborhood In Bahaddarhat A 1320 Sq.Ft Flat Is Up For Sale,3.0,3.0,1,vacant,1320.0,chattogram,"৳6,000,000","Bahaddarhat, 4 No Chandgaon Ward",6000000.0
Near Bahaddarhat Bwdb Office 1320 Sq.ft Flat For Sale In Bahaddarhat .,3.0,3.0,2,vacant,1320.0,chattogram,"৳5,940,000","Bahaddarhat, 4 No Chandgaon Ward",5940000.0
"Look At This Commercial Space Of 105 Sq Ft At Mohara, Kazirhat Up For Sale",,,1,vacant,105.0,chattogram,"৳2,100,000","Mohara, 4 No Chandgaon Ward",2100000.0
Wonderful Shop Space Of 115 Sq Ft Is Now Up For Sale In Kazirhat,,,1,vacant,115.0,chattogram,"৳2,320,000","Mohara, 4 No Chandgaon Ward",2320000.0
Take a Look at This 122 Sq Ft shop for sale in Chandgaon,,,1,vacant,122.0,chattogram,"৳2,440,000","Mohara, 4 No Chandgaon Ward",2440000.0
Modest Commercial Shop Is Present For Sale At Chandargaon,,,1,vacant,148.0,chattogram,"৳3,600,000","Mohara, 4 No Chandgaon Ward",3600000.0
Well Planned Commercial Shop In Chandgaon Is For Sale,,,1,vacant,125.0,chattogram,"৳2,500,000","Mohara, 4 No Chandgaon Ward",2500000.0
A Reasonable Apartment Of 1150 Sq Ft Is For Sale In Pahartali.,2.0,2.0,2,vacant,1150.0,chattogram,"৳4,600,000","12 No. Sarai Para Ward, Double Mooring",4600000.0
At Pahartali 1150 Sq.ft Flat Is For Sale.,2.0,2.0,3,vacant,1150.0,chattogram,"৳4,600,000","12 No. Sarai Para Ward, Double Mooring",4600000.0
A Perfect Flat Of 1650 Sq Ft For Living With Family Is Available For Sale At Pahartali,3.0,3.0,4,vacant,1650.0,chattogram,"৳6,600,000","12 No. Sarai Para Ward, Double Mooring",6600000.0
At Pahartali A 1050 Square Feet Flat Is Up For Sale,2.0,2.0,3,vacant,1050.0,chattogram,"৳4,200,000","12 No. Sarai Para Ward, Double Mooring",4200000.0
Offering you 1035 SQ FT flat for sale in Double Mooring,3.0,3.0,5,vacant,1035.0,chattogram,"৳4,347,000","12 No. Sarai Para Ward, Double Mooring",4347000.0
240 Sq Ft Commercial Office Is Up For Sale At Bakalia,,,5,vacant,240.0,chattogram,"৳5,520,000","Dewan Bazar, Bakalia",5520000.0
Buy This 240 Sq Ft Shop At Bakalia,,,4,vacant,240.0,chattogram,"৳5,520,000","Dewan Bazar, Bakalia",5520000.0
Bakalia Is Giving You A 240 Sq Ft Commercial Shop For sale,,,4,vacant,240.0,chattogram,"৳5,520,000","Dewan Bazar, Bakalia",5520000.0
105 Sq Ft Commercial Shop For Sale At The Location Of 9 No. North Pahartali Ward,,,1,vacant,105.0,chattogram,"৳3,675,000","Dhaka Trunk Road, 9 No. North Pahartali Ward",3675000.0
Appealing Property In Bayazid– 1295 Sq Ft Flat For Sale,3.0,3.0,5,vacant,1295.0,chattogram,"৳6,500,000","Bayazid Abasic Elaka Road, Bayazid",6500000.0
Visit This 1057 Sq Ft Flat Available For Sale In Kandirpar,3.0,3.0,7,vacant,1057.0,cumilla,"৳5,250,000","Manoharpur, Kandirpar",5250000.0
1450 Square Feet Flat Is Available For Sale In North Bagichagaon,3.0,3.0,9,vacant,1450.0,cumilla,"৳5,800,000","North Bagichagaon, Bagichagaon",5800000.0
"This 1445 Sq.Ft Smartly Priced Apartment Which Is Up For Sale In Mogbari Choumohoni, That You Should Check.",3.0,3.0,5,vacant,1445.0,cumilla,"৳5,750,000","Mogbari Choumohoni, Chotora",5750000.0
1450 Square Feet Flat With Amazing Supply Of Utilities Is Up For Sale In Bagichagaon,3.0,3.0,10,vacant,1450.0,cumilla,"৳5,900,000","North Bagichagaon, Bagichagaon",5900000.0
For Selling Purpose This Nice 1390 Sq.Ft Flat Is Now Available In Bagichagaon Near Cumilla Diabetic Hospital,3.0,3.0,5,vacant,1390.0,cumilla,"৳5,282,000","North Bagichagaon, Bagichagaon",5282000.0
This 1390 Sq Feet Flat Assures To Provide You With Better Homely Affairs In Bagichagaon,3.0,3.0,11,vacant,1390.0,cumilla,"৳5,282,000","North Bagichagaon, Bagichagaon",5282000.0
Properly Designed This 1445 Square Feet Apartment Is Now Up For Sale In Mogbari Choumohoni.,3.0,3.0,7,vacant,1445.0,cumilla,"৳5,650,000","Mogbari Choumohoni, Chotora",5650000.0
"Make This 1380 Sq Feet Decent Flat Yours, By Buying It In North Bagichagaon",3.0,3.0,9,vacant,1380.0,cumilla,"৳5,520,000","North Bagichagaon, Bagichagaon",5520000.0
A 1547 Sq.ft Residential Apartment Is For Sale In Jhautola,3.0,3.0,8,vacant,1547.0,cumilla,"৳5,878,600","Shahid Khawaja Nizamuddin Road, Jhautola",5878600.0
"Buy This Nice Flat Of 1265 Sq Ft, Which Is Located At Shahid Khawaja Nizamuddin Road, Jhautola",3.0,4.0,8,vacant,1265.0,cumilla,"৳5,692,500","Shahid Khawaja Nizamuddin Road, Jhautola",5692500.0
See This 1438 Sq Ft Apartment For Sale Is All Set For You In South Thakur Para Nearby Thakur Para Jame Masjid,3.0,3.0,7,vacant,1438.0,cumilla,"৳5,033,000","South Thakur Para, Thakur Para",5033000.0
"Buy This Nice Flat Of 1350 Sq Ft Which Is Located At Rammala Road, South Thakur Para",3.0,3.0,6,vacant,1350.0,cumilla,"৳4,725,000","South Thakur Para, Thakur Para",4725000.0
"Built With Modern Amenities, Check This 1050 Sq Ft Flat Which Is Up For Sale At Shah Shuja Mosque Road, Moghultoli",2.0,2.0,1,vacant,1050.0,cumilla,"৳4,410,000","Shah Shuja Mosque Road, Moghultoli",4410000.0
We Have A 1500 Sq.Ft Flat For Sale In Bagichagaon Nearby Bagichagaon Govt. Primary School,3.0,3.0,6,vacant,1500.0,cumilla,"৳5,700,000","North Bagichagaon, Bagichagaon",5700000.0
A 1250 Sq. Ft Apartment Is Vacant For Sale In Ashoktala Near To Ranir Bazar Jame Masjid.,3.0,3.0,8,vacant,1250.0,cumilla,"৳4,375,000","Nazrul Avenue, Ashoktala",4375000.0
"An Apartment Of 1500 Sq.Ft Is Up For Sale In Shahid Khawaja Nizamuddin Road, Jhautola",3.0,3.0,13,vacant,1500.0,cumilla,"৳6,010,000","Shahid Khawaja Nizamuddin Road, Jhautola",6010000.0
With An Awesome Environment A 1080 Sq Ft Flat Is Vacant For Sale In South Thakur Para Close To Thakurpara Jame Masjid,2.0,2.0,4,vacant,1080.0,cumilla,"৳3,780,000","South Thakur Para, Thakur Para",3780000.0
Celebrate Life Each Day In Your New Apartment Of 1380 Sq Ft At North Bagichagaon With Your Beloved Family.,3.0,3.0,7,vacant,1380.0,cumilla,"৳5,244,000","North Bagichagaon, Bagichagaon",5244000.0
A 1547 Sq Feet Flat For Sale In Jhautola,3.0,3.0,7,vacant,1547.0,cumilla,"৳6,190,000","Shahid Khawaja Nizamuddin Road, Jhautola",6190000.0
"Choose This 1030 Square Feet Flat For Sale In Kandirpar, Ak Fazlul Haq Road",3.0,2.0,8,vacant,1030.0,cumilla,"৳3,914,000","AK Fazlul Haq Road, Kandirpar",3914000.0
Live With Pleasure In This 1450 Sq Ft Flat Which Is Up For Sale In North Bagichagaon,3.0,3.0,7,vacant,1450.0,cumilla,"৳5,510,000","North Bagichagaon, Bagichagaon",5510000.0
Covering 1438 Sq Ft Space A Flat Is Up For Sale In Thakur Para Nearby Thakurpara Jame Masjid,3.0,3.0,5,vacant,1438.0,cumilla,"৳5,033,000","South Thakur Para, Thakur Para",5033000.0
1020 Sq. Ft. Flat For Sale In Nazrul Avenue Near Ashoktala Jame Masjid,3.0,2.0,4,vacant,1010.0,cumilla,"৳3,535,000","Nazrul Avenue, Ashoktala",3535000.0
"Near Kacha Bazar, 1350 Sq Ft Flat For Sale In Ashoktala",3.0,3.0,4,vacant,1350.0,cumilla,"৳5,805,000","Nazrul Avenue, Ashoktala",5805000.0
Get Comfortable In A 1450 Sq Ft Flat For Sale In Bagichagaon,3.0,3.0,8,vacant,1450.0,cumilla,"৳5,510,000","North Bagichagaon, Bagichagaon",5510000.0
"Picture Yourself, Residing In This Well-constructed And Planned 1500 Sq Ft Apartment In Bagichagaon For Sale",3.0,3.0,8,vacant,1500.0,cumilla,"৳5,750,000","North Bagichagaon, Bagichagaon",5750000.0
"1013 Sq Ft Apartment For Sale In Manoharpur, Kandirpar",3.0,3.0,9,vacant,1013.0,cumilla,"৳5,000,000","Manoharpur, Kandirpar",5000000.0
"Buy This 1013 Sq Ft Flat Available In Kandirpar, Manoharpur",3.0,3.0,6,vacant,1013.0,cumilla,"৳5,000,000","Manoharpur, Kandirpar",5000000.0
"This Wonderful Flat Is Set For Sale With An Amazing Floor Plan Which Is 1200 Sq Ft In Rani Dighir South Side, Manoharpur",3.0,3.0,9,vacant,1200.0,cumilla,"৳5,500,000","Manoharpur, Kandirpar",5500000.0
An Amazing 1100 Sq Ft Flat Is Available For Sale In Thakur Para,3.0,2.0,8,vacant,1100.0,cumilla,"৳6,000,000","Madina Masjid Road, Thakur Para",6000000.0
This Very New Nice Flat Of 1390 Sq Ft Is Up For Sale In North Bagichagaon Nearby Bagichagaon Govt. Primary School,3.0,3.0,10,vacant,1390.0,cumilla,"৳5,600,000","North Bagichagaon, Bagichagaon",5600000.0
"Get A Look At This Lovely Flat For Sale Featuring 1080 Sq Ft In Baganbari Road, Thakur Para",3.0,2.0,5,vacant,1080.0,cumilla,"৳4,800,000","Baganbari Road, Thakur Para",4800000.0
"Offering You A 1183 Sq Ft Nice Flat For Sale In Munsef Bari Road, Manoharpur",3.0,3.0,9,vacant,1183.0,cumilla,"৳5,800,000","Manoharpur, Kandirpar",5800000.0
"With An Availability Of Essential Civic Needs, This 1375 Sq.Ft Apartment At North Bagichagaon Is Promising You A Refined Form Of Lifestyle",3.0,3.0,9,vacant,1375.0,cumilla,"৳5,500,000","North Bagichagaon, Bagichagaon",5500000.0
"Apartment Of 1260 Sq Ft For Sale In Ashoktala, Near Agrani Bank Limited",3.0,3.0,6,vacant,1260.0,cumilla,"৳4,536,000","Nazrul Avenue, Ashoktala",4536000.0
1380 Sq.ft Home Which Will Fulfill Your Desire Is Now Vacant For Sale In North Bagichagaon.,3.0,3.0,8,vacant,1380.0,cumilla,"৳5,520,000","North Bagichagaon, Bagichagaon",5520000.0
Your Desired Large 1445 Sq Ft Home In Mogbari Choumohoni Is Now Vacant For Sale.,3.0,3.0,8,vacant,1445.0,cumilla,"৳5,780,000","Mogbari Choumohoni, Chotora",5780000.0
"1445 Sq Ft Residential Apartment Is Available For Sale In Chotora, Cumilla",3.0,3.0,1,vacant,1445.0,cumilla,"৳5,780,000","Mogbari Choumohoni, Chotora",5780000.0
Offering You 1020 Sq Ft Flat To Sale In Race Course Near To Dbbl Atm,2.0,2.0,7,vacant,1020.0,cumilla,"৳3,570,000","Wooden Pole Road, Race Course",3570000.0
A 1190 Sq Ft Apartment For Sale Is All Set For You In Cumilla Near Bagichagaon Primary School,3.0,3.0,4,vacant,1190.0,cumilla,"৳5,260,000","South Bagichagaon, Bagichagaon",5260000.0
"Available In Ashoktala , A 1400 Sq.Ft Apartment For Sale, Near Ranir Bazar Jame Masjid",3.0,3.0,4,vacant,1400.0,cumilla,"৳4,900,000","Nazrul Avenue, Ashoktala",4900000.0
"Buy This Nice Flat Of 1265 Sq Ft, Which Is Located At Diabetic Hospital Road, Bagichagaon",3.0,3.0,8,vacant,1265.0,cumilla,"৳5,060,000","West Bagichagoun, Bagichagaon",5060000.0
Well Defined And Nice Living Space Of 1500 Sq Ft Is Up For Sale In North Bagichagaon Close To Bagichagaon Jame Masjid,3.0,3.0,9,vacant,1500.0,cumilla,"৳6,000,000","North Bagichagaon, Bagichagaon",6000000.0
Office For Sale In Jhautola Close To Jhautola Jame Masjid,,,1,vacant,1000.0,cumilla,"৳5,000,000","Shaheed Shamsul Haque Sarak, Jhautola",5000000.0
Visit this apartment for sale of 1316 SQ FT in Manoharpur near Comilla Victoria Government College,3.0,3.0,9,vacant,1316.0,cumilla,"৳5,658,800","Manoharpur, Kandirpar",5658800.0
"Start Your New Home, In This Reasonable And Comfortable 1380 Sq.Ft Flat Which Is Up For Sale In North Bagichagaon, Nearby Bagichagaon Govt. Primary School.",3.0,3.0,6,vacant,1380.0,cumilla,"৳5,244,000","North Bagichagaon, Bagichagaon",5244000.0
A Ready 1470 Sq.ft Apartment For Sale In North Bagichagaon Near Bagichagaon Govt. Primary School,3.0,3.0,6,vacant,1470.0,cumilla,"৳5,586,000","North Bagichagaon, Bagichagaon",5586000.0
Check This Cozy And Nice 1470 Sq Ft Flat Just What You Are Looking For In A Home At North Bagichagaon Is Up To Sale,3.0,3.0,6,vacant,1470.0,cumilla,"৳5,586,000","North Bagichagaon, Bagichagaon",5586000.0
Check This Apartment Up For sale At West Bagichagoun Near Diabetic Hospital.,3.0,3.0,7,vacant,1265.0,cumilla,"৳5,186,500","West Bagichagoun, Bagichagaon",5186500.0
Covering 1020 Sq Ft Space A Flat Is Up For Sale In Moghultoli Nearby Shah Suja Masjid,2.0,2.0,7,vacant,1020.0,cumilla,"৳4,080,000","Shah Shuja Mosque Road, Moghultoli",4080000.0
Sophisticated Style! This 3 Bedroom Flat For Sale In Ashoktala Is All About It .,3.0,2.0,8,vacant,1100.0,cumilla,"৳4,400,000","Nazrul Avenue, Ashoktala",4400000.0
For Selling Purpose This 1358 Sq.Ft Flat Is Now Vacant In Thakur Para Near To Thakurpara Jame Masjid,3.0,3.0,6,vacant,1358.0,cumilla,"৳5,160,000","South Thakur Para, Thakur Para",5160000.0
"See, This 1470 Sq Ft Beautiful Apartment And Make It Your New Home Which Is Up For Sale In North Bagichagaon",3.0,3.0,7,vacant,1470.0,cumilla,"৳5,590,000","North Bagichagaon, Bagichagaon",5590000.0
"1220 Square Feet Flat For Sale In Kandirpar With A Nice Neighborhood, To Relax By",3.0,3.0,9,vacant,1220.0,cumilla,"৳4,636,000","AK Fazlul Haq Road, Kandirpar",4636000.0
"A 1330 Sq Ft Residential Apartment For Sale At Sadar Hospital Road, Monohorpur",3.0,3.0,1,vacant,1330.0,cumilla,"৳5,320,000","Sadar Hospital Road, Monohorpur",5320000.0
For Selling Purpose This 1080 Sq.Ft Flat Is Now Available In South Thakur Para Nearby Thakurpara Jame Masjid,2.0,2.0,6,vacant,1080.0,cumilla,"৳3,800,000","South Thakur Para, Thakur Para",3800000.0
"Start Residing In This 1450 Sq Ft, Properly Developed Apartment For Sale, In Bagichagaon",3.0,3.0,7,vacant,1450.0,cumilla,"৳5,510,000","North Bagichagaon, Bagichagaon",5510000.0
"To Live A Secure Life You Can Take This 1028 Sq Ft Flat For Sale At Munsef Bari Road, Kandirpar",3.0,3.0,9,vacant,1028.0,cumilla,"৳5,100,000","Manoharpur, Kandirpar",5100000.0
"915 Sq Ft Flat Is Available For Sale In Kandirpar, Manoharpur",2.0,2.0,6,vacant,915.0,cumilla,"৳4,700,000","Manoharpur, Kandirpar",4700000.0
"1239 Sq Ft Convenient Apartment Is Here Ready For Sale In Women Collage Road, Kandirpar",3.0,3.0,2,vacant,1239.0,cumilla,"৳6,700,000","Manoharpur, Kandirpar",6700000.0
"Grab This 1260 Sq Ft Flat Available For Sale In Thakur Para, Madina Masjid Road",3.0,2.0,8,vacant,1260.0,cumilla,"৳6,800,000","Madina Masjid Road, Thakur Para",6800000.0
"We Are Offering A Reasonably Priced Flat For Sale Which Is Featuring 1050 Sq Ft Space In Madina Masjid Road, Thakur Para",3.0,2.0,7,vacant,1050.0,cumilla,"৳5,500,000","Madina Masjid Road, Thakur Para",5500000.0
"The Vacant 1100 Sq Ft Flat For sale Comes With Superb Apartment Facilities And That Is Within Your Affordability At Madina Masjid Road, Thakur Para",3.0,2.0,7,vacant,1100.0,cumilla,"৳6,000,000","Madina Masjid Road, Thakur Para",6000000.0
Covering With 1500 Sq Ft Space A Flat Is Up For Sale In Bagichagaon Close To Bagichagaon Jame Masjid,3.0,3.0,11,vacant,1500.0,cumilla,"৳6,000,000","North Bagichagaon, Bagichagaon",6000000.0
Nice Flat Of 1550 Square Feet Is Up For Sale In Jhautola,3.0,3.0,12,vacant,1550.0,cumilla,"৳6,510,000","Shahid Khawaja Nizamuddin Road, Jhautola",6510000.0
We Are Offering This Family Friendly Apartment Of 1500 Sq Ft For Sale In Jhautola,3.0,3.0,6,vacant,1500.0,cumilla,"৳6,000,000","Shahid Khawaja Nizamuddin Road, Jhautola",6000000.0
Jhautola Is Giving You A 1500 Square Feet Flat For Sale,3.0,3.0,8,vacant,1500.0,cumilla,"৳6,000,000","Shahid Khawaja Nizamuddin Road, Jhautola",6000000.0
Buy This Amazing 1547 Sq Ft Flat At Jhautola,3.0,3.0,8,vacant,1547.0,cumilla,"৳6,965,000","Shahid Khawaja Nizamuddin Road, Jhautola",6965000.0
1415 Square Feet Flat Is Up For Sale In Mogbari Choumohoni,3.0,3.0,3,vacant,1415.0,cumilla,"৳5,660,000","Mogbari Choumohoni, Chotora",5660000.0
With An Awesome Environment This 1390 Sq Ft Flat Is Vacant For Sale In North Bagichagaon,3.0,3.0,9,vacant,1390.0,cumilla,"৳5,560,000","North Bagichagaon, Bagichagaon",5560000.0
This 1500 Sq.Ft Convenient Flat Is For Sale Beside To Jhawtola Central Jame Mosque.,3.0,3.0,6,vacant,1500.0,cumilla,"৳6,000,000","Shahid Khawaja Nizamuddin Road, Jhautola",6000000.0
"Start Residing In This 1390 Sq Ft, Properly Developed Apartment For Sale, In Bagichagaon",3.0,3.0,7,vacant,1390.0,cumilla,"৳5,282,000","North Bagichagaon, Bagichagaon",5282000.0
A Comfortable And Convenient 1415 Sq.Ft House Is For Sale At Mogbari Choumohoni,3.0,3.0,2,vacant,1415.0,cumilla,"৳5,665,000","Mogbari Choumohoni, Chotora",5665000.0
A Comfortable And Convenient 1470 Sq.ft House Is For Sale At North Bagichagaon Close To Bagichagaon Govt. Primary School.,3.0,3.0,8,vacant,1470.0,cumilla,"৳5,880,000","North Bagichagaon, Bagichagaon",5880000.0
"A Contemporary Cozy Flat Of 1350 Sq Ft Is Up For Sale Is Situated In Rammala Road, South Thakur Para",3.0,3.0,8,vacant,1350.0,cumilla,"৳7,300,000","South Thakur Para, Thakur Para",7300000.0
Lovely Apartment Of 1327 Sq Ft Is Up For Sale In Thakur Para,3.0,3.0,8,vacant,1327.0,cumilla,"৳6,900,000","Baganbari Road, Thakur Para",6900000.0
"To Live A Secure Life You Can Take This 1151 Sq Ft Flat For Sale At Baganbari Road, Thakur Para",3.0,2.0,7,vacant,1151.0,cumilla,"৳6,000,000","Baganbari Road, Thakur Para",6000000.0
Verify This 1180 Sq Ft Flat Available For Sale In Thakur Para,3.0,2.0,8,vacant,1180.0,cumilla,"৳6,400,000","Madina Masjid Road, Thakur Para",6400000.0
Fulfill Your Desire Of Buying A Nice 1390 Sq Ft Flat In North Bagichagaon,3.0,3.0,6,vacant,1390.0,cumilla,"৳5,282,000","North Bagichagaon, Bagichagaon",5282000.0
A 1400 Sq. Ft Apartment Is Vacant For Sale In Ashoktala Near To Ranir Bazar Jame Masjid.,3.0,3.0,8,vacant,1400.0,cumilla,"৳4,900,000","Nazrul Avenue, Ashoktala",4900000.0
"This 1233 SQ Ft apartment ready for sale at Manoharpur, near Comilla Victoria Government College",3.0,3.0,9,vacant,1233.0,cumilla,"৳5,301,900","Manoharpur, Kandirpar",5301900.0
A Decent 1050 Sq Ft Flat Which Is Near To Dutch-bangla Bank Limited Is Now For Sale In Jhautola,2.0,2.0,4,vacant,1050.0,cumilla,"৳4,200,000","Shahid Khawaja Nizamuddin Road, Jhautola",4200000.0
We Have A 1300 Sq.ft And 3 Bedroom Flat For Sale In The Location Of North Bagichagaon.,3.0,3.0,7,vacant,1300.0,cumilla,"৳5,200,000","North Bagichagaon, Bagichagaon",5200000.0
"Start Residing In This 1300 Sq Ft Properly Developed Flat For sale, In Bagichagaon",3.0,3.0,9,vacant,1300.0,cumilla,"৳4,940,000","North Bagichagaon, Bagichagaon",4940000.0
"1445 Sq Ft Residential Apartment Is Available For Sale In Chotora, Cumilla",3.0,3.0,7,vacant,1445.0,cumilla,"৳5,780,000","Mogbari Choumohoni, Chotora",5780000.0
Check This 1415 Square Feet Flat In Mogbari Choumohoni For Sale Which Is Ready To Move In,3.0,3.0,5,vacant,1415.0,cumilla,"৳5,650,000","Mogbari Choumohoni, Chotora",5650000.0
A 1470 Sq Feet Flat For Sale In North Bagichagaon,3.0,3.0,9,vacant,1470.0,cumilla,"৳5,880,000","North Bagichagaon, Bagichagaon",5880000.0
A Nice Flat Of 985 Sq Ft Is Up For Sale In West Bagichagoun,2.0,2.0,8,vacant,985.0,cumilla,"৳3,940,000","West Bagichagoun, Bagichagaon",3940000.0
This 1450 Sq Ft Apartment Is Assuring You A Nice Environment To Reside By In North Bagichagaon,3.0,3.0,6,vacant,1450.0,cumilla,"৳5,510,000","North Bagichagaon, Bagichagaon",5510000.0
We Are Happy To Present This Modern 1375 Sq Ft Apartment In North Bagichagaon,3.0,3.0,6,vacant,1375.0,cumilla,"৳5,250,000","North Bagichagaon, Bagichagaon",5250000.0
Establish Your Peace In This Nice 1450 Sq Ft Apartment For Sale At North Bagichagaon,3.0,3.0,9,vacant,1450.0,cumilla,"৳5,800,000","North Bagichagaon, Bagichagaon",5800000.0
Choose Your Destination At 1080 Sq Ft Flat Which Is Available For Sale In Thakur Para Near To Modina Jame Masjid,3.0,2.0,6,vacant,1080.0,cumilla,"৳4,100,000","Thakur Para Road, Thakur Para",4100000.0
This 1000 Sq.Ft Flat In West Bagichagoun With A Convenient Price Is Up For Sale,2.0,2.0,7,vacant,1000.0,cumilla,"৳3,800,000","West Bagichagoun, Bagichagaon",3800000.0
An Apartment Of 897 Sq.Ft Is Up For Sale In Thakur Para Beside To Thakurpara Jame Masjid,2.0,2.0,7,vacant,897.0,cumilla,"৳3,139,500","South Thakur Para, Thakur Para",3139500.0
Buy This 1358 Sq.Ft Flat At South Thakur Para For The Ideal Urban Lifestyle You Dream About.,3.0,3.0,7,vacant,1358.0,cumilla,"৳4,753,000","South Thakur Para, Thakur Para",4753000.0
With An Awesome Environment A 1375 Sq Ft Flat Is Vacant For Sale In North Bagichagaon,3.0,3.0,7,vacant,1375.0,cumilla,"৳5,225,000","North Bagichagaon, Bagichagaon",5225000.0
"When Location, And Convenience Is Your Priority This 1415 Sq.Ft Flat Is For You Near Chotora Moddho Para Jame Masjid.",3.0,3.0,8,vacant,1415.0,cumilla,"৳5,660,000","Mogbari Choumohoni, Chotora",5660000.0
Evaluate This Amazing 1550 Square Feet Flat Available For Sale In Jhautola,3.0,3.0,12,vacant,1550.0,cumilla,"৳6,505,000","Shahid Khawaja Nizamuddin Road, Jhautola",6505000.0
Checkout This 915 Sq Ft Flat Available For Sale In Kandirpar,2.0,2.0,7,vacant,915.0,cumilla,"৳4,700,000","Manoharpur, Kandirpar",4700000.0
A 3 Bedroom And 1547 Sq Ft Flat For Sale Near Jhawtola Central Jame Mosque,3.0,3.0,9,vacant,1547.0,cumilla,"৳6,188,000","Shahid Khawaja Nizamuddin Road, Jhautola",6188000.0
View This 1445 Square Feet Flat For Sale In Mogbari Choumohoni,3.0,3.0,4,vacant,1445.0,cumilla,"৳5,775,000","Mogbari Choumohoni, Chotora",5775000.0
"1175 Sq Ft Flat For Sale In Manoharpur, With Splendid Features And Price",3.0,3.0,7,vacant,1175.0,cumilla,"৳5,000,000","Manoharpur, Kandirpar",5000000.0
"Great Location! Check Out This 1239 Sq Ft Flat For Sale In Women Collage Road, Manoharpur",3.0,3.0,11,vacant,1239.0,cumilla,"৳6,700,000","Manoharpur, Kandirpar",6700000.0
"Look At This Nice 750 Sq Ft Flat Is Up For Sale At Talpokur Par, Bagichagaon",2.0,2.0,3,vacant,750.0,cumilla,"৳3,000,000","Talpokur Par, Bagichagaon",3000000.0
"1547 Sq Ft Residential Apartment Is Up For Sale At Jhautola, Shahid Khawaja Nizamuddin Road",3.0,3.0,13,vacant,1547.0,cumilla,"৳6,961,000","Shahid Khawaja Nizamuddin Road, Jhautola",6961000.0
"This Flat In Shahid Khawaja Nizamuddin Road, Jhautola With A Convenient Price Is Up For Sale",3.0,3.0,13,vacant,1500.0,cumilla,"৳6,000,000","Shahid Khawaja Nizamuddin Road, Jhautola",6000000.0
Grab This 1550 Square Feet Flat Up For Sale In Jhautola,3.0,3.0,11,vacant,1550.0,cumilla,"৳6,500,000","Shahid Khawaja Nizamuddin Road, Jhautola",6500000.0
1550 Sq Feet Flat For Sale In Jhautola,3.0,3.0,11,vacant,1550.0,cumilla,"৳6,510,000","Shahid Khawaja Nizamuddin Road, Jhautola",6510000.0
In The Location Of Jhautola An Adequate 3 Bedroom House Is For Sale .,3.0,3.0,9,vacant,1500.0,cumilla,"৳6,000,000","Shahid Khawaja Nizamuddin Road, Jhautola",6000000.0
This 1350 Sq Feet Flat For Sale In Thakurpara Close To Thakurpara Jame Masjid.,3.0,3.0,3,vacant,1350.0,cumilla,"৳5,130,000","South Thakur Para, Thakur Para",5130000.0
"Dwell In This Apartment Of 1380 Sq Ft, Perfect For Your Calm Living In North Bagichagaon",3.0,3.0,9,vacant,1380.0,cumilla,"৳5,520,000","North Bagichagaon, Bagichagaon",5520000.0
Well Defined And Nice Living Space Of 1390 Sq Ft Is Up For Sale In North Bagichagaon,3.0,3.0,8,vacant,1390.0,cumilla,"৳5,560,000","North Bagichagaon, Bagichagaon",5560000.0
See This Nicely Planned 1200 Sq Ft Flat Which Is Up For Sale In Jhautola Nearby Medi Hospital Private Ltd..,3.0,3.0,7,vacant,1200.0,cumilla,"৳4,750,000","Shaheed Shamsul Haque Sarak, Jhautola",4750000.0
Emanate Your Knack For Gardening By Selling This 1470 Sq.Ft Flat At North Bagichagaon With Massive Balconies,3.0,3.0,11,vacant,1470.0,cumilla,"৳5,586,000","North Bagichagaon, Bagichagaon",5586000.0
1400 Sq. Ft. Flat In Race Course Is Up For Sale Near Racecourse Cemetry,3.0,3.0,2,vacant,1400.0,cumilla,"৳5,320,000","North Race Course, Race Course",5320000.0
Get Ready For Your Countless Peaceful Days With This 1350 Sq Ft Flat At South Thakur Para Is Up To Sale,3.0,3.0,4,vacant,1350.0,cumilla,"৳4,725,000","South Thakur Para, Thakur Para",4725000.0
"With An Awesome Environment A 900 Sq Ft Flat Is Vacant For Sale In Rammala Road, South Thakur Para",2.0,2.0,6,vacant,900.0,cumilla,"৳3,150,000","South Thakur Para, Thakur Para",3150000.0
"Positioned At Thakur Para, 1350 Sq Ft Residential Apartment Is Quite Accessible For Owning",3.0,3.0,5,vacant,1350.0,cumilla,"৳5,130,000","South Thakur Para, Thakur Para",5130000.0
"3 Bedroom, 3 Bathroom Apartment With A View Is Up For Sale Nearby Jhautola Jame Masjid",3.0,3.0,10,vacant,1547.0,cumilla,"৳5,878,000","Shahid Khawaja Nizamuddin Road, Jhautola",5878000.0
"A 1080 Sq Ft Residential Apartment For Sale At Rammala Road, Thakur Para",2.0,2.0,5,vacant,1080.0,cumilla,"৳3,780,000","South Thakur Para, Thakur Para",3780000.0
Fine Flat Is Now For Sale Which Is In Manoharpur Near Janata Bank Limited,3.0,2.0,8,vacant,1025.0,cumilla,"৳5,500,000","Manoharpur, Kandirpar",5500000.0
"We Are Offering A Reasonably Priced Flat For Sale Which Is Featuring 1200 Sq Ft Space In Monoharpur, Kandirpara",3.0,3.0,9,vacant,1200.0,cumilla,"৳5,500,000","Manoharpur, Kandirpar",5500000.0
"1415 Sq Ft Residential Apartment Is Available For Sale In Chotora, Cumilla",3.0,3.0,1,vacant,1415.0,cumilla,"৳5,660,000","Mogbari Choumohoni, Chotora",5660000.0
1445 Square Feet Nice Flat For Sale In Mogbari Choumohoni,3.0,3.0,3,vacant,1445.0,cumilla,"৳5,785,000","Mogbari Choumohoni, Chotora",5785000.0
"Buy This Nice Flat Of 1450 Sq Ft, Which Is Located At North Bagichagaon",3.0,3.0,11,vacant,1450.0,cumilla,"৳5,900,000","North Bagichagaon, Bagichagaon",5900000.0
In The Location Of West Bagichagoun An Adequate 985 Sq.Ft House Is For Sale Near By Diabetic Hospital.,2.0,2.0,8,vacant,985.0,cumilla,"৳3,940,000","West Bagichagoun, Bagichagaon",3940000.0
1013 Sq Ft Nice Flat Is Available For Sale In Manoharpur,3.0,3.0,7,vacant,1013.0,cumilla,"৳5,000,000","Manoharpur, Kandirpar",5000000.0
"1050 Sq Ft Residential Flat With 2 Bedrooms And Other Features, Is Up For Sale In Moghultoli",2.0,2.0,8,vacant,1050.0,cumilla,"৳4,200,000","Shah Shuja Mosque Road, Moghultoli",4200000.0
"1020 Sq Ft Flat Is Available For Sale In Shah Shuja Mosque Road, Moghultoli",2.0,2.0,8,vacant,1020.0,cumilla,"৳4,080,000","Shah Shuja Mosque Road, Moghultoli",4080000.0
A Convenient And Well-constructed 1050 Sq.Ft Flat Is For Sale At Moghultoli Very Close To Shah Shuja Mosque,2.0,2.0,7,vacant,1050.0,cumilla,"৳4,200,000","Shah Shuja Mosque Road, Moghultoli",4200000.0
"In The Location Of Bproperty Village ,Rupganj A Nice Residential Plot Is For Sale.",,,,vacant,2160.0,narayanganj-city,"৳3,375,000","Rupganj, Narayanganj",3375000.0
A Perfect 5 Katha Residential Plot Is Available For Sale At Purbachal Marine City,,,,vacant,3600.0,narayanganj-city,"৳6,500,000","Rupganj, Narayanganj",6500000.0
"5 Katha Plot, now for sale in Bproperty Village",,,,vacant,3600.0,narayanganj-city,"৳7,625,000","Rupganj, Narayanganj",7625000.0
"In The Beautiful Neighborhood In Bproperty Village, Rupganj A 5 Katha Residential Plot Is Up For Sale.",,,,vacant,3600.0,narayanganj-city,"৳7,625,000","Rupganj, Narayanganj",7625000.0
"Check This 2160 Sq.Ft Residential Plot For Sale Which Is Located At Bproperty Village, Rupganj",,,,vacant,2160.0,narayanganj-city,"৳4,575,000","Rupganj, Narayanganj",4575000.0
Have A Look At This Plot Which Is Up For Sale Located At Bproperty Village,,,,vacant,3600.0,narayanganj-city,"৳5,625,000","Rupganj, Narayanganj",5625000.0
"Check This 5 Katha Nice Plot Is Up For Sale At Narayanganj, Bproperty Village",,,,vacant,3600.0,narayanganj-city,"৳7,625,000","Rupganj, Narayanganj",7625000.0
"Have A Look At This Plot Which Is Up For Sale Located At Rupganj, Bproperty Village",,,,vacant,2160.0,narayanganj-city,"৳3,375,000","Rupganj, Narayanganj",3375000.0
3 Katha nice Plot is available for sale in Bproperty Village,,,,vacant,2160.0,narayanganj-city,"৳4,575,000","Rupganj, Narayanganj",4575000.0
"A Plot Which Is Up For Sale In Bproperty Village, Rupganj",,,,vacant,2160.0,narayanganj-city,"৳4,575,000","Rupganj, Narayanganj",4575000.0
"A Five Katha Residential Plot Is Available For Sale In Bproperty Village, Narayanganj City.",,,,vacant,3600.0,narayanganj-city,"৳7,625,000","Rupganj, Narayanganj",7625000.0
"A Plot Which Is Up For Sale In Bproperty Village, Narayanganj",,,,vacant,2160.0,narayanganj-city,"৳4,575,000","Rupganj, Narayanganj",4575000.0
"This Five Katha Residential Plot Is Now Available For Sale In Narayanganj City, Bproperty Village",,,,vacant,3600.0,narayanganj-city,"৳7,625,000","Rupganj, Narayanganj",7625000.0
Invest In This Wonderful Plot In Bproperty Village Which Is Ready For Sale,,,,vacant,3600.0,narayanganj-city,"৳5,625,000","Rupganj, Narayanganj",5625000.0
"Plot For Sale In Rupganj Narayanganj, Bproperty Village",,,,vacant,3600.0,narayanganj-city,"৳7,625,000","Rupganj, Narayanganj",7625000.0
"Make This 5 Katha Plot Your Next Residing Location, Which Is Up For Sale In Bproperty Village",,,,vacant,3600.0,narayanganj-city,"৳7,625,000","Rupganj, Narayanganj",7625000.0
"Nice Residential 5 Katha Plot Can Be Found In Rupganj For Sale, Near Zinda Park",,,,vacant,3600.0,narayanganj-city,"৳7,625,000","Rupganj, Narayanganj",7625000.0
"Start Your New Home, In This 3 Katha Plot For Sale In Bproperty Village, Rupganj .",,,,vacant,2160.0,narayanganj-city,"৳4,575,000","Rupganj, Narayanganj",4575000.0
"A 3 Katha Plot Is Up For Sale In The Beautiful Location Of Rupganj, Bproperty Village, Narayanganj",,,,vacant,2160.0,narayanganj-city,"৳4,575,000","Rupganj, Narayanganj",4575000.0
In The Beautiful Neighborhood In Bproperty Village A Residential Plot For Sale,,,,vacant,2160.0,narayanganj-city,"৳4,575,000","Rupganj, Narayanganj",4575000.0
A 3 Katha Plot Is Up For Sale In The Beautiful Location Of Bproperty Village,,,,vacant,2160.0,narayanganj-city,"৳4,575,000","Rupganj, Narayanganj",4575000.0
"Take This Residential Plot Which Is Ready For Sale At Narayanganj City, Bproperty Village",,,,vacant,3600.0,narayanganj-city,"৳7,625,000","Rupganj, Narayanganj",7625000.0
3 Katha Plot is available for sale in Purbachal Marine City,,,,vacant,2160.0,narayanganj-city,"৳3,900,000","Rupganj, Narayanganj",3900000.0
"5 Katha Plot In Bproperty Village, Rupganj, Narayanganj Is Up For Sale",,,,vacant,3600.0,narayanganj-city,"৳7,625,000","Rupganj, Narayanganj",7625000.0
"5 Katha Plot In Rupganj, Bproperty Village Is Up For Sale",,,,vacant,3600.0,narayanganj-city,"৳7,625,000","Rupganj, Narayanganj",7625000.0
"Plot Of 5 Katha Is Up For Sale In Narayanganj, Rupganj, Bproperty Village",,,,vacant,3600.0,narayanganj-city,"৳7,625,000","Rupganj, Narayanganj",7625000.0
"A Residential Plot Of Three Katha Is Available For Sale In Narayanganj, Bproperty Village",,,,vacant,2160.0,narayanganj-city,"৳4,575,000","Rupganj, Narayanganj",4575000.0
"Plot Of 5 Katha Is Up For Sale In Bproperty Village, Narayanganj, Rupganj",,,,vacant,3600.0,narayanganj-city,"৳7,625,000","Rupganj, Narayanganj",7625000.0
"Get This Wonderful 3 Katha Plot In Bproperty Village, Which Is Ready For Sale",,,,vacant,2160.0,narayanganj-city,"৳3,375,000","Rupganj, Narayanganj",3375000.0
A 3 Katha Residential Plot For Sale In Purbachal American City,,,,vacant,2160.0,narayanganj-city,"৳4,575,000","Rupganj, Narayanganj",4575000.0
"In The Location Of Bproperty Village, Narayanganj This Residential Plot For Sale .",,,,vacant,2160.0,narayanganj-city,"৳4,575,000","Rupganj, Narayanganj",4575000.0
"See This 2160 Sq.Ft Residential Plot For Sale In Bproperty Village, Rupganj .",,,,vacant,2160.0,narayanganj-city,"৳4,575,000","Rupganj, Narayanganj",4575000.0
"A Residential Plot For Sale Which Is Located At Bproperty Village, Narayanganj City",,,,vacant,2160.0,narayanganj-city,"৳4,575,000","Rupganj, Narayanganj",4575000.0
"In Bproperty Village , A Standard Residential Plot Is For Sale",,,,vacant,2160.0,narayanganj-city,"৳4,575,000","Rupganj, Narayanganj",4575000.0
"Visit This Residential Plot For Sale In Bproperty Village, Rupganj .",,,,vacant,2160.0,narayanganj-city,"৳4,575,000","Rupganj, Narayanganj",4575000.0
"5 Katha Plot is now up for sale, in Bproperty Village",,,,vacant,3600.0,narayanganj-city,"৳7,625,000","Rupganj, Narayanganj",7625000.0
3 Katha Plot now up for sale in Bproperty Village,,,,vacant,2160.0,narayanganj-city,"৳4,575,000","Rupganj, Narayanganj",4575000.0
3 Katha Plot is now for sale in Bproperty Village,,,,vacant,2160.0,narayanganj-city,"৳4,575,000","Rupganj, Narayanganj",4575000.0
"3 Katha Plot, is now up for sale in Bproperty Village",,,,vacant,2160.0,narayanganj-city,"৳4,575,000","Rupganj, Narayanganj",4575000.0
"Plot Is Of 5 Katha For Sale In Narayanganj, Bproperty Village",,,,vacant,3600.0,narayanganj-city,"৳7,625,000","Rupganj, Narayanganj",7625000.0
"5 Katha Plot For Sale In Bproperty Village, Narayanganj",,,,vacant,3600.0,narayanganj-city,"৳7,625,000","Rupganj, Narayanganj",7625000.0
Get This Pleasant Plot In Bproperty Village Which Is Ready For Sale,,,,vacant,3600.0,narayanganj-city,"৳7,625,000","Rupganj, Narayanganj",7625000.0
"3 Katha Plot For Sale In Bproperty Village, Rupganj, Narayanganj",,,,vacant,2160.0,narayanganj-city,"৳4,575,000","Rupganj, Narayanganj",4575000.0
This 5 katha Plot Which Is Available In Bproperty Village For Sale Will Ensure Your Higher Quality Of Living,,,,vacant,3600.0,narayanganj-city,"৳5,000,000","Rupganj, Narayanganj",5000000.0
"A 3 Katha Plot Is For Sale At Rupganj, Bproperty Village",,,,vacant,2160.0,narayanganj-city,"৳4,575,000","Rupganj, Narayanganj",4575000.0
"In The Location Of Bproperty Village, Rupganj A Residential Plot Is For Sale",,,,vacant,2160.0,narayanganj-city,"৳4,575,000","Rupganj, Narayanganj",4575000.0
"4 Katha Exclusive Plot Is Ready For Sale In Purbachal American City, Narayanganj",,,,vacant,2880.0,narayanganj-city,"৳13,000,000","Rupganj, Narayanganj",13000000.0
Plot For Sale In A Suitable Place In Bproperty Village,,,Merin City - Purbach,vacant,2160.0,narayanganj-city,"৳4,575,000","Rupganj, Narayanganj",4575000.0
"Visit This 3 Katha Plot For Sale In Bproperty Village, Narayanganj, Rupganj",,,,vacant,2160.0,narayanganj-city,"৳4,575,000","Rupganj, Narayanganj",4575000.0
"5 Katha Plot for sale in Bproperty Village, Rupganj",,,,vacant,3600.0,narayanganj-city,"৳7,625,000","Rupganj, Narayanganj",7625000.0
"Take This Residential Plot Is Ready For Sale At Bproperty Village, Narayanganj",,,,vacant,2160.0,narayanganj-city,"৳4,575,000","Rupganj, Narayanganj",4575000.0
"In Bproperty Village , Rupganj A Large Residential Plot For Sale",,,,vacant,2160.0,narayanganj-city,"৳4,575,000","Rupganj, Narayanganj",4575000.0
"This Residential Plot In Bproperty Village, Rupganj With A Convenient Price Is Up For Sale",,,,vacant,3600.0,narayanganj-city,"৳7,625,000","Rupganj, Narayanganj",7625000.0
The Most Appealing Plot Is Up For Sale In Bproperty Village,,,,vacant,2160.0,narayanganj-city,"৳4,575,000","Rupganj, Narayanganj",4575000.0
"Check This Plot For Sale In Rupganj, Narayanganj, Bproperty Village",,,,vacant,2160.0,narayanganj-city,"৳4,575,000","Rupganj, Narayanganj",4575000.0
"A Residential Plot For Sale In Bproperty Village, Rupganj .",,,,vacant,3600.0,narayanganj-city,"৳7,625,000","Rupganj, Narayanganj",7625000.0
"Residential Plot For Sale In Bproperty Village, Rupganj",,,,vacant,2160.0,narayanganj-city,"৳4,575,000","Rupganj, Narayanganj",4575000.0
"A Plot of 12.5 Katha Is Available For Sale In Bproperty Village, Narayanganj",,,,vacant,9000.0,narayanganj-city,"৳15,000,000","Rupganj, Narayanganj",15000000.0
3 Katha Plot is for sale in Bproperty Village,,,,vacant,2160.0,narayanganj-city,"৳4,575,000","Rupganj, Narayanganj",4575000.0
"5 Katha Plot For Sale In Bproperty Village, Rupganj",,,,vacant,3600.0,narayanganj-city,"৳7,625,000","Rupganj, Narayanganj",7625000.0
"5 Katha Plot now for sale, in Bproperty Village",,,,vacant,3600.0,narayanganj-city,"৳7,625,000","Rupganj, Narayanganj",7625000.0
Look At This 5 Katha Plot Now For Sale In Bproperty Village Near To Rupganj Upazila Health Complex,,,,vacant,3600.0,narayanganj-city,"৳7,625,000","Rupganj, Narayanganj",7625000.0
5 Katha Plot Now For Sale In Bproperty Village Near Pitolganj Dakhil Madrasha,,,,vacant,3600.0,narayanganj-city,"৳7,625,000","Rupganj, Narayanganj",7625000.0
Next To Tan Mushri Madhya Para Jame Masjid 5 Katha Plot Now For Sale In Bproperty Village,,,,vacant,3600.0,narayanganj-city,"৳7,625,000","Rupganj, Narayanganj",7625000.0
"Residential Plot For Sale At Bproperty Village, Rupganj",,,,vacant,2160.0,narayanganj-city,"৳4,575,000","Rupganj, Narayanganj",4575000.0
A 3 Katha Plot Sale In Rupganj Bproperty Village.,,,,vacant,2160.0,narayanganj-city,"৳4,575,000","Rupganj, Narayanganj",4575000.0
"Plot For Sale In Narayanganj, Bproperty Village",,,,vacant,3600.0,narayanganj-city,"৳7,625,000","Rupganj, Narayanganj",7625000.0
A 3 katha Residential Plot Is For Sale In Bproperty Village,,,,vacant,2160.0,narayanganj-city,"৳4,575,000","Rupganj, Narayanganj",4575000.0
Three Katha Residential Plot Is Available For Sale In Bproperty Village,,,,vacant,2160.0,narayanganj-city,"৳4,575,000","Rupganj, Narayanganj",4575000.0
5 Katha Plot is available for sale in Bproperty Village,,,,vacant,3600.0,narayanganj-city,"৳7,625,000","Rupganj, Narayanganj",7625000.0
"A Plot Which Is Up For Sale In Bproperty Village, Rupganj, Narayanganj",,,,vacant,2160.0,narayanganj-city,"৳4,575,000","Rupganj, Narayanganj",4575000.0
In Bproperty Village A Standard Residential Plot For Sale,,,,vacant,2160.0,narayanganj-city,"৳4,575,000","Rupganj, Narayanganj",4575000.0
3 katha Residential Plot Is For Sale In Bproperty Village,,,,vacant,2160.0,narayanganj-city,"৳4,575,000","Rupganj, Narayanganj",4575000.0
5 Katha nice Plot is now for sale in Bproperty Village,,,,vacant,3600.0,narayanganj-city,"৳5,625,000","Rupganj, Narayanganj",5625000.0
"A 3 Katha Plot Is Up For Sale In The Beautiful Location Of Rupganj, Bproperty Village, Narayanganj City",,,,vacant,2160.0,narayanganj-city,"৳4,575,000","Rupganj, Narayanganj",4575000.0
"A 3 Katha Plot Is Up For Sale In The Beautiful Location Of Bproperty Village, Narayanganj",,,,vacant,2160.0,narayanganj-city,"৳4,575,000","Rupganj, Narayanganj",4575000.0
"A 3 Katha Plot Is Up For Sale In The Beautiful Location Of Bproperty Village, Rupganj",,,,vacant,2160.0,narayanganj-city,"৳3,375,000","Rupganj, Narayanganj",3375000.0
"A Perfect Residential Plot Is Available For Sale At Bproperty Village, Narayanganj",,,,vacant,3600.0,narayanganj-city,"৳7,625,000","Rupganj, Narayanganj",7625000.0
"We Have A Nice Plot Which Is Ready For Sale In Narayanganj City, Bproperty Village",,,,vacant,3600.0,narayanganj-city,"৳7,625,000","Rupganj, Narayanganj",7625000.0
"We Have A 5 Katha Nice Plot Which Is Ready For Sale In Rupganj, Bproperty Village",,,,vacant,3600.0,narayanganj-city,"৳7,625,000","Rupganj, Narayanganj",7625000.0
"Have A Look At This Plot Which Is Up For Sale Located At Rupganj, Bproperty Village",,,,vacant,3600.0,narayanganj-city,"৳7,625,000","Rupganj, Narayanganj",7625000.0
"Grab This 5 Katha Plot Ready For Sale In Narayanganj City, Rupganj",,,,vacant,3600.0,narayanganj-city,"৳12,000,000","Rupganj, Narayanganj",12000000.0
5 Katha Plot In Bproperty Village Is Up For Sale,,,,vacant,3600.0,narayanganj-city,"৳7,625,000","Rupganj, Narayanganj",7625000.0
"Plot Of 5 Katha Is Up For Sale In Bproperty Village, Rupganj, Narayanganj",,,,vacant,3600.0,narayanganj-city,"৳7,625,000","Rupganj, Narayanganj",7625000.0
"Grab This Plot Is Ready For Sale At Bproperty Village, Narayanganj",,,,vacant,2160.0,narayanganj-city,"৳3,375,000","Rupganj, Narayanganj",3375000.0
This Residential Plot In Rupganj Is Up For Sale In A Wonderful Neighborhood,,,,vacant,2160.0,narayanganj-city,"৳4,575,000","Rupganj, Narayanganj",4575000.0
At Bproperty Village ! A Nice Residential Plot For Sale,,,,vacant,2160.0,narayanganj-city,"৳4,575,000","Rupganj, Narayanganj",4575000.0
"A 2160 Sq.Ft Residential Plot For Sale In Bproperty Village, Rupganj .",,,,vacant,2160.0,narayanganj-city,"৳4,575,000","Rupganj, Narayanganj",4575000.0
3 Katha Plot is up for sale in Bproperty Village,,,,vacant,2160.0,narayanganj-city,"৳4,575,000","Rupganj, Narayanganj",4575000.0
3 Katha Plot is now up for sale in Rupganj,,,,vacant,2160.0,narayanganj-city,"৳4,575,000","Rupganj, Narayanganj",4575000.0
3 Katha Plot now up for sale in Bproperty Village,,,,vacant,2160.0,narayanganj-city,"৳3,375,000","Rupganj, Narayanganj",3375000.0
"5 Katha Plot For Sale In Bproperty Village, Rupganj, Narayanganj",,,,vacant,3600.0,narayanganj-city,"৳7,625,000","Rupganj, Narayanganj",7625000.0
"5 Katha Plot For Sale In Narayanganj, Rupganj, Bproperty Village",,,,vacant,3600.0,narayanganj-city,"৳7,625,000","Rupganj, Narayanganj",7625000.0
"5 Katha Plot For Sale In Rupganj, Bproperty Village Close To Rupgonj Police Station",,,,vacant,3600.0,narayanganj-city,"৳7,625,000","Rupganj, Narayanganj",7625000.0
"Well Organised 5 Katha Plot Is Ready For Sale In Bproperty Village, Narayanganj City",,,,vacant,3600.0,narayanganj-city,"৳7,625,000","Rupganj, Narayanganj",7625000.0
"For Sale, Residential Plot Is Situated In Bproperty Village",,,Merin City - Purbach,vacant,2160.0,narayanganj-city,"৳4,575,000","Rupganj, Narayanganj",4575000.0
"For Sale, Residential Plot Is Situated In Bproperty Village, Rupganj",,,,vacant,2160.0,narayanganj-city,"৳4,575,000","Rupganj, Narayanganj",4575000.0
"Check This Nice 3 Katha Plot Is Up For Sale At Bproperty Village, Rupganj",,,,vacant,2160.0,narayanganj-city,"৳3,000,000","Rupganj, Narayanganj",3000000.0
This 3 Katha Plot Is Available For Sale In Rupganj,,,,vacant,2160.0,narayanganj-city,"৳4,575,000","Rupganj, Narayanganj",4575000.0
"Plot For Sale In A Suitable Place In Bproperty Village, Narayanganj, Rupganj",,,Merin City - Purbach,vacant,2160.0,narayanganj-city,"৳4,575,000","Rupganj, Narayanganj",4575000.0
"Plot For Sale In A Suitable Place In Bproperty Village, Narayanganj",,,Merin City - Purbach,vacant,2160.0,narayanganj-city,"৳4,575,000","Rupganj, Narayanganj",4575000.0
5 Katha Plot Is Now For Sale Close To Rupgonj Police Station At Bproperty Village,,,,vacant,3600.0,narayanganj-city,"৳5,750,000","Rupganj, Narayanganj",5750000.0
"Residential Plot For Sale Covering A Beautiful Area In Bproperty Village, Rupganj .",,,,vacant,2160.0,narayanganj-city,"৳4,575,000","Rupganj, Narayanganj",4575000.0
"10 Katha Plot For Sale In Rupganj, Narayanganj",,,,vacant,7200.0,narayanganj-city,"৳15,250,000","Rupganj, Narayanganj",15250000.0
"A Residential Plot Is For Sale At Bproperty Village, Rupganj .",,,,vacant,3600.0,narayanganj-city,"৳7,625,000","Rupganj, Narayanganj",7625000.0
"5 katha Residential Plot Is For Sale At Bproperty Village, Rupganj .",,,,vacant,3600.0,narayanganj-city,"৳7,625,000","Rupganj, Narayanganj",7625000.0
"In Bproperty Village, This 5 Katha Residential Plot Is Available For Sale",,,,vacant,3600.0,narayanganj-city,"৳5,625,000","Rupganj, Narayanganj",5625000.0
"3 Katha Plot For Sale In Bproperty Village, Narayanganj",,,,vacant,2160.0,narayanganj-city,"৳3,600,000","Rupganj, Narayanganj",3600000.0
A 5 Katha Plot is now for sale in Bproperty Village Next To Mushory Baitul Nur Jame Moszid,,,,vacant,3600.0,narayanganj-city,"৳5,000,000","Rupganj, Narayanganj",5000000.0
"A 3 Katha Plot Up For Sale Is Located At Bproperty Village, Narayanganj",,,,vacant,2160.0,narayanganj-city,"৳4,575,000","Rupganj, Narayanganj",4575000.0
"See This Plot Up For Sale In Narayanganj, Bproperty Village",,,,vacant,2160.0,narayanganj-city,"৳4,575,000","Rupganj, Narayanganj",4575000.0
"Residential plot Is available for sale In Bproperty Village, Narayanganj",,,,vacant,2160.0,narayanganj-city,"৳4,575,000","Rupganj, Narayanganj",4575000.0
"A Plot Is Up For Sale In The Beautiful Location Of Bproperty Village, Rupganj",,,,vacant,2160.0,narayanganj-city,"৳4,575,000","Rupganj, Narayanganj",4575000.0
"A Plot Is Up For Sale In The Beautiful Location Of Bproperty Village, Narayanganj",,,,vacant,2160.0,narayanganj-city,"৳4,575,000","Rupganj, Narayanganj",4575000.0
"See This Plot In Bproperty Village, Rupganj Is Up For Sale",,,,vacant,2160.0,narayanganj-city,"৳4,575,000","Rupganj, Narayanganj",4575000.0
"A Plot Is Up For Sale In The Beautiful Location Of Narayanganj, Rupganj, Bproperty Village",,,,vacant,2160.0,narayanganj-city,"৳4,575,000","Rupganj, Narayanganj",4575000.0
"A Large 3 Katha Residential Plot For Sale In The Location Of Bproperty Village, Rupganj .",,,,vacant,2160.0,narayanganj-city,"৳4,575,000","Rupganj, Narayanganj",4575000.0
"In Bproperty Village , Rupganj A 3600 Sq.ft Plot Is For Sale",,,,vacant,3600.0,narayanganj-city,"৳7,625,000","Rupganj, Narayanganj",7625000.0
"A Plot Is Up For Sale In The Beautiful Location Of Bproperty Village, Narayanganj ,",,,,vacant,2160.0,narayanganj-city,"৳4,575,000","Rupganj, Narayanganj",4575000.0
"In The Beautiful Location Of Rupganj, Bproperty Village, A Plot Is Up For Sale",,,,vacant,2160.0,narayanganj-city,"৳4,575,000","Rupganj, Narayanganj",4575000.0
"In The Beautiful Location Of Narayanganj, Bproperty Village, A Plot Is Up For Sale",,,,vacant,2160.0,narayanganj-city,"৳4,575,000","Rupganj, Narayanganj",4575000.0
"Plot For Sale In A Suitable Place In Narayanganj, Bproperty Village",,,,vacant,2160.0,narayanganj-city,"৳3,375,000","Rupganj, Narayanganj",3375000.0
This Residential Plot At Bproperty Village Is Up For Sale.,,,,vacant,2160.0,narayanganj-city,"৳3,375,000","Rupganj, Narayanganj",3375000.0
"See This Residential Plot Is Available For Sale At Bproperty Village, Rupganj",,,,vacant,3600.0,narayanganj-city,"৳5,625,000","Rupganj, Narayanganj",5625000.0
3 katha Residential Plot Is For Sale In Purbachal Marine City,,,,vacant,2160.0,narayanganj-city,"৳3,900,000","Rupganj, Narayanganj",3900000.0
"In Purbachal Marine City, A Residential Plot Is Up For Sale",,,,vacant,2160.0,narayanganj-city,"৳3,900,000","Rupganj, Narayanganj",3900000.0
"This 5 katha Plot In Bproperty Village, Is Up For Sale With An Area Of 3600 Sq.ft",,,,vacant,3600.0,narayanganj-city,"৳7,625,000","Rupganj, Narayanganj",7625000.0
"A Plot Is Waiting For Sale At Rupganj, Bproperty Village",,,,vacant,2160.0,narayanganj-city,"৳4,575,000","Rupganj, Narayanganj",4575000.0
"We Have A 2160 Sq.Ft Plot For Sale In Bproperty Village , Rupganj .",,,,vacant,2160.0,narayanganj-city,"৳4,575,000","Rupganj, Narayanganj",4575000.0
5 Katha Plot Is Now For Sale In Bproperty Village Close To Mushory Baitul Nur Jame Moszid,,,,vacant,3600.0,narayanganj-city,"৳5,000,000","Rupganj, Narayanganj",5000000.0
5 Katha Plot Is For Sale In Bproperty Village -Narayanganj,,,,vacant,3600.0,narayanganj-city,"৳5,750,000","Rupganj, Narayanganj",5750000.0
"Visit This Plot For Sale In Bproperty Village, Rupganj",,,,vacant,2160.0,narayanganj-city,"৳4,575,000","Rupganj, Narayanganj",4575000.0
"A 3 Katha Residential Plot Is For Sale At Bproperty Village, Rupganj .",,,,vacant,2160.0,narayanganj-city,"৳4,575,000","Rupganj, Narayanganj",4575000.0
"5 Katha Plot for sale in Rupganj, Bproperty Village Beside To Rupgonj Police Station",,,,vacant,3600.0,narayanganj-city,"৳7,625,000","Rupganj, Narayanganj",7625000.0
Residential 10 Katha Plot For Sale In Rupganj Near Zinda Park,,,,vacant,7200.0,narayanganj-city,"৳15,250,000","Rupganj, Narayanganj",15250000.0
5 Katha Large Plot For Sale In Bproperty Village.,,,,vacant,3600.0,narayanganj-city,"৳7,625,000","Rupganj, Narayanganj",7625000.0
At Purbachal American City A Nice Residential Plot Space Is For Sale,,,,vacant,2160.0,narayanganj-city,"৳4,575,000","Rupganj, Narayanganj",4575000.0
"A Perfect Residential Plot Of 5 Katha Is Available For Sale At Narayanganj City, Bproperty Village",,,,vacant,3600.0,narayanganj-city,"৳7,625,000","Rupganj, Narayanganj",7625000.0
"In The Beautiful Location Of Bproperty Village, Narayanganj, A Plot Is Up For Sale",,,,vacant,2160.0,narayanganj-city,"৳4,575,000","Rupganj, Narayanganj",4575000.0
"In The Beautiful Location Of Bproperty Village, Rupganj, A Plot Is Up For Sale",,,Merin City - Purbach,vacant,2160.0,narayanganj-city,"৳4,575,000","Rupganj, Narayanganj",4575000.0
"For Sale, Residential Plot Is Situated In Narayanganj, Bproperty Village",,,,vacant,2160.0,narayanganj-city,"৳4,575,000","Rupganj, Narayanganj",4575000.0
Residential Plot Is Available For Sale In Bproperty Village,,,,vacant,2160.0,narayanganj-city,"৳4,575,000","Rupganj, Narayanganj",4575000.0
"Get This Wonderful 3 Katha Plot In Bproperty Village, Which Is Ready For Sale",,,,vacant,2160.0,narayanganj-city,"৳3,000,000","Rupganj, Narayanganj",3000000.0
A Perfect Residential Plot Is Available For Sale At Bproperty Village,,,,vacant,2160.0,narayanganj-city,"৳3,000,000","Rupganj, Narayanganj",3000000.0
"Grab This Nice Plot Is Available For Sale In Bproperty Village, Rupganj",,,,vacant,2160.0,narayanganj-city,"৳4,575,000","Rupganj, Narayanganj",4575000.0
Residential Plot Is Available For Sale In Rupganj Narayanganj,,,,vacant,2160.0,narayanganj-city,"৳4,575,000","Rupganj, Narayanganj",4575000.0
"3 Katha Plot is now available for sale in Bproperty Village, Rupganj",,,,vacant,2160.0,narayanganj-city,"৳4,575,000","Rupganj, Narayanganj",4575000.0
"3 Katha Plot Is Now Available For Sale In Narayanganj, Bproperty Village",,,,vacant,2160.0,narayanganj-city,"৳4,575,000","Rupganj, Narayanganj",4575000.0
"In The Location Of Bproperty Village, A 3 Katha Plot Is Up For Sale",,,,vacant,2160.0,narayanganj-city,"৳4,575,000","Rupganj, Narayanganj",4575000.0
Attention Plot Finders! A 2.5 Katha Plot Is Up For Sale At South Sanarpar .,,,,vacant,1800.0,narayanganj-city,"৳6,300,000","Sanarpar, Shiddhirganj",6300000.0
"12 Katha Residential Plot Is Available For Sale In Purbachal Marine City, Narayanganj",,,,vacant,8640.0,narayanganj-city,"৳14,000,000","Rupganj, Narayanganj",14000000.0
"5 Katha Plot Is Now Available For Sale In Narayanganj, Kanchan, Purbachal American City",,,,vacant,3600.0,narayanganj-city,"৳18,000,000","Rupganj, Narayanganj",18000000.0
"4 Katha Plot Is Ready For Sale In Narayanganj, Purbachal American City",,,,vacant,2880.0,narayanganj-city,"৳14,000,000","Rupganj, Narayanganj",14000000.0
"2.8 Katha Plot Is Now Available For Sale In Narayanganj, Kanchan",,,,vacant,2016.0,narayanganj-city,"৳11,500,000","Rupganj, Narayanganj",11500000.0
Well Organized 5 Katha Plot Is Ready For Sale In Purbachal Marine City,,,,vacant,3600.0,narayanganj-city,"৳6,500,000","Rupganj, Narayanganj",6500000.0
A 5 katha Residential Plot For Sale In The Location Of Purbachal Marine City,,,,vacant,3600.0,narayanganj-city,"৳6,500,000","Rupganj, Narayanganj",6500000.0
Visit This 3 Katha Plot For Sale In Purbachal Marine City,,,,vacant,2160.0,narayanganj-city,"৳3,900,000","Rupganj, Narayanganj",3900000.0
3 Katha Plot Is Ready For Sale In Purbachal Marine City,,,,vacant,2160.0,narayanganj-city,"৳3,900,000","Rupganj, Narayanganj",3900000.0
5 Katha Plot now for sale in Bproperty Village Very Next To Mushuri Takwa Jame Masjid,,,,vacant,3600.0,narayanganj-city,"৳7,625,000","Rupganj, Narayanganj",7625000.0
5 Katha nice Plot now for sale in Bproperty Village,,,,vacant,3600.0,narayanganj-city,"৳7,625,000","Rupganj, Narayanganj",7625000.0
5 Katha fine Plot now for sale in Bproperty Village,,,,vacant,3600.0,narayanganj-city,"৳7,625,000","Rupganj, Narayanganj",7625000.0
5 Katha very nice Plot now for sale in Bproperty Village,,,,vacant,3600.0,narayanganj-city,"৳7,625,000","Rupganj, Narayanganj",7625000.0
Close To Tan Mushri Madhya Para Jame Masjid 5 Katha Plot Now For Sale In Bproperty Village,,,,vacant,3600.0,narayanganj-city,"৳7,625,000","Rupganj, Narayanganj",7625000.0
"A 5 Katha Plot Is Up For Sale In Bproperty Village, Narayanganj",,,,vacant,3600.0,narayanganj-city,"৳7,625,000","Rupganj, Narayanganj",7625000.0
3 Katha Plot is available for sale in Bproperty Village,,,,vacant,2160.0,narayanganj-city,"৳4,575,000","Rupganj, Narayanganj",4575000.0
Get This Wonderful Five Katha Plot In Bproperty Village Which Is Ready For Sale,,,,vacant,3600.0,narayanganj-city,"৳5,625,000","Rupganj, Narayanganj",5625000.0
"Grab This Plot Is Ready For Sale At Rupganj, Bproperty Village",,,,vacant,3600.0,narayanganj-city,"৳5,625,000","Rupganj, Narayanganj",5625000.0
"A 3 Katha Plot Is Up For Sale In The Beautiful Location Of Narayanganj, Rupganj, Bproperty Village",,,,vacant,2160.0,narayanganj-city,"৳4,575,000","Rupganj, Narayanganj",4575000.0
A Beautiful Residential 10 Katha Plot Is Up For Sale At Rupganj Near Zinda Park,,,,vacant,7200.0,narayanganj-city,"৳13,500,000","Rupganj, Narayanganj",13500000.0
Have A Look At This Plot Which Is Up For Sale Located At Bproperty Village,,,,vacant,3600.0,narayanganj-city,"৳6,000,000","Rupganj, Narayanganj",6000000.0
5 Katha nice Plot is now for sale in Bproperty Village,,,,vacant,3600.0,narayanganj-city,"৳6,000,000","Rupganj, Narayanganj",6000000.0
Meet With A Fascinating Ready Plot For Sale In Purbachal Marine City,,,,vacant,3600.0,narayanganj-city,"৳6,500,000","Rupganj, Narayanganj",6500000.0
3 Katha Plot is now for sale in Purbachal Marine City,,,,vacant,2160.0,narayanganj-city,"৳3,900,000","Rupganj, Narayanganj",3900000.0
"Grab This Nice Plot Is Available For Sale In Purbachal Marine City, Purbachal Marine City",,,,vacant,3600.0,narayanganj-city,"৳6,500,000","Rupganj, Narayanganj",6500000.0
"5 Katha Plot In Bproperty Village, Narayanganj Is Up For Sale",,,,vacant,3600.0,narayanganj-city,"৳7,625,000","Rupganj, Narayanganj",7625000.0
"Grab This Plot Is Ready For Sale At Bproperty Village, Narayanganj",,,,vacant,2160.0,narayanganj-city,"৳4,575,000","Rupganj, Narayanganj",4575000.0
"Plot Of 5 Katha Is Up For Sale In Bproperty Village, Rupganj",,,,vacant,3600.0,narayanganj-city,"৳7,625,000","Rupganj, Narayanganj",7625000.0
"Plot Of 5 Katha Is Up For Sale In Bproperty Village, Narayanganj",,,,vacant,3600.0,narayanganj-city,"৳7,625,000","Rupganj, Narayanganj",7625000.0
"Grab This Nice 3 Katha Plot Is Available For Sale In Rupganj, Bproperty Village",,,,vacant,2160.0,narayanganj-city,"৳4,575,000","Rupganj, Narayanganj",4575000.0
"Residential Plot For Sale In Bproperty Village, Rupganj .",,,,vacant,2160.0,narayanganj-city,"৳4,575,000","Rupganj, Narayanganj",4575000.0
"Visit This Large Residential Plot For Sale In The Location Of Narayanganj ,Bproperty Village.",,,,vacant,2160.0,narayanganj-city,"৳4,575,000","Rupganj, Narayanganj",4575000.0
"This Residential Plot Of 3 Katha Is Up For Sale In Bproperty Village, Rupganj .",,,,vacant,2160.0,narayanganj-city,"৳4,575,000","Rupganj, Narayanganj",4575000.0
In The Location Of Bproperty Village Narayanganj This Large Residential Plot Is Up For Sale,,,,vacant,2160.0,narayanganj-city,"৳4,575,000","Rupganj, Narayanganj",4575000.0
Check This Residential Plot For Sale In Narayanganj Bproperty Village .,,,,vacant,2160.0,narayanganj-city,"৳4,575,000","Rupganj, Narayanganj",4575000.0
"3 Katha Residential Plot For Sale Covering A Beautiful Area In Bproperty Village,Narayanganj",,,,vacant,2160.0,narayanganj-city,"৳4,575,000","Rupganj, Narayanganj",4575000.0
At Bproperty Village 5 Katha Plot Is Now For Sale Beside To Rupganj Upazila Health Complex,,,,vacant,3600.0,narayanganj-city,"৳5,250,000","Rupganj, Narayanganj",5250000.0
"This Plot At Rupganj, Bproperty Village Is Up For Sale.",,,,vacant,2160.0,narayanganj-city,"৳4,575,000","Rupganj, Narayanganj",4575000.0
"For Selling Purpose This Residential Plot Is Now Available In Bproperty Village, Rupganj.",,,,vacant,9000.0,narayanganj-city,"৳12,500,000","Rupganj, Narayanganj",12500000.0
"In The Location Of Bproperty Village, This 5 katha Large Residential Plot Is Up For Sale",,,,vacant,3600.0,narayanganj-city,"৳5,000,000","Rupganj, Narayanganj",5000000.0
"5 Katha Plot is now available for sale in Bproperty Village, Rupganj",,,,vacant,3600.0,narayanganj-city,"৳7,625,000","Rupganj, Narayanganj",7625000.0
"Looking For A Tasteful Residential Plot For Sale In Bproperty Village, Rupganj ? Check This One",,,,vacant,2160.0,narayanganj-city,"৳4,575,000","Rupganj, Narayanganj",4575000.0
"A Plot Up For Sale Is Located At Bproperty Village, Narayanganj",,,,vacant,2160.0,narayanganj-city,"৳3,150,000","Rupganj, Narayanganj",3150000.0
"Visit This Residential Plot For Sale In Bproperty Village, Rupganj",,,,vacant,3600.0,narayanganj-city,"৳7,625,000","Rupganj, Narayanganj",7625000.0
"Plot For Sale In A Suitable Place In Narayanganj, Rupganj, Bproperty Village",,,Merin City - Purbach,vacant,2160.0,narayanganj-city,"৳4,575,000","Rupganj, Narayanganj",4575000.0
"5 Katha Plot is now available for sale in Rupganj, Bproperty Village",,,,vacant,3600.0,narayanganj-city,"৳7,625,000","Rupganj, Narayanganj",7625000.0
"3 Khatha Plot For Sale In Narayanganj, Rupganj, Bproperty Village",,,,vacant,2160.0,narayanganj-city,"৳4,575,000","Rupganj, Narayanganj",4575000.0
"5 Katha Plot Is Now Available For Sale In Rupganj, Kanchan, Purbachal American City",,,,vacant,3600.0,narayanganj-city,"৳18,000,000","Rupganj, Narayanganj",18000000.0
"5 Katha Plot Is Now Available For Sale In Rupganj, Narayanganj City, Purbachal American City",,,,vacant,3600.0,narayanganj-city,"৳18,000,000","Rupganj, Narayanganj",18000000.0
Take This Residential Plot Is For Sale At Rupganj Area Nearby Zinda Park,,,,vacant,3600.0,narayanganj-city,"৳7,625,000","Rupganj, Narayanganj",7625000.0
"A 3 katha Residential Plot Is For Sale At Rupganj , Bproperty Village.",,,,vacant,2160.0,narayanganj-city,"৳4,575,000","Rupganj, Narayanganj",4575000.0
This 5 Katha Plot Which Is Available In Bproperty Village For Sale Will Ensure Your Higher Quality Of Living,,,,vacant,3600.0,narayanganj-city,"৳5,000,000","Rupganj, Narayanganj",5000000.0
"Wonderful Plot Is For Sale In Bproperty Village, Narayanganj",,,,vacant,2160.0,narayanganj-city,"৳4,575,000","Rupganj, Narayanganj",4575000.0
A Plot Is Available For Sale In Bproperty Village,,,,vacant,2160.0,narayanganj-city,"৳4,575,000","Rupganj, Narayanganj",4575000.0
5 Katha Plot is now for sale in Bproperty Village Very Close To Rupganj Upazila Health Complex,,,,vacant,3600.0,narayanganj-city,"৳5,750,000","Rupganj, Narayanganj",5750000.0
5 Katha Plot is now for sale in Bproperty Village Close To Rupganj Upazila Health Complex,,,,vacant,3600.0,narayanganj-city,"৳5,000,000","Rupganj, Narayanganj",5000000.0
"In Bproperty Village, Rupganj A Standard Residential Plot For Sale.",,,,vacant,2160.0,narayanganj-city,"৳4,575,000","Rupganj, Narayanganj",4575000.0
"Take This 5 Katha Residential Plot Which Is Ready For Sale At Bproperty Village, Narayanganj",,,,vacant,3600.0,narayanganj-city,"৳7,625,000","Rupganj, Narayanganj",7625000.0
"A Plot Is Up For Sale In The Beautiful Location Of Bproperty Village, Narayanganj, Rupganj",,,,vacant,2160.0,narayanganj-city,"৳4,575,000","Rupganj, Narayanganj",4575000.0
"Have a look at this plot which is up for sale located at Bproperty Village, Narayanganj",,,,vacant,2160.0,narayanganj-city,"৳4,575,000","Rupganj, Narayanganj",4575000.0
Residential Ready Plot Is Available For Sale In Bproperty Village,,,,vacant,2160.0,narayanganj-city,"৳4,575,000","Rupganj, Narayanganj",4575000.0
Take This Residential Plot Is Ready For Sale At Bproperty Village,,,,vacant,2160.0,narayanganj-city,"৳4,575,000","Rupganj, Narayanganj",4575000.0
"Visit This Nice Plot Is Up For Sale At Bproperty Village, Rupganj",,,,vacant,2160.0,narayanganj-city,"৳3,000,000","Rupganj, Narayanganj",3000000.0
"This Plot Is Now Available For Sale In Bproperty Village, Narayanganj",,,,vacant,2160.0,narayanganj-city,"৳4,575,000","Rupganj, Narayanganj",4575000.0
"Remarkable Plot Is Up For Sale In Narayanganj, Bproperty Village",,,,vacant,2160.0,narayanganj-city,"৳3,000,000","Rupganj, Narayanganj",3000000.0
"5 Katha Plot for sale in Bproperty Village, Narayanganj",,,,vacant,3600.0,narayanganj-city,"৳5,000,000","Rupganj, Narayanganj",5000000.0
"A Plot For Sale Is In Bproperty Village, Rupganj",,,,vacant,2160.0,narayanganj-city,"৳4,575,000","Rupganj, Narayanganj",4575000.0
"Take This Plot For Sale In Bproperty Village, Rupganj",,,,vacant,2160.0,narayanganj-city,"৳3,600,000","Rupganj, Narayanganj",3600000.0
"5 Katha nice Plot for sale in Bproperty Village, Rupganj",,,,vacant,3600.0,narayanganj-city,"৳7,625,000","Rupganj, Narayanganj",7625000.0
5 Katha Plot now up for sale in Bproperty Village,,,,vacant,3600.0,narayanganj-city,"৳7,625,000","Rupganj, Narayanganj",7625000.0
"Plot For Sale In Bproperty Village, Rupganj, Narayanganj",,,,vacant,3600.0,narayanganj-city,"৳7,625,000","Rupganj, Narayanganj",7625000.0
In Bproperty Village Rupganj A Residential Plot Is For Sale,,,,vacant,2160.0,narayanganj-city,"৳4,575,000","Rupganj, Narayanganj",4575000.0
"Plot For Sale In Bproperty Village, Rupganj",,,,vacant,3600.0,narayanganj-city,"৳7,625,000","Rupganj, Narayanganj",7625000.0
"Have A Look At This Three Katha Plot Which Is Up For Sale Located At Rupganj, Bproperty Village",,,,vacant,2160.0,narayanganj-city,"৳4,575,000","Rupganj, Narayanganj",4575000.0
"A Plot Which Is Up For Sale In Narayanganj, Bproperty Village",,,,vacant,2160.0,narayanganj-city,"৳4,575,000","Rupganj, Narayanganj",4575000.0
5 Katha Plot is now available for sale in Purbachal Marine City,,,,vacant,3600.0,narayanganj-city,"৳6,500,000","Rupganj, Narayanganj",6500000.0
"Residential Plot Is Available For Sale In Bproperty Village, Narayanganj City.",,,,vacant,3600.0,narayanganj-city,"৳7,625,000","Rupganj, Narayanganj",7625000.0
A Large 5 Katha Residential Plot For Sale In Purbachal Marine City,,,,vacant,3600.0,narayanganj-city,"৳6,500,000","Rupganj, Narayanganj",6500000.0
"Meet With A Fascinating Ready Plot For Sale In Rupganj, Bproperty Village",,,,vacant,3600.0,narayanganj-city,"৳7,625,000","Rupganj, Narayanganj",7625000.0
5 Katha Ready Plot For Sale In Purbachal Marine City,,,,vacant,3600.0,narayanganj-city,"৳6,500,000","Rupganj, Narayanganj",6500000.0
"5 Katha Plot is now available for sale in Narayanganj, Bproperty Village",,,,vacant,3600.0,narayanganj-city,"৳7,625,000","Rupganj, Narayanganj",7625000.0
Attention Plot Finders! A 5 Katha Plot Is Up For Sale In Bproperty Village,,,,vacant,3600.0,narayanganj-city,"৳7,625,000","Rupganj, Narayanganj",7625000.0
"A 3 Katha Plot Is Up For Sale In The Beautiful Location Of Narayanganj, Bproperty Village",,,,vacant,2160.0,narayanganj-city,"৳4,575,000","Rupganj, Narayanganj",4575000.0
"In The Location Of Bproperty Village Rupganj , A Large Residential Plot For Sale",,,,vacant,2160.0,narayanganj-city,"৳4,575,000","Rupganj, Narayanganj",4575000.0
"Grab This Nice Plot Is Available For Sale In Bproperty Village, Narayanganj",,,,vacant,3600.0,narayanganj-city,"৳7,625,000","Rupganj, Narayanganj",7625000.0
"Well Organised Plot Is Ready For Sale In Bproperty Village, Narayanganj",,,,vacant,3600.0,narayanganj-city,"৳5,625,000","Rupganj, Narayanganj",5625000.0
"Plot Of 5 Katha Is Up For Sale In Narayanganj, Bproperty Village",,,,vacant,3600.0,narayanganj-city,"৳7,625,000","Rupganj, Narayanganj",7625000.0
"Grab This Three Katha Plot Is Available For Sale In Narayanganj, Bproperty Village",,,,vacant,2160.0,narayanganj-city,"৳4,575,000","Rupganj, Narayanganj",4575000.0
Plot Of 5 Katha Is Up For Sale In Bproperty Village,,,,vacant,3600.0,narayanganj-city,"৳7,625,000","Rupganj, Narayanganj",7625000.0
"A Perfect 3 Katha Residential Plot Is Available For Sale At Bproperty Village, Narayanganj",,,,vacant,2160.0,narayanganj-city,"৳3,375,000","Rupganj, Narayanganj",3375000.0
An Affordable Residential Plot For Sale In Purbachal American City,,,,vacant,2160.0,narayanganj-city,"৳4,575,000","Rupganj, Narayanganj",4575000.0
"A 2160 Square Feet Residential Plot Is For Sale In The Location Of Bproperty Village, Rupganj .",,,,vacant,2160.0,narayanganj-city,"৳4,575,000","Rupganj, Narayanganj",4575000.0
This 2160 Sq. Ft. Residential Plot For Sale In Bproperty Village Narayanganj .,,,,vacant,2160.0,narayanganj-city,"৳4,575,000","Rupganj, Narayanganj",4575000.0
"A 2160 Sq.Ft Plot Is For Sale In Narayanganj ,Bproperty Village.",,,,vacant,2160.0,narayanganj-city,"৳4,575,000","Rupganj, Narayanganj",4575000.0
"See This Residential Plot In Bproperty Village, Rupganj Is For Sale",,,,vacant,2160.0,narayanganj-city,"৳4,575,000","Rupganj, Narayanganj",4575000.0
Nice 5 Katha Plot is now up for sale in Bproperty Village,,,,vacant,3600.0,narayanganj-city,"৳6,000,000","Rupganj, Narayanganj",6000000.0
Beautiful 5 Katha Plot is now up for sale in Bproperty Village,,,,vacant,3600.0,narayanganj-city,"৳7,625,000","Rupganj, Narayanganj",7625000.0
3 Katha nice Plot is now up for sale in Bproperty Village,,,,vacant,2160.0,narayanganj-city,"৳4,575,000","Rupganj, Narayanganj",4575000.0
3 Katha beautiful Plot is now up for sale in Bproperty Village,,,,vacant,2160.0,narayanganj-city,"৳4,575,000","Rupganj, Narayanganj",4575000.0
Near By Rupgonj Police Station 5 Katha Plot Now For Sale In Bproperty Village,,,,vacant,3600.0,narayanganj-city,"৳7,625,000","Rupganj, Narayanganj",7625000.0
"3 Katha Plot is now available for sale in Bproperty Village, Narayanganj City",,,,vacant,2160.0,narayanganj-city,"৳4,575,000","Rupganj, Narayanganj",4575000.0
"3 Katha Residential Plot For Sale In Bproperty Village, Narayanganj",,,,vacant,2160.0,narayanganj-city,"৳4,575,000","Rupganj, Narayanganj",4575000.0
"Grab This Five Katha Plot Is Ready For Sale At Narayanganj, Bproperty Village",,,,vacant,3600.0,narayanganj-city,"৳7,625,000","Rupganj, Narayanganj",7625000.0
Available In Purbachal Marine City A 5 Katha Residential Plot Is Up For Sale,,,,vacant,3600.0,narayanganj-city,"৳6,500,000","Rupganj, Narayanganj",6500000.0
Visit This Plot For Sale In Purbachal Marine City,,,,vacant,3600.0,narayanganj-city,"৳6,500,000","Rupganj, Narayanganj",6500000.0
"A 3 Katha Plot Is Up For Sale In The Beautiful Location Of Bproperty Village, Rupganj",,,,vacant,2160.0,narayanganj-city,"৳4,575,000","Rupganj, Narayanganj",4575000.0
In The Location Of Purbachal Marine City A 3 katha Plot Is For Sale.,,,,vacant,2160.0,narayanganj-city,"৳3,900,000","Rupganj, Narayanganj",3900000.0
Residential Plot For Sale In Purbachal Marine City,,,,vacant,2160.0,narayanganj-city,"৳3,900,000","Rupganj, Narayanganj",3900000.0
Ready Plot For Sale In Purbachal Marine City,,,,vacant,2160.0,narayanganj-city,"৳3,900,000","Rupganj, Narayanganj",3900000.0
Take This Residential Plot Which Is Ready For Sale At Purbachal Marine City,,,,vacant,3600.0,narayanganj-city,"৳6,500,000","Rupganj, Narayanganj",6500000.0
"3 Katha Plot For Sale In Bproperty Village, Narayanganj",,,,vacant,2160.0,narayanganj-city,"৳3,150,000","Rupganj, Narayanganj",3150000.0
A 5 Katha Plot Which Is Available For Sale In Bproperty Village,,,,vacant,3600.0,narayanganj-city,"৳5,750,000","Rupganj, Narayanganj",5750000.0
In The Location Of Bproperty Village A Residential Plot Is For Sale,,,,vacant,2160.0,narayanganj-city,"৳3,375,000","Rupganj, Narayanganj",3375000.0
"A Large Plot Of 3600 Square Feet Is For Sale In Rupganj, Bproperty Village",,,,vacant,3600.0,narayanganj-city,"৳5,250,000","Rupganj, Narayanganj",5250000.0
"A Plot Is Up For Sale In The Beautiful Location Of Bproperty Village, Rupganj, Narayanganj",,,,vacant,2160.0,narayanganj-city,"৳4,575,000","Rupganj, Narayanganj",4575000.0
"Grab This Lucrative Offer Of Buying This 5 Katha Plot In Rupganj, S M Aabashon Ltd",,,,vacant,3600.0,narayanganj-city,"৳8,000,000","Rupganj, Narayanganj",8000000.0
"Offering You A Plot Which Is For Sale In Rupganj, Bproperty Village",,,,vacant,2160.0,narayanganj-city,"৳4,575,000","Rupganj, Narayanganj",4575000.0
"Three Katha Plot For Sale In Rupganj, Bproperty Village",,,,vacant,2160.0,narayanganj-city,"৳4,575,000","Rupganj, Narayanganj",4575000.0
"5 Katha Plot for sale, in Bproperty Village",,,,vacant,3600.0,narayanganj-city,"৳7,625,000","Rupganj, Narayanganj",7625000.0
"Start Your New Home, In This 3 Katha Residential Plot For Sale In Bproperty Village, Rupganj .",,,,vacant,2160.0,narayanganj-city,"৳4,575,000","Rupganj, Narayanganj",4575000.0
"A Residential Plot For Sale In The Location Of Bproperty Village, Rupganj .",,,,vacant,3600.0,narayanganj-city,"৳6,000,000","Rupganj, Narayanganj",6000000.0
5 Katha fine Plot is now for sale in Bproperty Village,,,,vacant,3600.0,narayanganj-city,"৳7,625,000","Rupganj, Narayanganj",7625000.0
"5 Katha Plot is now available for sale in Bproperty Village, Narayanganj City",,,,vacant,3600.0,narayanganj-city,"৳7,625,000","Rupganj, Narayanganj",7625000.0
"In A Nice Environment A Residential Plot Is For Sale At Bproperty Village, Rupganj",,,,vacant,3600.0,narayanganj-city,"৳7,625,000","Rupganj, Narayanganj",7625000.0
In The Location Of Bproperty Village A Residential Plot Is For Sale.,,,,vacant,2160.0,narayanganj-city,"৳4,575,000","Rupganj, Narayanganj",4575000.0
"Visit This 5 Katha Plot Is For Sale, In Bproperty Village",,,,vacant,3600.0,narayanganj-city,"৳7,625,000","Rupganj, Narayanganj",7625000.0
"In Bproperty Village,rupganj This 5 Katha Residential Plot Is For Sale",,,,vacant,3600.0,narayanganj-city,"৳7,625,000","Rupganj, Narayanganj",7625000.0
"In Rupganj, Bproperty Village, Plot Is Up For Sale",,,,vacant,2160.0,narayanganj-city,"৳4,575,000","Rupganj, Narayanganj",4575000.0
"Well Organised 3 Katha Plot Is Ready For Sale In Bproperty Village, Rupganj",,,,vacant,2160.0,narayanganj-city,"৳4,575,000","Rupganj, Narayanganj",4575000.0
3 Katha Plot is now available for sale in Purbachal Marine City,,,,vacant,2184.0,narayanganj-city,"৳3,900,000","Rupganj, Narayanganj",3900000.0
"Plot Of 5 Katha Is Up For Sale In Rupganj, Narayanganj, Bproperty Village",,,,vacant,3600.0,narayanganj-city,"৳7,625,000","Rupganj, Narayanganj",7625000.0
"Get This Wonderful Plot In Bproperty Village Which Is Ready For Sale, For Your Better Residential Future",,,,vacant,2160.0,narayanganj-city,"৳4,575,000","Rupganj, Narayanganj",4575000.0
"Have A Look At This 3 Katha Plot Which Is Up For Sale Located At Rupganj, Bproperty Village",,,,vacant,2160.0,narayanganj-city,"৳4,575,000","Rupganj, Narayanganj",4575000.0
"Three Katha Residential Plot Is Available For Sale In Rupganj, Bproperty Village",,,,vacant,2160.0,narayanganj-city,"৳4,575,000","Rupganj, Narayanganj",4575000.0
"In Bproperty Village , Rupganj A Standard Plot Space Is For Sale .",,,,vacant,2160.0,narayanganj-city,"৳3,375,000","Rupganj, Narayanganj",3375000.0
This Residential Plot For Sale In Purbachal American City,,,,vacant,2160.0,narayanganj-city,"৳4,575,000","Rupganj, Narayanganj",4575000.0
"Available In Narayanganj City, Bproperty Village A Residential Plot For Sale",,,,vacant,2160.0,narayanganj-city,"৳4,575,000","Rupganj, Narayanganj",4575000.0
"We Have A 2160 Sq.Ft Plot For Sale In Bproperty Village, Rupganj .",,,,vacant,2160.0,narayanganj-city,"৳4,575,000","Rupganj, Narayanganj",4575000.0
"A Large Residential Plot For Sale In Bproperty Village, Rupganj",,,,vacant,2160.0,narayanganj-city,"৳4,575,000","Rupganj, Narayanganj",4575000.0
In Bproperty Village A Large Plot Space Is For Sale,,,,vacant,2160.0,narayanganj-city,"৳4,575,000","Rupganj, Narayanganj",4575000.0
"Plot Is Of 5 Katha For Sale In Narayanganj, Rupganj, Bproperty Village",,,,vacant,3600.0,narayanganj-city,"৳7,625,000","Rupganj, Narayanganj",7625000.0
5 Katha Plot is now up for sale in Bproperty Village,,,,vacant,3600.0,narayanganj-city,"৳7,625,000","Rupganj, Narayanganj",7625000.0
"Plot Is Of 5 Katha For Sale In Bproperty Village, Rupganj, Narayanganj",,,,vacant,3600.0,narayanganj-city,"৳7,625,000","Rupganj, Narayanganj",7625000.0
"Plot Is Of 5 Katha For Sale In Bproperty Village, Rupganj",,,,vacant,3600.0,narayanganj-city,"৳7,625,000","Rupganj, Narayanganj",7625000.0
"Plot Is Of 5 Katha For Sale In Rupganj, Bproperty Village",,,,vacant,3600.0,narayanganj-city,"৳7,625,000","Rupganj, Narayanganj",7625000.0
Plot Is Of 5 Katha For Sale In Bproperty Village,,,,vacant,3600.0,narayanganj-city,"৳7,625,000","Rupganj, Narayanganj",7625000.0
"This 5 Katha Plot In Rupganj, Bproperty Village Is Up For Sale",,,,vacant,3600.0,narayanganj-city,"৳7,625,000","Rupganj, Narayanganj",7625000.0
"Offering You An Excellent Plot For Sale In Rupganj, Bproperty Village",,,,vacant,3600.0,narayanganj-city,"৳7,625,000","Rupganj, Narayanganj",7625000.0
"In Bproperty Village, Rupganj This 3 Katha Residential Plot For Sale",,,,vacant,2160.0,narayanganj-city,"৳3,375,000","Rupganj, Narayanganj",3375000.0
Large 3600 Sq.ft Plot Is For Sale In Bproperty Village,,,,vacant,3600.0,narayanganj-city,"৳7,625,000","Rupganj, Narayanganj",7625000.0
"A Plot Is Up For Sale In The Beautiful Location Of Rupganj, Narayanganj, Bproperty Village",,,,vacant,2160.0,narayanganj-city,"৳4,575,000","Rupganj, Narayanganj",4575000.0
"A Plot Located In Bproperty Village, Rupganj Is Up For Sale",,,,vacant,3600.0,narayanganj-city,"৳7,625,000","Rupganj, Narayanganj",7625000.0
"A 3600 Sq.ft Residential Plot Is For Sale At Bproperty Village, Rupganj .",,,,vacant,3600.0,narayanganj-city,"৳7,625,000","Rupganj, Narayanganj",7625000.0
"See This 5 katha Smartly Priced Plot Which Is Up For Sale In Bproperty Village, That You Should Check.",,,,vacant,3600.0,narayanganj-city,"৳5,750,000","Rupganj, Narayanganj",5750000.0
"See This Residential Plot For Sale At Bproperty Village, Rupganj .",,,,vacant,3600.0,narayanganj-city,"৳7,625,000","Rupganj, Narayanganj",7625000.0
Get This 5 Katha Wonderful Plot In Purbachal Marine City Which Is Ready For Sale,,,,vacant,3600.0,narayanganj-city,"৳6,500,000","Rupganj, Narayanganj",6500000.0
5 Katha Plot is available for sale in Purbachal Marine City,,,,vacant,3600.0,narayanganj-city,"৳6,500,000","Rupganj, Narayanganj",6500000.0
5 Katha Plot is now for sale in Purbachal Marine City,,,,vacant,3600.0,narayanganj-city,"৳6,500,000","Rupganj, Narayanganj",6500000.0
Ready Plot Is Up For Sale In Purbachal Marine City,,,,vacant,3600.0,narayanganj-city,"৳6,500,000","Rupganj, Narayanganj",6500000.0
In Purbachal Marine City There Is A 3 katha Residential Plot For Sale,,,,vacant,2160.0,narayanganj-city,"৳3,900,000","Rupganj, Narayanganj",3900000.0
A 3 Katha Residential Plot For Sale In Purbachal Marine City,,,,vacant,2160.0,narayanganj-city,"৳3,900,000","Rupganj, Narayanganj",3900000.0
Plot For Sale In Purbachal Marine City,,,,vacant,2160.0,narayanganj-city,"৳3,900,000","Rupganj, Narayanganj",3900000.0
We Have A Nice Plot Which Is Ready For Sale In Purbachal Marine City,,,,vacant,2160.0,narayanganj-city,"৳3,900,000","Rupganj, Narayanganj",3900000.0
"5 Katha Plot now for sale in Rupganj, Bproperty Village",,,,vacant,3600.0,narayanganj-city,"৳5,625,000","Rupganj, Narayanganj",5625000.0
5 Katha nice Plot for sale in Bproperty Village,,,,vacant,3600.0,narayanganj-city,"৳7,625,000","Rupganj, Narayanganj",7625000.0
"See This Large 5 Katha Plot For Sale In Rupganj, Bproperty Village",,,,vacant,3600.0,narayanganj-city,"৳7,625,000","Rupganj, Narayanganj",7625000.0
5 Katha beautiful Plot For Sale In Bproperty Village,,,,vacant,3600.0,narayanganj-city,"৳7,625,000","Rupganj, Narayanganj",7625000.0
"A 3 Katha Plot Is For Sale In Bproperty Village, Rupganj",,,,vacant,2160.0,narayanganj-city,"৳4,575,000","Rupganj, Narayanganj",4575000.0
We Have A Ready 3 Katha Plot For Sale In Rupganj Nearby Zinda Park,,,,vacant,2160.0,narayanganj-city,"৳4,575,000","Rupganj, Narayanganj",4575000.0
"In The Location Of Bproperty Village, A Large Residential Plot For Sale",,,,vacant,2160.0,narayanganj-city,"৳4,575,000","Rupganj, Narayanganj",4575000.0
Plot For Sale In Bproperty Village,,,,vacant,3600.0,narayanganj-city,"৳7,625,000","Rupganj, Narayanganj",7625000.0
"A Plot Which Is Up For Sale In Rupganj, Bproperty Village",,,,vacant,2160.0,narayanganj-city,"৳4,575,000","Rupganj, Narayanganj",4575000.0
"Get This Wonderful Plot In Bproperty Village, Narayanganj City Which Is Ready For Sale",,,,vacant,3600.0,narayanganj-city,"৳7,625,000","Rupganj, Narayanganj",7625000.0
A Plot Which Is Up For Sale In Bproperty Village,,,,vacant,2160.0,narayanganj-city,"৳4,575,000","Rupganj, Narayanganj",4575000.0
"Five Katha Plot For Sale In Bproperty Village, Narayanganj",,,,vacant,3600.0,narayanganj-city,"৳7,625,000","Rupganj, Narayanganj",7625000.0
"Meet With A Fascinating 5 Katha Ready Plot For Sale In Narayanganj, Bproperty Village",,,,vacant,3600.0,narayanganj-city,"৳7,625,000","Rupganj, Narayanganj",7625000.0
"A 3 Katha Plot Is Up For Sale In The Beautiful Location Of Bproperty Village, Rupganj, Narayanganj",,,,vacant,2160.0,narayanganj-city,"৳4,575,000","Rupganj, Narayanganj",4575000.0
"A Residential Plot In Bproperty Village, Rupganj Is For Sale",,,,vacant,2160.0,narayanganj-city,"৳4,575,000","Rupganj, Narayanganj",4575000.0
Attention ! A 5 Katha Plot Is Now Available For Sale In Bproperty Village,,,,vacant,3600.0,narayanganj-city,"৳7,625,000","Rupganj, Narayanganj",7625000.0
"3.15 Katha Residential Plot For Sale In Narayanganj, Purbachal American City",,,,vacant,2268.0,narayanganj-city,"৳11,000,000","Rupganj, Narayanganj",11000000.0
A 1525 Square Feet Large And Spacious Residential Apartment At Shiddhirganj For Sale,3.0,3.0,2,vacant,1525.0,narayanganj-city,"৳6,800,000","Mizmizi, Shiddhirganj",6800000.0
"Check This Fine Looking 5 Katha Plot Offered For Sale At Bproperty Village, Narayanganj",,,,vacant,3600.0,narayanganj-city,"৳7,625,000","Rupganj, Narayanganj",7625000.0
Check This Fine Looking Plot Offered For Sale At Bproperty Village,,,,vacant,2160.0,narayanganj-city,"৳4,575,000","Rupganj, Narayanganj",4575000.0
"Check This Fine Looking Plot Offered For Sale At Narayanganj, Bproperty Village",,,,vacant,2160.0,narayanganj-city,"৳3,000,000","Rupganj, Narayanganj",3000000.0
3 Katha plot is for sale in Fatulla,,,,vacant,2160.0,narayanganj-city,"৳3,750,000","Kutubpur, Fatulla",3750000.0
Visit This Large 5 Katha Plot Is For Sale In Bproperty Village,,,,vacant,3600.0,narayanganj-city,"৳5,000,000","Rupganj, Narayanganj",5000000.0
"Your Dream Plot Is Waiting For Sale In Narayanganj, Bproperty Village",,,,vacant,2160.0,narayanganj-city,"৳4,575,000","Rupganj, Narayanganj",4575000.0
"In The Location Of Bproperty Village, Narayanganj, A Plot Is Up For Sale",,,,vacant,2160.0,narayanganj-city,"৳4,575,000","Rupganj, Narayanganj",4575000.0
2160 SQ FT Plot is available for sale in Shiddhirganj,,,,vacant,2160.0,narayanganj-city,"৳5,000,000","Sanarpar, Shiddhirganj",5000000.0
"Take This 5 Katha Residential Plot Which Is Ready For Sale At Rupganj, Narayanganj",,,,vacant,3600.0,narayanganj-city,"৳6,000,000","Rupganj, Narayanganj",6000000.0
"Near To Rupgonj Police Station 5 Katha Plot for sale in Rupganj, Bproperty Village",,,,vacant,3600.0,narayanganj-city,"৳7,625,000","Rupganj, Narayanganj",7625000.0
"Check This Plot Up For Sale In Narayanganj, Bproperty Village",,,,vacant,2160.0,narayanganj-city,"৳4,575,000","Rupganj, Narayanganj",4575000.0
"In The Location Of Rupganj, Bproperty Village, A Plot Is Up For Sale",,,,vacant,2160.0,narayanganj-city,"৳3,375,000","Rupganj, Narayanganj",3375000.0
"A Residential Plot Is Available For Sale At Bproperty Village, Rupganj With An Affordable Deal.",,,,vacant,7200.0,narayanganj-city,"৳15,250,000","Rupganj, Narayanganj",15250000.0
This Large 5 Katha Plot Which Is Up For Sale In Bproperty Village,,,,vacant,3600.0,narayanganj-city,"৳7,625,000","Rupganj, Narayanganj",7625000.0
"For Selling Purpose A Residential Plot Is Available At Bproperty Village, Rupganj",,,,vacant,3600.0,narayanganj-city,"৳7,625,000","Rupganj, Narayanganj",7625000.0
"5 Katha Plot for sale in Bproperty Village, Narayanganj City",,,,vacant,3600.0,narayanganj-city,"৳7,625,000","Rupganj, Narayanganj",7625000.0
"In Bproperty Village,rupganj A Residential Plot Up For Sale .",,,,vacant,3600.0,narayanganj-city,"৳7,625,000","Rupganj, Narayanganj",7625000.0
"A Nice Residential Plot Is For Sale At Bproperty Village, Rupganj .",,,,vacant,2160.0,narayanganj-city,"৳4,575,000","Rupganj, Narayanganj",4575000.0
"Plot For Sale In A Suitable Place In Bproperty Village, Rupganj",,,,vacant,2160.0,narayanganj-city,"৳4,575,000","Rupganj, Narayanganj",4575000.0
"Plot For Sale In A Suitable Place In Rupganj, Narayanganj, Bproperty Village",,,,vacant,2160.0,narayanganj-city,"৳4,575,000","Rupganj, Narayanganj",4575000.0
At Purbachal Marine City Nice 3 Katha Plot Up For Sale Near Zinda Park,,,,vacant,2160.0,narayanganj-city,"৳4,575,000","Rupganj, Narayanganj",4575000.0
We Have A 5 Katha Plot For Sale In Bproperty Village,,,,vacant,3600.0,narayanganj-city,"৳5,000,000","Rupganj, Narayanganj",5000000.0
"See This Plot For Sale In Narayanganj, Bproperty Village",,,,vacant,2160.0,narayanganj-city,"৳4,575,000","Rupganj, Narayanganj",4575000.0
"At Bproperty Village, Rupganj A Residential Plot Is Up For Sale",,,,vacant,3600.0,narayanganj-city,"৳7,625,000","Rupganj, Narayanganj",7625000.0
"A 3 katha Residential Plot Is For Sale At Rupganj ,Bproperty Village.",,,,vacant,2160.0,narayanganj-city,"৳3,000,000","Rupganj, Narayanganj",3000000.0
"This 3 Katha Plot At Bproperty Village, Rupganj Is Up For Sale.",,,,vacant,2160.0,narayanganj-city,"৳4,575,000","Rupganj, Narayanganj",4575000.0
"Plot For Sale In Narayanganj, Rupganj, Bproperty Village",,,,vacant,2160.0,narayanganj-city,"৳4,575,000","Rupganj, Narayanganj",4575000.0
"Vacant For Sale In Matuail, A 1050 Sq. Ft. Well Defined Flat",3.0,2.0,8,vacant,1050.0,narayanganj-city,"৳6,000,000","Matuail, Demra",6000000.0
"A Modern Flat Of 1380 Sq Ft Is Up For Sale In New Town R/a, Demra",3.0,2.0,6,vacant,1380.0,narayanganj-city,"৳6,500,000","Matuail, Demra",6500000.0
Affordable And Nice Flat Is Up For Sale In Matuail Which Is 981 Sq Ft,2.0,2.0,7,vacant,981.0,narayanganj-city,"৳5,500,000","Matuail, Demra",5500000.0
"1050 Sq Ft Ready Flat For Sale In Matuail, New Town R/a",3.0,3.0,6,vacant,1050.0,narayanganj-city,"৳8,000,000","Matuail, Demra",8000000.0
"Avail The Amazing Offer Of Buying A 130 Sq Ft Commercial Shop In Tongi, Gazipur",,,4,vacant,130.0,gazipur,"৳5,000,000","Tongi, Gazipur Sadar Upazila",5000000.0
"1050 Sq Ft Apartment Is Up For Sale In Tongi, Gazipur",3.0,3.0,8,vacant,1050.0,gazipur,"৳3,990,000","Tongi, Gazipur Sadar Upazila",3990000.0
"Buy This 1350 Sq Ft Amazing Flat In Gazipur, Joydebpur With A Nice Surrounding",3.0,3.0,8,vacant,1350.0,gazipur,"৳4,500,000","Joydebpur, Gazipur Sadar Upazila",4500000.0
"Deal With This 1174 Square Feet Residential Apartment Set To Sale At Shimultoly, Gazipur",3.0,3.0,9,vacant,1174.0,gazipur,"৳4,696,000","Shimultoly, Gazipur Sadar Upazila",4696000.0
Create Your Nice Home Experience In This 1240 Sq Ft Apartment Mingled With Your Interest To Live In Gazipur,3.0,3.0,7,vacant,1240.0,gazipur,"৳4,960,000","Joydebpur, Gazipur Sadar Upazila",4960000.0
"A Finely Built 1240 Sq Ft Flat Is Up For Sale In Sahapara Road, Joydebpur",3.0,3.0,8,vacant,1240.0,gazipur,"৳4,960,000","Joydebpur, Gazipur Sadar Upazila",4960000.0
"1000 Sq Ft Impressive Flat For Sale In Gazipur, Chandana",2.0,2.0,9,vacant,1000.0,gazipur,"৳4,300,000","Chandana, Gazipur Sadar Upazila",4300000.0
A Modest Apartment In Tongi Near Tongi Post Office Is Up For Sale,3.0,3.0,2,vacant,1440.0,gazipur,"৳5,900,000","Tongi, Gazipur Sadar Upazila",5900000.0
A 1380 Sq.ft Apartment Is For Sale In Auchpara Close To Rainbow Grammar School,3.0,3.0,1,vacant,1380.0,gazipur,"৳5,000,000","Tongi, Gazipur Sadar Upazila",5000000.0
Sustain A Modern Lifestyle In This 1380 Sq Ft Flat For Sale In Gazipur Sadar Upazila,3.0,3.0,9,vacant,1380.0,gazipur,"৳5,000,000","Tongi, Gazipur Sadar Upazila",5000000.0
View This 1185 Square Feet Residential Apartment For Sale In Gazipur Sadar Upazila,3.0,3.0,5,vacant,1185.0,gazipur,"৳4,740,000","Shimultoly, Gazipur Sadar Upazila",4740000.0
"130 Sq Ft Commercial Shop Is Up For Sale In Tongi Bazar, Gazipur",,,4,vacant,130.0,gazipur,"৳5,000,000","Tongi, Gazipur Sadar Upazila",5000000.0
"Commercial Shop Of 130 Sq Ft Is Ready For Sale At Tongi Bazar, Anarkoli Road",,,4,vacant,130.0,gazipur,"৳5,000,000","Tongi, Gazipur Sadar Upazila",5000000.0
"Buy This 800 Sq Ft Apartment At Tongi, Gazipur",2.0,1.0,1,vacant,800.0,gazipur,"৳1,760,000","Tongi, Gazipur Sadar Upazila",1760000.0
Gazipur Is Offering You A 800 Sq Ft Apartment Is For Sale,2.0,1.0,3,vacant,800.0,gazipur,"৳1,760,000","Tongi, Gazipur Sadar Upazila",1760000.0
1050 Sq.ft Apartment Is For Sale In Tongi Very Close To Janata Bank Limited.,3.0,3.0,6,vacant,1050.0,gazipur,"৳3,990,000","Tongi, Gazipur Sadar Upazila",3990000.0
60 katha Residential Plot For Sale At Sreepur,,,,vacant,43200.0,gazipur,"৳15,000,000",Sreepur,15000000.0
A 6300 Sq Ft Full Building Is Up For Sale In A Well Secured Location Of Gazipur Sadar Upazila,15.0,10.0,,vacant,6300.0,gazipur,"৳17,500,000","Tongi, Gazipur Sadar Upazila",17500000.0
"1259 Sq Ft Convenient Flat For Sale In Gazipur, Chandana",3.0,3.0,3,vacant,1259.0,gazipur,"৳4,900,000","Chandana, Gazipur Sadar Upazila",4900000.0
Grab This 10 Katha Plot Up For Sale At ajandrapur Chowrasta - Bhawal Mirzapur Road.,,,,vacant,7200.0,gazipur,"৳9,000,000","Bhawal Mirzapur, Gazipur Sadar Upazila",9000000.0
"1000 Sq Ft Apartment Is Ready For Sale In Gazipur Sadar Upazila, Tongi, Auchpara",3.0,3.0,2,vacant,1000.0,gazipur,"৳4,000,000","Tongi, Gazipur Sadar Upazila",4000000.0
"Buy This 1000 Sq Ft Apartment In Gazipur Sadar Upazila, Tongi",3.0,3.0,3,vacant,1000.0,gazipur,"৳4,000,000","Tongi, Gazipur Sadar Upazila",4000000.0
"1000 Sq Ft Suitable Flat For Sale In Gazipur, Chandana",2.0,2.0,4,vacant,1000.0,gazipur,"৳4,300,000","Chandana, Gazipur Sadar Upazila",4300000.0
"Carry Out Your Peaceful Days In This 1259 Sq Ft Flat For Sale In Gazipur, Chandana",3.0,3.0,7,vacant,1259.0,gazipur,"৳4,900,000","Chandana, Gazipur Sadar Upazila",4900000.0
"With An Awesome Environment A 1080 Sq Ft Flat Is Vacant For Sale In Gazipur Close To Joydebpur Bus Terminal, Gazipur",3.0,2.0,5,vacant,1080.0,gazipur,"৳4,320,000","Joydebpur, Gazipur Sadar Upazila",4320000.0
An Updated Lifestyle Is Awaiting For You In This 1032 Sq Ft Flat For Sale In Gazipur Sadar Upazila,3.0,2.0,7,vacant,1032.0,gazipur,"৳3,600,000","Tongi, Gazipur Sadar Upazila",3600000.0
"1240 Sq Ft Modest Flat For Sale In Gazipur, Specifically Joydebpur",3.0,3.0,6,vacant,1240.0,gazipur,"৳4,960,000","Joydebpur, Gazipur Sadar Upazila",4960000.0
"Feel Refreshing In This 1240 Sq Ft Apartment Mingled With Your Interest To Live In Gazipur, Joydebpur",3.0,3.0,6,vacant,1240.0,gazipur,"৳4,960,000","Joydebpur, Gazipur Sadar Upazila",4960000.0
"Buy This 1240 Sq Ft Flat Which Is Assuring You A Soothing Home Experience In Gazipur, Joydebpur",3.0,3.0,7,vacant,1240.0,gazipur,"৳4,960,000","Joydebpur, Gazipur Sadar Upazila",4960000.0
"1240 Sq Ft Flat With 3 Bedrooms Is For Sale In Gazipur, Joydebpur",3.0,3.0,8,vacant,1240.0,gazipur,"৳4,960,000","Joydebpur, Gazipur Sadar Upazila",4960000.0
"1240 Sq Ft Flat For Sale Is Inviting You For A Peaceful Home Experience In Gazipur, Joydebpur",3.0,3.0,9,vacant,1240.0,gazipur,"৳4,960,000","Joydebpur, Gazipur Sadar Upazila",4960000.0
No Place Rather Than Gazipur Does It Better To Provide You With Better Homely Affairs Alike This 1240 Sq Ft Flat,3.0,3.0,4,vacant,1240.0,gazipur,"৳4,960,000","Joydebpur, Gazipur Sadar Upazila",4960000.0
See This 1300 Sq Ft Apartment For Sale Is All Set For You In Joydebpur Close To Court Mosjid,3.0,3.0,9,vacant,1300.0,gazipur,"৳5,200,000","Joydebpur, Gazipur Sadar Upazila",5200000.0
"Built With Modern Amenities, Check This 1300 Sq Ft Flat Which Is Up For Sale At Joydebpur Road, Gazipur Sadar Upazila",3.0,3.0,9,vacant,1300.0,gazipur,"৳5,200,000","Joydebpur, Gazipur Sadar Upazila",5200000.0
"5 Katha Plot Ready For Sale At Sataish, Tongi Close To Sataish High School",,,,vacant,3600.0,gazipur,"৳6,000,000","Tongi, Gazipur Sadar Upazila",6000000.0
"See, This 1300 Sq Ft Beautiful Apartment And Make It Your New Home Which Is Up For Sale In Joydebpur",3.0,3.0,8,vacant,1300.0,gazipur,"৳5,200,000","Joydebpur, Gazipur Sadar Upazila",5200000.0
See This 1300 Sq Ft Apartment For Sale Is All Set For You In Joydebpur Road Close To Sree Sree Madhab Mondir,3.0,3.0,2,vacant,1300.0,gazipur,"৳5,200,000","Joydebpur, Gazipur Sadar Upazila",5200000.0
"Buy This 1350 Sq Ft Pleasant Flat In Gazipur, Joydebpur With Great Residential Features",3.0,3.0,6,vacant,1350.0,gazipur,"৳4,500,000","Joydebpur, Gazipur Sadar Upazila",4500000.0
1350 Sq Ft Ready Flat For Sale In Gazipur With Updated Home Facilities,3.0,3.0,9,vacant,1350.0,gazipur,"৳4,500,000","Joydebpur, Gazipur Sadar Upazila",4500000.0
"Envision Your Living Opportunity In This 1240 Sq Ft Apartment Up For Sale In Gazipur, Joydebpur",3.0,3.0,6,vacant,1240.0,gazipur,"৳4,960,000","Joydebpur, Gazipur Sadar Upazila",4960000.0
2 Katha Plot is now available for sale in Bonomala,,,,vacant,1440.0,gazipur,"৳3,000,000","Tongi, Gazipur Sadar Upazila",3000000.0
"Built With Modern Amenities, Check This 1300 Sq Ft Flat Which Is Up For Sale At Uttar Cyabithy, Joydebpur",3.0,3.0,6,vacant,1300.0,gazipur,"৳5,200,000","Joydebpur, Gazipur Sadar Upazila",5200000.0
"1240 Sq Ft Flat For Sale Is Ready To Offer You A Tranquil Home Experience In Gazipur, Joydebpur",3.0,3.0,8,vacant,1240.0,gazipur,"৳4,960,000","Joydebpur, Gazipur Sadar Upazila",4960000.0
8.15 Katha Plot Is Now Available For Sale In Kashimpur Road Which Is An Eco Friendly Location,,,,vacant,5868.0,gazipur,"৳5,400,000","Kashimpur Road, Gazipur Sadar Upazila",5400000.0
"A 920 Sq Ft Flat Is Vacant For Sale In Chandana Chowrasta, Gazipur",3.0,2.0,9,vacant,920.0,gazipur,"৳3,220,000","Chandana, Gazipur Sadar Upazila",3220000.0
"1240 Sq Ft Flat For Sale Is Assuring You An Overwhelming Home Experience In Gazipur, Joydebpur",3.0,3.0,8,vacant,1240.0,gazipur,"৳4,960,000","Joydebpur, Gazipur Sadar Upazila",4960000.0
"700 Sq Ft Apartment Is Available For Sale In Tongi, Gazipur",2.0,1.0,,vacant,700.0,gazipur,"৳2,240,000","Tongi, Gazipur Sadar Upazila",2240000.0
"Check Out This 800 Sq Ft Apartment For Sale In Tongi, Gazipur",2.0,1.0,1,vacant,800.0,gazipur,"৳2,560,000","Tongi, Gazipur Sadar Upazila",2560000.0
"800 Sq Ft Apartment Is Available For Sale In Tongi, Gazipur",2.0,1.0,3,vacant,800.0,gazipur,"৳2,560,000","Tongi, Gazipur Sadar Upazila",2560000.0
A Beautiful Apartment Is Up For Sale At Tongi Near Amzad Ali Sarkar Pilot Girls&#039; High School And College,3.0,2.0,6,vacant,950.0,gazipur,"৳2,950,000","Tongi, Gazipur Sadar Upazila",2950000.0
120 Sq Ft Commercial Space Is Available For You To Buy At Tongi,,,4,vacant,120.0,gazipur,"৳5,000,000","Tongi, Gazipur Sadar Upazila",5000000.0
"Check Out This 130 Sq Ft Commercial Space Up For Sale In Tongi, Anarkoli Road",,,4,vacant,130.0,gazipur,"৳5,000,000","Tongi, Gazipur Sadar Upazila",5000000.0
Near By Janata Bank Limited 1000 Sq.ft Apartment Is For Sale In Arichpur,3.0,3.0,8,vacant,1000.0,gazipur,"৳3,800,000","Tongi, Gazipur Sadar Upazila",3800000.0
Obtain This Well Fitted Flat Of 1000 Sq Ft Which Is Up For Sale In Tongi,3.0,3.0,6,vacant,1000.0,gazipur,"৳3,800,000","Tongi, Gazipur Sadar Upazila",3800000.0
A Shop Space Of 130 Sq.Ft Is Vacant For Sale In Tongi Bazar .,,,4,vacant,130.0,gazipur,"৳5,000,000","Tongi, Gazipur Sadar Upazila",5000000.0
"Amazing Commercial Area Of 130 Sq Ft Is Ready For Sale In Tongi, Gazipur",,,4,vacant,130.0,gazipur,"৳5,000,000","Tongi, Gazipur Sadar Upazila",5000000.0
"Commercial Shop Of 130 Sq Ft Is Available For Sale In Tongi, Gazipur",,,4,vacant,130.0,gazipur,"৳5,000,000","Tongi, Gazipur Sadar Upazila",5000000.0
"920 Sq Ft Soothing Flat With Necessary Features Is Up For Sale In Gazipur Sadar Upazila, Chandana Chowrasta",3.0,2.0,6,vacant,920.0,gazipur,"৳3,220,000","Chandana, Gazipur Sadar Upazila",3220000.0
A Cozy Flat Of 920 Sq Ft Is Up For Sale In Chandana Nearby Umar Bin Khattab (r) Jame Mosque,3.0,2.0,7,vacant,920.0,gazipur,"৳3,220,000","Chandana, Gazipur Sadar Upazila",3220000.0
"Buy This Nice Flat Of 920 Sq Ft, Which Is Located At Great Wall City, Chandana",3.0,2.0,8,vacant,920.0,gazipur,"৳3,220,000","Chandana, Gazipur Sadar Upazila",3220000.0
Buy This 1000 Sq Ft Ready Flat For Sale In Gazipur,2.0,2.0,5,vacant,1000.0,gazipur,"৳4,300,000","Chandana, Gazipur Sadar Upazila",4300000.0
"At Chandana, A Nice Flat Is Ready To Sale",2.0,2.0,7,vacant,1000.0,gazipur,"৳4,300,000","Chandana, Gazipur Sadar Upazila",4300000.0
A Finely Built 950 Sq Ft Flat Is Up For Sale In Paschim Joydebpur Nearby Gonimunshir Tek Jame Mosque,2.0,2.0,4,vacant,950.0,gazipur,"৳3,800,000","Joydebpur, Gazipur Sadar Upazila",3800000.0
Start Living In This Awesome Flat Of 1080 Sq Ft Located At Joydebpur Unoccupied For Sale,3.0,2.0,4,vacant,1080.0,gazipur,"৳4,320,000","Joydebpur, Gazipur Sadar Upazila",4320000.0
Attractive Apartment Of 1080 Sq Ft Is Up For Sale At Paschim Joydebpur,3.0,2.0,4,vacant,1080.0,gazipur,"৳4,320,000","Joydebpur, Gazipur Sadar Upazila",4320000.0
"Establish Your Peace In This Nice 1080 Sq Ft Apartment For Sale At Joydebpur, Gazipur Sadar Upazila",3.0,2.0,6,vacant,1080.0,gazipur,"৳4,320,000","Joydebpur, Gazipur Sadar Upazila",4320000.0
Covering 1080 Sq Ft Space A Flat Is Up For Sale In Joydebpur Nearby Jannatul Mawa Jame Mosjid,3.0,2.0,6,vacant,1080.0,gazipur,"৳4,320,000","Joydebpur, Gazipur Sadar Upazila",4320000.0
A 950 Sq Ft Residential Apartment For Sale At Gazipur Close To Joydebpur Bus Terminal Jame Mosque,2.0,2.0,7,vacant,950.0,gazipur,"৳3,800,000","Joydebpur, Gazipur Sadar Upazila",3800000.0
"This Very Nice Flat Of 1080 Sq Ft Is Up For Sale In Joydebpur, Gazipur Sadar Upazila",3.0,2.0,7,vacant,1080.0,gazipur,"৳4,320,000","Joydebpur, Gazipur Sadar Upazila",4320000.0
Worthy 1000 SQ FT Residential Apartment is for sale at Gazipur,3.0,3.0,1,vacant,1000.0,gazipur,"৳4,000,000","Tongi, Gazipur Sadar Upazila",4000000.0
An Apartment Of 1300 Sq Ft Is Up For Sale In Joydebpur Nearby Gazipur Central Mosque,3.0,3.0,9,vacant,1300.0,gazipur,"৳5,200,000","Joydebpur, Gazipur Sadar Upazila",5200000.0
"1350 Sq Ft Residential Apartment For Sale In Gazipur, Which Will Give You A Content Residential Experience",3.0,3.0,8,vacant,1350.0,gazipur,"৳4,500,000","Joydebpur, Gazipur Sadar Upazila",4500000.0
"In Gazipur Sadar Upazila, This 1300 Sq Ft Well Featured Residence Is Waiting For Sale",3.0,3.0,5,vacant,1300.0,gazipur,"৳5,200,000","Joydebpur, Gazipur Sadar Upazila",5200000.0
"This Apartment Of 1300 Sq Ft Is Available For Sale In Joydebpur Road, Gazipur Sadar Upazila",3.0,3.0,5,vacant,1300.0,gazipur,"৳5,200,000","Joydebpur, Gazipur Sadar Upazila",5200000.0
"This 1300 Sq Ft Well Featured Residence Is Waiting For Sale At Uttar Cyabithy, Joydebpur",3.0,3.0,7,vacant,1300.0,gazipur,"৳5,200,000","Joydebpur, Gazipur Sadar Upazila",5200000.0
"Buy This 1350 Sq Ft Delightful Flat In Gazipur, Joydebpur",3.0,3.0,5,vacant,1350.0,gazipur,"৳4,500,000","Joydebpur, Gazipur Sadar Upazila",4500000.0
"Buy This 1350 Sq Ft Amazing Flat In Gazipur, Joydebpur, With 3 Modern Bedrooms",3.0,3.0,7,vacant,1350.0,gazipur,"৳4,500,000","Joydebpur, Gazipur Sadar Upazila",4500000.0
1240 Sq Ft Flat With Nice Balcony Views Is Set For Sale In Gazipur,3.0,3.0,4,vacant,1240.0,gazipur,"৳4,960,000","Joydebpur, Gazipur Sadar Upazila",4960000.0
"Introduce You Family To This Great 1150 Sq Ft Apartment, Ready For Sale In Tongi, Gazipur",3.0,2.0,3,vacant,1150.0,gazipur,"৳4,500,000","Tongi, Gazipur Sadar Upazila",4500000.0
Well Defined And Nice Apartment Of 1240 Sq Ft Is Up For Sale In Joydebpur,3.0,3.0,5,vacant,1240.0,gazipur,"৳4,960,000","Joydebpur, Gazipur Sadar Upazila",4960000.0
Attention Plot Finders! A 6 Katha Plot Is Up For Sale Close To Akkel Ali High School At Gazipur Sadar Upazila.,,,,vacant,4320.0,gazipur,"৳10,500,000","Mouchak, Gazipur Sadar Upazila",10500000.0
"1240 Sq Ft Flat For Sale Is Offering You Beautiful Atmosphere To Live In, Inside Gazipur, Joydebpur",3.0,3.0,8,vacant,1240.0,gazipur,"৳4,960,000","Joydebpur, Gazipur Sadar Upazila",4960000.0
"A Finely Built 920 Sq Ft Flat Is Up For Sale In Great Wall City, Chandana Chowrasta",3.0,2.0,7,vacant,920.0,gazipur,"৳3,220,000","Chandana, Gazipur Sadar Upazila",3220000.0
"3 Katha Plot Is Now Available For Sale In Mouchak, Gazipur Sadar Upazila Which Is An Eco Friendly Location",,,,vacant,2160.0,gazipur,"৳1,500,000","Mouchak, Gazipur Sadar Upazila",1500000.0
"See This 920 Sq Ft Apartment For Sale Is All Set For You In Chandana, Gazipur Sadar Upazila",3.0,2.0,7,vacant,920.0,gazipur,"৳3,220,000","Chandana, Gazipur Sadar Upazila",3220000.0
3 Katha Residential Plot For Sale In Gazipur Sadar Upazila,,,,vacant,2160.0,gazipur,"৳5,500,000","Mouchak, Gazipur Sadar Upazila",5500000.0
"Covering 1259 Sq Ft Space A Flat Is Up For Sale At Shahid Barkat Sarani, Chandana",3.0,3.0,9,vacant,1259.0,gazipur,"৳4,900,000","Chandana, Gazipur Sadar Upazila",4900000.0
Tastefully Designed this 1200 SQ FT apartment is now vacant for Sale in Gazipur Sadar Upazila,3.0,2.0,2,vacant,1200.0,gazipur,"৳3,300,000","Tongi, Gazipur Sadar Upazila",3300000.0
Affordable 1300 Square Feet Flat Up For Sale In Uttar Cyabithy Close To Court Mosjid,3.0,3.0,7,vacant,1300.0,gazipur,"৳5,200,000","Joydebpur, Gazipur Sadar Upazila",5200000.0
"Buy This Nice Flat Of 1300 Sq Ft, Which Is Located At Joydebpur Road, Gazipur Sadar Upazila",3.0,3.0,8,vacant,1300.0,gazipur,"৳5,200,000","Joydebpur, Gazipur Sadar Upazila",5200000.0
Fairly Large Apartment Of 1300 Sq Ft Is Ready For Sale In Joydebpur,3.0,3.0,8,vacant,1300.0,gazipur,"৳5,200,000","Joydebpur, Gazipur Sadar Upazila",5200000.0
Get Ready For Your Countless Peaceful Days With This 1300 Sq Ft Flat At Joydebpur Road Is Up To Sale,3.0,3.0,6,vacant,1300.0,gazipur,"৳5,200,000","Joydebpur, Gazipur Sadar Upazila",5200000.0
"Covering 1300 Sq Ft Space A Flat Is Up For Sale In Uttar Cyabithy, Gazipur Sadar Upazila",3.0,3.0,7,vacant,1300.0,gazipur,"৳5,200,000","Joydebpur, Gazipur Sadar Upazila",5200000.0
Express Your Individuality At This 1300 Sq.ft Apartment Which Is Vacant For Sale In The Location Of Uttar Cyabithy .,3.0,3.0,8,vacant,1300.0,gazipur,"৳5,200,000","Joydebpur, Gazipur Sadar Upazila",5200000.0
Everything You Need In A Home Is All Right Here In This Uttar Cyabithy Flat Which Is Up For Sale .,3.0,3.0,3,vacant,1300.0,gazipur,"৳5,200,000","Joydebpur, Gazipur Sadar Upazila",5200000.0
"Buy This 1350 Sq Ft Amazing Flat In Gazipur, Joydebpur With A Serene Neighborhood",3.0,3.0,5,vacant,1350.0,gazipur,"৳4,500,000","Joydebpur, Gazipur Sadar Upazila",4500000.0
"Buy This 1350 Sq Ft Amazing Flat In Gazipur, Joydebpur With Nicely Planned Rooms",3.0,3.0,6,vacant,1350.0,gazipur,"৳4,500,000","Joydebpur, Gazipur Sadar Upazila",4500000.0
"Buy This 1350 Sq Ft Amazing Flat In Gazipur, Joydebpur With Refreshing Balconies",3.0,3.0,7,vacant,1350.0,gazipur,"৳4,500,000","Joydebpur, Gazipur Sadar Upazila",4500000.0
"1240 Sq Ft Delightful Flat For Sale In Gazipur, Joydepur",3.0,3.0,7,vacant,1240.0,gazipur,"৳4,960,000","Joydebpur, Gazipur Sadar Upazila",4960000.0
"Buy This 1240 Sq Ft Pleasant Flat In Gazipur Sadar Upazila, Joydebpur With 3 Bedrooms",3.0,3.0,9,vacant,1240.0,gazipur,"৳4,960,000","Joydebpur, Gazipur Sadar Upazila",4960000.0
"View This 1000 Sq Ft Desirable Flat For Sale In Gazipur, Chandana",2.0,2.0,9,vacant,1000.0,gazipur,"৳4,300,000","Chandana, Gazipur Sadar Upazila",4300000.0
Well Defined And Nice Living Space Of 950 Sq Ft Is Up For Sale In Paschim Joydebpur Nearby Baitul Mahfuz Jame Masjid,2.0,2.0,6,vacant,950.0,gazipur,"৳3,800,000","Joydebpur, Gazipur Sadar Upazila",3800000.0
Checkout This 1185 Square Feet Residential Apartment Up For Sale At Gazipur Sadar Upazila,3.0,3.0,9,vacant,1185.0,gazipur,"৳4,740,000","Shimultoly, Gazipur Sadar Upazila",4740000.0
At Boro Dewra A 1100 Square Feet And 3 Bedroom Residential Apartment For Sale,3.0,3.0,3,vacant,1100.0,gazipur,"৳4,000,000","Tongi, Gazipur Sadar Upazila",4000000.0
"This Nice 1000 Sq Ft Apartment For Sale At Gazipur Sadar Upazila, Chandana .",2.0,2.0,8,vacant,1000.0,gazipur,"৳4,300,000","Chandana, Gazipur Sadar Upazila",4300000.0
"This Very New Nice Flat Of 1000 Sq Ft Is Up For Sale In Chandana, Gazipur Sadar Upazila",2.0,2.0,8,vacant,1000.0,gazipur,"৳4,300,000","Chandana, Gazipur Sadar Upazila",4300000.0
Checkout This 1000 Sq Ft Vacant Flat For Sale In Gazipur,2.0,2.0,4,vacant,1000.0,gazipur,"৳4,300,000","Chandana, Gazipur Sadar Upazila",4300000.0
Count Your Calm Days In This 1000 Sq Ft Cozy Flat For Sale In Gazipur,2.0,2.0,6,vacant,1000.0,gazipur,"৳4,300,000","Chandana, Gazipur Sadar Upazila",4300000.0
4 Katha Plot Is Now Available For Sale In Board Bazar Which Is An Eco Friendly Location,,,,vacant,2880.0,gazipur,"৳4,000,000","Board Bazar, Gazipur Sadar Upazila",4000000.0
"920 Sq Ft Desirable Flat With Necessary Home Utilities Is Up For Sale In Gazipur Sadar Upazila, Chandana Chowrasta",3.0,2.0,6,vacant,920.0,gazipur,"৳3,220,000","Chandana, Gazipur Sadar Upazila",3220000.0
"920 Sq Ft Cozy Flat With Beneficial Features Is Up For Sale In Gazipur Sadar Upazila, Chandana",3.0,2.0,8,vacant,920.0,gazipur,"৳3,220,000","Chandana, Gazipur Sadar Upazila",3220000.0
"Take The Deal Of Buying This 130 Sq Ft Shop At Tongi, Gazipur",,,4,vacant,130.0,gazipur,"৳5,000,000","Tongi, Gazipur Sadar Upazila",5000000.0
"2000 Sq Ft Apartment Is Avaialble For Sale In Tongi, Dattapara",4.0,4.0,2,vacant,2000.0,gazipur,"৳4,400,000","Tongi, Gazipur Sadar Upazila",4400000.0
In The Beautiful Neighborhood In Dattapara A Flat Is Up For Sale Near Sahajuddin Sarkar School,2.0,1.0,3,vacant,700.0,gazipur,"৳2,240,000","Tongi, Gazipur Sadar Upazila",2240000.0
Tongi is offering you a 1028 Sq ft Apartment up for Sale,3.0,3.0,8,vacant,1028.0,gazipur,"৳3,906,400","Tongi, Gazipur Sadar Upazila",3906400.0
An Adequate And Cozy Flat Is Ready For Sale At Bonomala-Tongi .,3.0,3.0,8,vacant,1200.0,gazipur,"৳4,900,000","Tongi, Gazipur Sadar Upazila",4900000.0
A Decent Apartment In Tongi Near College Road Is Up For Sale,2.0,2.0,2,vacant,773.0,gazipur,"৳2,800,000","Tongi, Gazipur Sadar Upazila",2800000.0
Gazipur Sadar Upazila Is Offering You A Lucrative Deal Of Buying This 120 Sq Ft Shop,,,4,vacant,120.0,gazipur,"৳5,000,000","Tongi, Gazipur Sadar Upazila",5000000.0
A 1000 Square Feet Medium Size Residential Apartment For Sale Beside To Janata Bank Limited At Arichpur .,3.0,3.0,4,vacant,1000.0,gazipur,"৳3,800,000","Tongi, Gazipur Sadar Upazila",3800000.0
Very Near To Janata Bank Limited At Arichpur A 1004 Sq.Ft Residential Apartment For Sale,3.0,3.0,8,vacant,1004.0,gazipur,"৳3,815,200","Tongi, Gazipur Sadar Upazila",3815200.0
Visit This Apartment For Sale In Tongi Near Paschim Arichpur Jame Mosjid.,2.0,2.0,3,vacant,710.0,gazipur,"৳2,000,000","Tongi, Gazipur Sadar Upazila",2000000.0
Well Developed Flat Is Up For Sale In Chandara Nearby Chan Mia Pre Cadet And High School,3.0,3.0,,vacant,1500.0,gazipur,"৳6,000,000","Chandara, Gazipur Sadar Upazila",6000000.0
Checkout This 1174 Square Feet Residential Apartment For Sale At Gazipur Sadar Upazila,3.0,3.0,8,vacant,1174.0,gazipur,"৳4,696,000","Shimultoly, Gazipur Sadar Upazila",4696000.0
Ready For Move In! Check This 1259 Sq.ft Home Which Is Up For Sale In Chandana Beside To Joydebpur Govt. Girls High School.,3.0,3.0,8,vacant,1259.0,gazipur,"৳4,900,000","Chandana, Gazipur Sadar Upazila",4900000.0
This Nice 920 Sq Ft Apartment For Sale At Chandana Chowrasta Close To Agrani Model School Campus 2,3.0,2.0,7,vacant,920.0,gazipur,"৳3,220,000","Chandana, Gazipur Sadar Upazila",3220000.0
"3 Katha Residential Plot For Sale At S. K. Mannan Road, Dattapara .",,,,vacant,2160.0,gazipur,"৳9,000,000","Tongi, Gazipur Sadar Upazila",9000000.0
"Buy This Nice Flat Of 1080 Sq Ft, Which Is Located At Paschim Joydebpur, Gazipur",3.0,2.0,7,vacant,1080.0,gazipur,"৳4,320,000","Joydebpur, Gazipur Sadar Upazila",4320000.0
"4.5 Katha Plot Is Up For Sale In Tongi, Bonomala",,,,vacant,3240.0,gazipur,"৳4,200,000","Tongi, Gazipur Sadar Upazila",4200000.0
"Buy This 120 Sq Ft Commercial Shop In Tongi, Gazipur",,,4,vacant,120.0,gazipur,"৳5,000,000","Tongi, Gazipur Sadar Upazila",5000000.0
"Tongi Bazar, Anarkoli Road Is Offering You A 120 Sq Ft Commercial Shop For Sale",,,4,vacant,120.0,gazipur,"৳5,000,000","Tongi, Gazipur Sadar Upazila",5000000.0
"Buy This Nice Flat Of 1004 Sq Ft, Which Is Located At Tongi",3.0,3.0,6,vacant,1004.0,gazipur,"৳3,815,200","Tongi, Gazipur Sadar Upazila",3815200.0
"Grab A 1028 Sq Ft Residence For Sale At Arichpur, Tongi",3.0,3.0,6,vacant,1028.0,gazipur,"৳3,906,400","Tongi, Gazipur Sadar Upazila",3906400.0
"This Very New Nice Flat Of 920 Sq Ft Is Up For Sale In Chandana Chowrasta, Gazipur",3.0,2.0,8,vacant,920.0,gazipur,"৳3,220,000","Chandana, Gazipur Sadar Upazila",3220000.0
Carry Out Your Soothing Days In This 1259 Sq Ft Flat For Sale In Gazipur,3.0,3.0,7,vacant,1259.0,gazipur,"৳4,900,000","Chandana, Gazipur Sadar Upazila",4900000.0
Make Your Life Easy Buying This 1259 Sq Ft Flat In Gazipur,3.0,3.0,9,vacant,1259.0,gazipur,"৳4,900,000","Chandana, Gazipur Sadar Upazila",4900000.0
"Built With Modern Amenities, Check This 1080 Sq Ft Flat Which Is Up For Sale At Paschim Joydebpur, Gazipur Sadar Upazila",3.0,2.0,5,vacant,1080.0,gazipur,"৳4,320,000","Joydebpur, Gazipur Sadar Upazila",4320000.0
"1285 Sq Ft Ready Flat For Sale In Gazipur, Chandra",3.0,3.0,8,vacant,1285.0,gazipur,"৳4,112,000","Chowrasta, Chandra",4112000.0
"Buy This Flat Of 720 Sq Ft Apartment In Tongi, With A Quick Electricity Backup Service",2.0,1.0,,vacant,720.0,gazipur,"৳2,600,000","Tongi, Gazipur Sadar Upazila",2600000.0
A 3 Bedroom Residential Apartment For Sale Close To Tongi Government College Masjid.,3.0,3.0,3,vacant,1000.0,gazipur,"৳4,000,000","Tongi, Gazipur Sadar Upazila",4000000.0
Worthy 1000 SQ FT residence is for sale at Gazipur,3.0,3.0,1,vacant,1000.0,gazipur,"৳4,000,000","Tongi, Gazipur Sadar Upazila",4000000.0
20 Katha Plot is now available for sale in Gazipur Sadar Upazila,,,,vacant,14400.0,gazipur,"৳8,000,000","Maleker Bari Bazar Road, Gazipur Sadar Upazila",8000000.0
7.5 Katha Plot Is Now Available For Sale In Bason-Gazipur Sadar Upazila,,,,vacant,5400.0,gazipur,"৳4,400,000","Bason, Gazipur Sadar Upazila",4400000.0
"This Very New Nice Flat Of 1350 Sq Ft Is Up For Sale In Uttar Cyabithy, Joydebpur",3.0,3.0,8,vacant,1350.0,gazipur,"৳4,500,000","Joydebpur, Gazipur Sadar Upazila",4500000.0
A 1350 Sq.ft Apartment For Sale In Joydebpur Very Close To North Chayabithi Jame Mosque,3.0,3.0,9,vacant,1350.0,gazipur,"৳4,500,000","Joydebpur, Gazipur Sadar Upazila",4500000.0
"With An Awesome Environment A 1300 Sq Ft Flat Is Vacant For Sale In Uttar Cyabithy, Joydebpur",3.0,3.0,4,vacant,1300.0,gazipur,"৳5,200,000","Joydebpur, Gazipur Sadar Upazila",5200000.0
"This Very New Nice Flat Of 1300 Sq Ft Is Up For Sale In Joydebpur Road, Gazipur Sadar Upazila",3.0,3.0,4,vacant,1300.0,gazipur,"৳5,200,000","Joydebpur, Gazipur Sadar Upazila",5200000.0
"Buy This 1350 Sq Ft Amazing Flat In Gazipur, Joydebpur With Amazing Dwelling Characteristics",3.0,3.0,4,vacant,1350.0,gazipur,"৳4,500,000","Joydebpur, Gazipur Sadar Upazila",4500000.0
"Envision Your Living Approaches In This 1240 Sq Ft Apartment Up For Sale In Gazipur, Joydebpur",3.0,3.0,5,vacant,1240.0,gazipur,"৳4,960,000","Joydebpur, Gazipur Sadar Upazila",4960000.0
Grow Your Home In This 1240 Sq Ft Apartment With 3 Bedrooms For Your Interest To Live In Gazipur,3.0,3.0,7,vacant,1240.0,gazipur,"৳4,960,000","Joydebpur, Gazipur Sadar Upazila",4960000.0
"1240 Sq Ft Flat For Sale Is Ready To Offer You Necessary Dwelling Features In Gazipur, Joydebpur",3.0,3.0,8,vacant,1240.0,gazipur,"৳4,960,000","Joydebpur, Gazipur Sadar Upazila",4960000.0
"Buy This 1240 Sq Ft Pleasant Flat In Gazipur Sadar Upazila, Joydebpur",3.0,3.0,9,vacant,1240.0,gazipur,"৳4,960,000","Joydebpur, Gazipur Sadar Upazila",4960000.0
"Buy This 920 Sq Ft Flat Which Is Ready To Grow Your Home Experience In Great Wall City, Chandana",3.0,2.0,9,vacant,920.0,gazipur,"৳3,220,000","Chandana, Gazipur Sadar Upazila",3220000.0
920 Sq Ft Cozy Flat With Impressive Features Is Up For Sale In Gazipur Sadar Upazila,3.0,2.0,9,vacant,920.0,gazipur,"৳3,220,000","Chandana, Gazipur Sadar Upazila",3220000.0
Buy This 1185 Square Feet Residential Apartment At Gazipur Sadar Upazila,3.0,3.0,7,vacant,1185.0,gazipur,"৳4,740,000","Shimultoly, Gazipur Sadar Upazila",4740000.0
"Buy This 1350 Sq Ft Amazing Flat In Gazipur, Joydebpur With Modern Dwelling Advantages",3.0,3.0,8,vacant,1350.0,gazipur,"৳4,500,000","Joydebpur, Gazipur Sadar Upazila",4500000.0
Properly Designed This 1000 Square Feet Apartment Is Now Up For Sale In Chandana Next To Joydebpur Govt. Girls High School.,2.0,2.0,7,vacant,1000.0,gazipur,"৳4,300,000","Chandana, Gazipur Sadar Upazila",4300000.0
"1240 Sq Ft Flat For Sale Is Awaiting You In Gazipur, Joydebpur",3.0,3.0,9,vacant,1240.0,gazipur,"৳4,960,000","Joydebpur, Gazipur Sadar Upazila",4960000.0
